id,title,address,city,views,age,ageYears,titleStyle,url
"6SAK7HP8qTw","Newly remodeled home next to large park at 1039 Lambdin St Manteca CA.","1039 Lambdin St","Manteca","6","6 days ago","0.02","remark + address","https://www.youtube.com/watch?v=6SAK7HP8qTw"
"jR4HK826-EA","Inviting remodeled home with new quartz kitchen counters, new paint at 94 Elysian Ct Tracy CA.","94 Elysian Ct","Tracy","4","6 days ago","0.02","remark + address","https://www.youtube.com/watch?v=jR4HK826-EA"
"zjsAQsFIsc0","Sharp home with updated kitchen, artificial grass frontyard at 1073 Derby Ct Manteca CA.","1073 Derby Ct","Manteca","1","6 days ago","0.02","remark + address","https://www.youtube.com/watch?v=zjsAQsFIsc0"
"L_L42vvdoY0","Dynamite 1-story with new LVP flooring, freshly paint at 2086 Shenandoah St Tracy CA.","2086 Shenandoah St","Tracy","4","6 days ago","0.02","remark + address","https://www.youtube.com/watch?v=L_L42vvdoY0"
"mRxKizRiYA8","Wonderfully remodeled 5 bedroom, 3-car garage home at 4806 Moraga Ln Stockton CA.","4806 Moraga Ln","Stockton","6","6 days ago","0.02","remark + address","https://www.youtube.com/watch?v=mRxKizRiYA8"
"PQaeYP7xopw","Huge shop on a corner lot with beautiful home at 2505 Chrysler Ave Manteca CA.","2505 Chrysler Ave","Manteca","3","6 days ago","0.02","remark + address","https://www.youtube.com/watch?v=PQaeYP7xopw"
"JLK68aEekjY","Gorgeous home with rock waterfall, & wood bridge at 14546 Arapaho Way Manteca CA.","14546 Arapaho Way","Manteca","2","6 days ago","0.02","remark + address","https://www.youtube.com/watch?v=JLK68aEekjY"
"ywQxiRR7HyA","Like new River Islands home in court location at 1652 Andromeda Ct Lathrop CA.","1652 Andromeda Ct","River Islands","0","6 days ago","0.02","remark + address","https://www.youtube.com/watch?v=ywQxiRR7HyA"
"al_suxz8di8","Beautiful country home with gated entry, pool and marble flooring at 33909 S Koster Rd Tracy CA.","33909 S Koster Rd","Tracy","24","3 weeks ago","0.06","remark + address","https://www.youtube.com/watch?v=al_suxz8di8"
"uHCS0BxhCOo","Stunning lakefront home with private dock, paid solar and max upgrades 2236 Clear Lake Ct Tracy CA.","2236 Clear Lake Ct","Tracy","13","3 weeks ago","0.06","other","https://www.youtube.com/watch?v=uHCS0BxhCOo"
"G3Lbg3zof7A","Wonderful home has new white quartz counters, new paint and flooring at 1915 Maplegrove Ln Tracy CA.","1915 Maplegrove Ln","Tracy","9","3 weeks ago","0.06","remark + address","https://www.youtube.com/watch?v=G3Lbg3zof7A"
"E1fdS5BGgt0","Exceptional Union Ranch home with RV access, new paint and shutters at 1018 Glen Abbey Dr Manteca CA","1018 Glen Abbey Dr","Manteca","7","3 weeks ago","0.06","remark + address","https://www.youtube.com/watch?v=E1fdS5BGgt0"
"guUlvNH_4AE","Beautiful pool, new windows and new paint at 2000 Ashland Dr Tracy CA.","2000 Ashland Dr","Tracy","5","3 weeks ago","0.06","remark + address","https://www.youtube.com/watch?v=guUlvNH_4AE"
"xCK3MEQv5qY","Beautiful 4 BR home with pool, spa, plantation shutters & large lot at 351 Citrus Way Tracy CA.","351 Citrus Way","Tracy","22","1 month ago","0.08","remark + address","https://www.youtube.com/watch?v=xCK3MEQv5qY"
"MYBUkNzegsI","Slab granite counters, appliances and crown molding at 493 Lafayette Ct Mountain House CA.","493 Lafayette Ct","Mountain House","23","1 month ago","0.08","remark + address","https://www.youtube.com/watch?v=MYBUkNzegsI"
"sPDNedDYEU0","Wonderful 3,100 sf home with 3-car, 4 BR +1369 loft at 1369 Buckskin Way Patterson CA.","1369 loft at 1369 Buckskin Way","Patterson","15","1 month ago","0.08","remark + address","https://www.youtube.com/watch?v=sPDNedDYEU0"
"m1JklBGzDSI","Exceptional 4 BR home in gated Oakwood Shores at 3482 Rapallo Way Manteca CA.","3482 Rapallo Way","Manteca","10","1 month ago","0.08","remark + address","https://www.youtube.com/watch?v=m1JklBGzDSI"
"Gz8GR1TU8eU","Rare 1-story, 4 BR, 3-car in a court location at 330 Fox Meadow Ct Tracy CA.","330 Fox Meadow Ct","Tracy","18","1 month ago","0.08","remark + address","https://www.youtube.com/watch?v=Gz8GR1TU8eU"
"ADXPmdvfPOc","Beautifullu remodeled 5 BR home in court location at 1321 Haley Ct Tracy CA.","1321 Haley Ct","Tracy","25","1 month ago","0.08","remark + address","https://www.youtube.com/watch?v=ADXPmdvfPOc"
"VVIPl0cSj9Q","Newer Bosch appliances and stone kitchen counters at 1577 Parkside Ct Tracy CA.","1577 Parkside Ct","Tracy","13","1 month ago","0.08","remark + address","https://www.youtube.com/watch?v=VVIPl0cSj9Q"
"tnWVGA6fqkM","Remodeled kitchen, inground pool and top school district at 976 Sunnyside Ln Tracy CA.","976 Sunnyside Ln","Tracy","13","1 month ago","0.08","remark + address","https://www.youtube.com/watch?v=tnWVGA6fqkM"
"Tk6S1hxopRM","Beautiful Forecast 5 BR home at 2050 Tracey Jean Dr Tracy CA.","2050 Tracey Jean Dr","Tracy","12","1 month ago","0.08","remark + address","https://www.youtube.com/watch?v=Tk6S1hxopRM"
"TokY7YUaOvM","New quartz kitchen counters, new interior paint, new carpet at 111 E 21st St Tracy CA.","111 E 21st St","Tracy","6","1 month ago","0.08","remark + address","https://www.youtube.com/watch?v=TokY7YUaOvM"
"C7W5me4W9fg","Desirable & remodeled home at 2866 Valcourt Way Tracy CA.","2866 Valcourt Way","Tracy","8","1 month ago","0.08","remark + address","https://www.youtube.com/watch?v=C7W5me4W9fg"
"0fZgF9RP98g","Beautiful home with a pool, over quarter acre lot, outdoor kitchen at 2459 Anita Ct Tracy CA.","2459 Anita Ct","Tracy","6","1 month ago","0.08","remark + address","https://www.youtube.com/watch?v=0fZgF9RP98g"
"giODPBTi2eI","Stunning Forecast 4 BR remodeled home at 2109 Ashley Ln Tracy CA.","2109 Ashley Ln","Tracy","16","2 months ago","0.17","remark + address","https://www.youtube.com/watch?v=giODPBTi2eI"
"Dg-_BLcyDLc","Dynamite remodeled 4 bedroom home at 1821 Wall St Tracy CA.","1821 Wall St","Tracy","11","2 months ago","0.17","remark + address","https://www.youtube.com/watch?v=Dg-_BLcyDLc"
"P6UV3HTF9pg","Completely remodeled & like-new 4 bedroom home at 791 Chestnut Ave Tracy CA.","791 Chestnut Ave","Tracy","18","2 months ago","0.17","remark + address","https://www.youtube.com/watch?v=P6UV3HTF9pg"
"KgCQ_IJoyQU","Remodeled kitchen & large pie-shaped backyard in Regency Square at 1555 Monterey Ct Tracy CA.","1555 Monterey Ct","Tracy","4","2 months ago","0.17","remark + address","https://www.youtube.com/watch?v=KgCQ_IJoyQU"
"5Ct6u6QK1Lw","New LVP flooring & plantation shutters in Del Webb Woodbridge at 2507 Bellchase Dr Manteca CA.","2507 Bellchase Dr","Manteca","9","2 months ago","0.17","remark + address","https://www.youtube.com/watch?v=5Ct6u6QK1Lw"
"hEtf_SEFdnc","Backyard water feature in Del Webb Woodbridge neighborhood at 2634 Steeple Run Ln Manteca CA.","2634 Steeple Run Ln","Manteca","14","2 months ago","0.17","remark + address","https://www.youtube.com/watch?v=hEtf_SEFdnc"
"KBSSENEjQcc","Country home on 1.49 acres with pool at 27701 Fairoaks Rd Tracy CA.","27701 Fairoaks Rd","Tracy","86","2 months ago","0.17","remark + address","https://www.youtube.com/watch?v=KBSSENEjQcc"
"cghz-xXTfDw","Over 1/3 acre corner lot in cul-de-sac with 3,700 sf home at 2408 Victor Ct Tracy CA.","700 sf home at 2408 Victor Ct","Tracy","26","2 months ago","0.17","remark + address","https://www.youtube.com/watch?v=cghz-xXTfDw"
"mFX933YMFzI","Rare 4 BR 1-story home on corner lot at 436 Chase St Mountain House CA","436 Chase St","Mountain House","16","2 months ago","0.17","remark + address","https://www.youtube.com/watch?v=mFX933YMFzI"
"i3T_LvQ2OyI","Model-like home with 4 BR's below $600k at 688 Chestnut Ave Tracy CA.","688 Chestnut Ave","Tracy","39","3 months ago","0.25","remark + address","https://www.youtube.com/watch?v=i3T_LvQ2OyI"
"12DDuU1PU3Y","Active adult home in Manteca CA's Del Webb Woodbridge at 2442 Pepper Tree Ln","2442 Pepper Tree Ln","Manteca","59","3 months ago","0.25","remark + address","https://www.youtube.com/watch?v=12DDuU1PU3Y"
"ybRnBUtlTbU","Rare Tracy CA newer and large 1-story home in Hidden Lake at 1172 David Senft Ln","1172 David Senft Ln","Tracy","113","3 months ago","0.25","remark + address","https://www.youtube.com/watch?v=ybRnBUtlTbU"
"mg7jXLcGBGM","Desirable Glenbrook neighborhood in a cul-de-sac at 2868 Joleo Ct Tracy CA","2868 Joleo Ct","Tracy","32","3 months ago","0.25","remark + address","https://www.youtube.com/watch?v=mg7jXLcGBGM"
"-Gua0px5eCw","Charming and remodeled home at 244 Laurelwood Cir Manteca CA","244 Laurelwood Cir","Manteca","19","3 months ago","0.25","remark + address","https://www.youtube.com/watch?v=-Gua0px5eCw"
"4l6Q0b0o9-g","Country home on 2 acres at 8540 Bates Ct in Tracy CA","8540 Bates Ct","Tracy","57","4 months ago","0.33","remark + address","https://www.youtube.com/watch?v=4l6Q0b0o9-g"
"dmyhGqqUhp4","6 bedroom home for sale at 53 Argillite Ave Lathrop CA","53 Argillite Ave","Lathrop","20","4 months ago","0.33","address-only","https://www.youtube.com/watch?v=dmyhGqqUhp4"
"ToFdEQIajKk","Half acre lot with shop at 940 Constitution Way Tracy CA","940 Constitution Way","Tracy","43","4 months ago","0.33","remark + address","https://www.youtube.com/watch?v=ToFdEQIajKk"
"KcpMBPA5LFw","Del Webb Woodbridge home at 1644 Remington Oaks St in Manteca CA","1644 Remington Oaks St","Manteca","28","4 months ago","0.33","remark + address","https://www.youtube.com/watch?v=KcpMBPA5LFw"
"emRav3MffPA","Tracy CA updated home in a court at 1410 McDermott Ct","1410 McDermott Ct","Tracy","11","4 months ago","0.33","remark + address","https://www.youtube.com/watch?v=emRav3MffPA"
"J9moFvRLXO8","Many upgrades in this Tracy CA home at 329 Redwood Ave","329 Redwood Ave","Tracy","18","4 months ago","0.33","remark + address","https://www.youtube.com/watch?v=J9moFvRLXO8"
"mKMttlnhN90","For sale 4 bedroom home with loft at 1827 Groveview Way Tracy CA","1827 Groveview Way","Tracy","39","4 months ago","0.33","remark + address","https://www.youtube.com/watch?v=mKMttlnhN90"
"-1IlM4_1edE","Charming Tracy CA home with many updates at 1841 S Willow Creek Dr","1841 S Willow Creek Dr","Tracy","11","5 months ago","0.42","remark + address","https://www.youtube.com/watch?v=-1IlM4_1edE"
"V2qxx4AW0-8","Model like home in Manteca CA at 292 Postma St","292 Postma St","Manteca","4","5 months ago","0.42","remark + address","https://www.youtube.com/watch?v=V2qxx4AW0-8"
"vdg93I0HidE","Dynamite River Islands home in Lathrop CA at 18481 Keswick Dr","18481 Keswick Dr","River Islands","20","5 months ago","0.42","remark + address","https://www.youtube.com/watch?v=vdg93I0HidE"
"-9X0S6DU7AQ","Like-new Tracy CA home at 2413 Augusta Ave","2413 Augusta Ave","Tracy","14","5 months ago","0.42","remark + address","https://www.youtube.com/watch?v=-9X0S6DU7AQ"
"MjvtFx4aIjY","Sparking pool and 3-car garage Tracy CA home at 1540 Meadow Lark Ln","1540 Meadow Lark Ln","Tracy","34","5 months ago","0.42","remark + address","https://www.youtube.com/watch?v=MjvtFx4aIjY"
"_SX6c9jf39Q","427 Golf Cir West Manteca CA","427 Golf Cir","Manteca","16","5 months ago","0.42","address-only","https://www.youtube.com/watch?v=_SX6c9jf39Q"
"3WIch1cGTF4","2720 Maple Grove Ave Manteca CA","2720 Maple Grove Ave","Manteca","13","6 months ago","0.5","address-only","https://www.youtube.com/watch?v=3WIch1cGTF4"
"ZbzkOd7sKnI","2498 Pepper Tree Ln Manteca CA","2498 Pepper Tree Ln","Manteca","22","6 months ago","0.5","address-only","https://www.youtube.com/watch?v=ZbzkOd7sKnI"
"FUh0AwmV0sA","16152 Adobe Way Lathrop CA","16152 Adobe Way","Lathrop","14","6 months ago","0.5","address-only","https://www.youtube.com/watch?v=FUh0AwmV0sA"
"KfWF_316zps","1533 Vinewood Way Tracy CA","1533 Vinewood Way","Tracy","10","6 months ago","0.5","address-only","https://www.youtube.com/watch?v=KfWF_316zps"
"7QInTU_-3rI","1324 Chestnut Hill Dr Manteca CA","1324 Chestnut Hill Dr","Manteca","23","6 months ago","0.5","address-only","https://www.youtube.com/watch?v=7QInTU_-3rI"
"ORvxBIFjkKQ","292 W St Francis Ave Mountain House CA","292 W St Francis Ave","Mountain House","16","6 months ago","0.5","address-only","https://www.youtube.com/watch?v=ORvxBIFjkKQ"
"Hw-0uyX5oxo","579 Laki Pl Manteca CA","579 Laki Pl","Manteca","22","6 months ago","0.5","address-only","https://www.youtube.com/watch?v=Hw-0uyX5oxo"
"VgImG-WEfhI","2305 Augusta Ave Tracy CA","2305 Augusta Ave","Tracy","11","7 months ago","0.58","address-only","https://www.youtube.com/watch?v=VgImG-WEfhI"
"L3qfCNgIpSI","319 W 12 th St Tracy CA","319 W 12 th St","Tracy","17","7 months ago","0.58","address-only","https://www.youtube.com/watch?v=L3qfCNgIpSI"
"Sz-rCIR4yPA","839 Williams St Tracy CA","839 Williams St","Tracy","21","7 months ago","0.58","address-only","https://www.youtube.com/watch?v=Sz-rCIR4yPA"
"9uwV2BWYn44","1050 Belmont Ln Tracy CA","1050 Belmont Ln","Tracy","16","7 months ago","0.58","address-only","https://www.youtube.com/watch?v=9uwV2BWYn44"
"_OuXZemAI7s","1644 Remington Oaks St Manteca CA","1644 Remington Oaks St","Manteca","8","7 months ago","0.58","address-only","https://www.youtube.com/watch?v=_OuXZemAI7s"
"dAs8_Uhe5qQ","18383 Dalton Ct Lathrop CA","18383 Dalton Ct","Lathrop","14","7 months ago","0.58","address-only","https://www.youtube.com/watch?v=dAs8_Uhe5qQ"
"y_a5jVE-710","1393 Cobblecreek St Manteca CA","1393 Cobblecreek St","Manteca","11","8 months ago","0.67","address-only","https://www.youtube.com/watch?v=y_a5jVE-710"
"7KhLJv8po98","2494 Redbud Way Manteca CA","2494 Redbud Way","Manteca","19","8 months ago","0.67","address-only","https://www.youtube.com/watch?v=7KhLJv8po98"
"hbrLgAFJnvY","34 James Ct Tracy CA","34 James Ct","Tracy","83","9 months ago","0.75","address-only","https://www.youtube.com/watch?v=hbrLgAFJnvY"
"NCSdVGL7kIU","23344 Tsirelas Dr Tracy CA","23344 Tsirelas Dr","Tracy","23","9 months ago","0.75","address-only","https://www.youtube.com/watch?v=NCSdVGL7kIU"
"k2rcS6_mDAI","1680 Southbrook St Tracy CA","1680 Southbrook St","Tracy","46","9 months ago","0.75","address-only","https://www.youtube.com/watch?v=k2rcS6_mDAI"
"k0koiSGKKWc","320 Accipiter Ct Tracy CA","320 Accipiter Ct","Tracy","14","9 months ago","0.75","address-only","https://www.youtube.com/watch?v=k0koiSGKKWc"
"67SipxU8N2w","34 Pereira Ave Tracy CA","34 Pereira Ave","Tracy","26","9 months ago","0.75","address-only","https://www.youtube.com/watch?v=67SipxU8N2w"
"V5464Jykr0w","2421 Shady Oak Pl Manteca CA","2421 Shady Oak Pl","Manteca","19","10 months ago","0.83","address-only","https://www.youtube.com/watch?v=V5464Jykr0w"
"fQn20hlCCCo","2333 Jigsaw Ave Manteca CA","2333 Jigsaw Ave","Manteca","10","10 months ago","0.83","address-only","https://www.youtube.com/watch?v=fQn20hlCCCo"
"5ceYb_Cw-6A","747 Iberis Way Tracy CA","747 Iberis Way","Tracy","4","10 months ago","0.83","address-only","https://www.youtube.com/watch?v=5ceYb_Cw-6A"
"9P_fjdY3ehc","261 Butte Way Tracy CA","261 Butte Way","Tracy","25","11 months ago","0.92","address-only","https://www.youtube.com/watch?v=9P_fjdY3ehc"
"eWGNg1w5rPI","2592 Shadow Berry Dr Manteca CA","2592 Shadow Berry Dr","Manteca","23","11 months ago","0.92","address-only","https://www.youtube.com/watch?v=eWGNg1w5rPI"
"gFscmH5uwcQ","17377 Pheasant Downs Rd Lathrop CA","17377 Pheasant Downs Rd","Lathrop","12","11 months ago","0.92","address-only","https://www.youtube.com/watch?v=gFscmH5uwcQ"
"l_28iHKvLcs","1835 Foxtail Way Tracy CA","1835 Foxtail Way","Tracy","10","11 months ago","0.92","address-only","https://www.youtube.com/watch?v=l_28iHKvLcs"
"xAQA2KUba04","485 Cape Breton Ln Tracy CA","485 Cape Breton Ln","Tracy","5","11 months ago","0.92","address-only","https://www.youtube.com/watch?v=xAQA2KUba04"
"DDG4GBdIM88","1273 Cochran Dr Tracy CA","1273 Cochran Dr","Tracy","14","11 months ago","0.92","address-only","https://www.youtube.com/watch?v=DDG4GBdIM88"
"yfSLcZTntRQ","2512 Chimney Point Way Manteca CA","2512 Chimney Point Way","Manteca","17","1 year ago","1","address-only","https://www.youtube.com/watch?v=yfSLcZTntRQ"
"2thcvdqa5R0","1625 Jasmine Ct Tracy CA","1625 Jasmine Ct","Tracy","24","1 year ago","1","address-only","https://www.youtube.com/watch?v=2thcvdqa5R0"
"QWWU5Ji0iy0","1011 Kennedy Pl Tracy CA","1011 Kennedy Pl","Tracy","22","1 year ago","1","address-only","https://www.youtube.com/watch?v=QWWU5Ji0iy0"
"Jgg_MVXqkAs","195 Cedar Mountain Dr Tracy CA","195 Cedar Mountain Dr","Tracy","28","1 year ago","1","address-only","https://www.youtube.com/watch?v=Jgg_MVXqkAs"
"iOFRH3HC3aU","1341 Appalosa Ct Tracy CA","1341 Appalosa Ct","Tracy","14","1 year ago","1","address-only","https://www.youtube.com/watch?v=iOFRH3HC3aU"
"1Rh6qwf3T58","1228 Venice Way Manteca CA","1228 Venice Way","Manteca","30","1 year ago","1","address-only","https://www.youtube.com/watch?v=1Rh6qwf3T58"
"5fFpCqfCcSg","322 Kelley Mist Ct Tracy CA","322 Kelley Mist Ct","Tracy","41","1 year ago","1","address-only","https://www.youtube.com/watch?v=5fFpCqfCcSg"
"VXFNIQhvNmo","4673 Morning Brook Ln Tracy CA","4673 Morning Brook Ln","Tracy","15","1 year ago","1","address-only","https://www.youtube.com/watch?v=VXFNIQhvNmo"
"1HhNqkW18II","1490 Riva Trigoso Dr Manteca CA","1490 Riva Trigoso Dr","Manteca","41","1 year ago","1","address-only","https://www.youtube.com/watch?v=1HhNqkW18II"
"N_JWAm5f1XE","1451 Harvest Ln Tracy CA","1451 Harvest Ln","Tracy","17","1 year ago","1","address-only","https://www.youtube.com/watch?v=N_JWAm5f1XE"
"JwnUr8oqFs8","1580 Andrew St Tracy CA","1580 Andrew St","Tracy","11","1 year ago","1","address-only","https://www.youtube.com/watch?v=JwnUr8oqFs8"
"f7-knJ59ccw","728 Bobcat Ln Manteca CA","728 Bobcat Ln","Manteca","26","1 year ago","1","address-only","https://www.youtube.com/watch?v=f7-knJ59ccw"
"-JWdf7lWRLU","2443 Belle Glade Ln Manteca CA","2443 Belle Glade Ln","Manteca","57","1 year ago","1","address-only","https://www.youtube.com/watch?v=-JWdf7lWRLU"
"klUeJXyChS0","1846 Bankston Dr Tracy CA","1846 Bankston Dr","Tracy","16","1 year ago","1","address-only","https://www.youtube.com/watch?v=klUeJXyChS0"
"M0c1c-u605o","1120 Cherry Blossom Ln Tracy CA","1120 Cherry Blossom Ln","Tracy","12","1 year ago","1","address-only","https://www.youtube.com/watch?v=M0c1c-u605o"
"R_m6YvoOLKc","1377 Cobblecreek St Manteca CA","1377 Cobblecreek St","Manteca","16","1 year ago","1","address-only","https://www.youtube.com/watch?v=R_m6YvoOLKc"
"dU00kV4_BCI","662 W Gravino Dr Mountain House CA","662 W Gravino Dr","Mountain House","5","1 year ago","1","address-only","https://www.youtube.com/watch?v=dU00kV4_BCI"
"cYlRUez3tfM","741 Greenford Ct Tracy CA","741 Greenford Ct","Tracy","25","1 year ago","1","address-only","https://www.youtube.com/watch?v=cYlRUez3tfM"
"FnPWyZ4OKfI","6707 Verbena St Tracy CA","6707 Verbena St","Tracy","19","1 year ago","1","address-only","https://www.youtube.com/watch?v=FnPWyZ4OKfI"
"eVYObmVgO1o","2333 Gretchen Elizabeth Ct Tracy CA","2333 Gretchen Elizabeth Ct","Tracy","11","1 year ago","1","address-only","https://www.youtube.com/watch?v=eVYObmVgO1o"
"kJx2BbrMQX8","2283 Holtspur Ct Tracy CA","2283 Holtspur Ct","Tracy","22","1 year ago","1","address-only","https://www.youtube.com/watch?v=kJx2BbrMQX8"
"XY7KqoyLwbs","2004 London Ave Promo","2004 London Ave","Unknown","27","1 year ago","1","address-only","https://www.youtube.com/watch?v=XY7KqoyLwbs"
"RmkFDSxp8no","1794 Woodland Ln Tracy CA","1794 Woodland Ln","Tracy","31","1 year ago","1","address-only","https://www.youtube.com/watch?v=RmkFDSxp8no"
"_KhaivI0K2c","1301 Rusher St Tracy CA","1301 Rusher St","Tracy","13","1 year ago","1","address-only","https://www.youtube.com/watch?v=_KhaivI0K2c"
"bDQLrzwDB5w","677 Harold Smith Dr Tracy CA","677 Harold Smith Dr","Tracy","22","1 year ago","1","address-only","https://www.youtube.com/watch?v=bDQLrzwDB5w"
"HtWjoy1on3M","1583 Roger Dr Tracy CA","1583 Roger Dr","Tracy","24","1 year ago","1","address-only","https://www.youtube.com/watch?v=HtWjoy1on3M"
"XiNwev9IjQM","4687 Glenbrook Dr Tracy CA","4687 Glenbrook Dr","Tracy","77","1 year ago","1","address-only","https://www.youtube.com/watch?v=XiNwev9IjQM"
"oT8AmOV-QDY","240 N Ventura St Mountain House CA","240 N Ventura St","Mountain House","12","1 year ago","1","address-only","https://www.youtube.com/watch?v=oT8AmOV-QDY"
"rvk12u8btiE","2219 Carol Ann Dr Tracy CA","2219 Carol Ann Dr","Tracy","29","1 year ago","1","address-only","https://www.youtube.com/watch?v=rvk12u8btiE"
"JVGzWNAxV1E","548 Dale's Pony Dr Oakdale CA","548 Dale's Pony Dr","Oakdale","19","1 year ago","1","address-only","https://www.youtube.com/watch?v=JVGzWNAxV1E"
"JXqRB12g3SM","521 McDowell Way Tracy CA","521 McDowell Way","Tracy","28","1 year ago","1","address-only","https://www.youtube.com/watch?v=JXqRB12g3SM"
"X8AAy1jXuYw","1255 Lonna Way Tracy CA","1255 Lonna Way","Tracy","19","1 year ago","1","address-only","https://www.youtube.com/watch?v=X8AAy1jXuYw"
"gt3m0c-JxTk","1392 Mill Run Ct Manteca CA","1392 Mill Run Ct","Manteca","16","1 year ago","1","address-only","https://www.youtube.com/watch?v=gt3m0c-JxTk"
"CeBSz7J7pls","14535 Arapaho Way Manteca CA","14535 Arapaho Way","Manteca","14","1 year ago","1","address-only","https://www.youtube.com/watch?v=CeBSz7J7pls"
"vYYiDfGGYbc","1340 Renown Dr Tracy CA","1340 Renown Dr","Tracy","27","1 year ago","1","address-only","https://www.youtube.com/watch?v=vYYiDfGGYbc"
"oGWMWeBJxuc","2387 Rose Briar Pl Manteca CA","2387 Rose Briar Pl","Manteca","21","1 year ago","1","address-only","https://www.youtube.com/watch?v=oGWMWeBJxuc"
"nyXk_-mOwF0","1760 Thicket Ct Tracy CA","1760 Thicket Ct","Tracy","42","1 year ago","1","address-only","https://www.youtube.com/watch?v=nyXk_-mOwF0"
"iJ2YPVp5tc8","2124 Sanctuary Way Manteca CA","2124 Sanctuary Way","Manteca","17","1 year ago","1","address-only","https://www.youtube.com/watch?v=iJ2YPVp5tc8"
"eEEvtl8b3IY","2953 Campbell Ln Tracy CA","2953 Campbell Ln","Tracy","46","1 year ago","1","address-only","https://www.youtube.com/watch?v=eEEvtl8b3IY"
"Jifyw-qkSa0","2170 Bentley Ln Promo","2170 Bentley Ln","Unknown","9","1 year ago","1","address-only","https://www.youtube.com/watch?v=Jifyw-qkSa0"
"jQOP4QGtCT0","2536 Mia Way Tracy CA","2536 Mia Way","Tracy","19","1 year ago","1","address-only","https://www.youtube.com/watch?v=jQOP4QGtCT0"
"uWZWzjSxybU","1493 Ray Harvey Dr Tracy CA","1493 Ray Harvey Dr","Tracy","51","1 year ago","1","address-only","https://www.youtube.com/watch?v=uWZWzjSxybU"
"bcoF6ArRDWk","1260 Brighton Dr Tracy CA","1260 Brighton Dr","Tracy","13","1 year ago","1","address-only","https://www.youtube.com/watch?v=bcoF6ArRDWk"
"BKnmiXnD9kA","1324 Chestnut Hill Dr Manteca CA","1324 Chestnut Hill Dr","Manteca","17","1 year ago","1","address-only","https://www.youtube.com/watch?v=BKnmiXnD9kA"
"IhjqLcRZpek","1359 Chestnut Hill Dr Manteca CA","1359 Chestnut Hill Dr","Manteca","22","1 year ago","1","address-only","https://www.youtube.com/watch?v=IhjqLcRZpek"
"GNydhAjEt-w","1477 Gentry Ln Tracy CA","1477 Gentry Ln","Tracy","16","1 year ago","1","address-only","https://www.youtube.com/watch?v=GNydhAjEt-w"
"5uPOLoR7dNk","350 Pepperwood Ct Tracy CA","350 Pepperwood Ct","Tracy","53","1 year ago","1","address-only","https://www.youtube.com/watch?v=5uPOLoR7dNk"
"oT3WQEOMLv8","1461 Higton St Manteca CA","1461 Higton St","Manteca","43","1 year ago","1","address-only","https://www.youtube.com/watch?v=oT3WQEOMLv8"
"QyXrK4sMxTU","2767 Damask Ct Manteca CA","2767 Damask Ct","Manteca","13","1 year ago","1","address-only","https://www.youtube.com/watch?v=QyXrK4sMxTU"
"BlLaURp7OD4","2253 Holtspur Ct Tracy CA","2253 Holtspur Ct","Tracy","14","1 year ago","1","address-only","https://www.youtube.com/watch?v=BlLaURp7OD4"
"uvI-23MuyxU","2417 River Berry Dr Manteca CA","2417 River Berry Dr","Manteca","29","1 year ago","1","address-only","https://www.youtube.com/watch?v=uvI-23MuyxU"
"iZ5ljaidGEo","29511 S Chrisman Rd Tracy CA","29511 S Chrisman Rd","Tracy","116","1 year ago","1","address-only","https://www.youtube.com/watch?v=iZ5ljaidGEo"
"lc8qbZCGmLk","1164 Silver Brook Pl Manteca CA","1164 Silver Brook Pl","Manteca","14","1 year ago","1","address-only","https://www.youtube.com/watch?v=lc8qbZCGmLk"
"fRNthFOM2WA","1366 Mansfield St Tracy CA","1366 Mansfield St","Tracy","40","1 year ago","1","address-only","https://www.youtube.com/watch?v=fRNthFOM2WA"
"HZx3y5qcK6s","3939 Bastille Ct Tracy CA","3939 Bastille Ct","Tracy","31","1 year ago","1","address-only","https://www.youtube.com/watch?v=HZx3y5qcK6s"
"nzdP4Mzo2cQ","2590 Gerald Ct Tracy CA","2590 Gerald Ct","Tracy","43","1 year ago","1","address-only","https://www.youtube.com/watch?v=nzdP4Mzo2cQ"
"XAVZV-Jin-4","130 East 21st St Tracy CA","130 East 21st St","Tracy","22","1 year ago","1","address-only","https://www.youtube.com/watch?v=XAVZV-Jin-4"
"OIEIBjs-dVY","929 Heartland Dr Manteca CA","929 Heartland Dr","Manteca","36","1 year ago","1","address-only","https://www.youtube.com/watch?v=OIEIBjs-dVY"
"0uEvWdbALjU","2121 Eicher Ave Modesto CA","2121 Eicher Ave","Modesto","17","1 year ago","1","address-only","https://www.youtube.com/watch?v=0uEvWdbALjU"
"1WVkonqV2eY","2327 Pepper Tree Ln Manteca CA","2327 Pepper Tree Ln","Manteca","72","1 year ago","1","address-only","https://www.youtube.com/watch?v=1WVkonqV2eY"
"fxUEp60FufI","1065 Thornton Ln Tracy CA","1065 Thornton Ln","Tracy","11","1 year ago","1","address-only","https://www.youtube.com/watch?v=fxUEp60FufI"
"dVdPoTw-mvs","16565 Arbuckle Ave Lathrop CA","16565 Arbuckle Ave","Lathrop","45","1 year ago","1","address-only","https://www.youtube.com/watch?v=dVdPoTw-mvs"
"8JhRd-Fem3M","2777 Marshall Way Tracy CA","2777 Marshall Way","Tracy","27","1 year ago","1","address-only","https://www.youtube.com/watch?v=8JhRd-Fem3M"
"KwxYbdmh65o","1682 Star Tulip St Manteca CA","1682 Star Tulip St","Manteca","159","1 year ago","1","address-only","https://www.youtube.com/watch?v=KwxYbdmh65o"
"BzGZ95a14Z4","1985 Zoe Ln Manteca CA","1985 Zoe Ln","Manteca","69","1 year ago","1","address-only","https://www.youtube.com/watch?v=BzGZ95a14Z4"
"a6cg73qemew","2784 Redbridge Rd Tracy CA","2784 Redbridge Rd","Tracy","41","1 year ago","1","address-only","https://www.youtube.com/watch?v=a6cg73qemew"
"JMMVCIwvSEo","2733 Maple Grove Ave Manteca CA","2733 Maple Grove Ave","Manteca","29","1 year ago","1","address-only","https://www.youtube.com/watch?v=JMMVCIwvSEo"
"efsi-VFQlMk","420 Cecelio Way Tracy CA","420 Cecelio Way","Tracy","36","1 year ago","1","address-only","https://www.youtube.com/watch?v=efsi-VFQlMk"
"LJvxlsK3_zE","8813 Velma Ln Tracy CA","8813 Velma Ln","Tracy","91","1 year ago","1","address-only","https://www.youtube.com/watch?v=LJvxlsK3_zE"
"uM44d5XSgjY","1924 Rochester St Tracy CA","1924 Rochester St","Tracy","41","1 year ago","1","address-only","https://www.youtube.com/watch?v=uM44d5XSgjY"
"FFBDcgE0p0k","1888 Bayonne Ct Tracy CA","1888 Bayonne Ct","Tracy","43","1 year ago","1","address-only","https://www.youtube.com/watch?v=FFBDcgE0p0k"
"QdAZn0TcfCs","322 E 21st St Tracy CA","322 E 21st St","Tracy","48","1 year ago","1","address-only","https://www.youtube.com/watch?v=QdAZn0TcfCs"
"bYwfjB_nlSw","169 Nautilaus Dr Manteca CA","169 Nautilaus Dr","Manteca","14","1 year ago","1","address-only","https://www.youtube.com/watch?v=bYwfjB_nlSw"
"LfOXkaq_6lo","1981 Lugano Way Promo","1981 Lugano Way","Unknown","60","1 year ago","1","address-only","https://www.youtube.com/watch?v=LfOXkaq_6lo"
"P6TAQdw68-s","211 W Whittier Ave Tracy CA","211 W Whittier Ave","Tracy","49","1 year ago","1","address-only","https://www.youtube.com/watch?v=P6TAQdw68-s"
"vVU7RZdEGkA","2088 McAlister Ln Tracy CA","2088 McAlister Ln","Tracy","13","1 year ago","1","address-only","https://www.youtube.com/watch?v=vVU7RZdEGkA"
"xRo_cpO6szw","1441 Madison Ave Tracy CA","1441 Madison Ave","Tracy","43","1 year ago","1","address-only","https://www.youtube.com/watch?v=xRo_cpO6szw"
"zmjIUfg-hXc","1106 Crescent Ave Manteca CA","1106 Crescent Ave","Manteca","35","1 year ago","1","address-only","https://www.youtube.com/watch?v=zmjIUfg-hXc"
"7o6aEIYxLlk","1816 Pelican Ct Tracy CA","1816 Pelican Ct","Tracy","42","1 year ago","1","address-only","https://www.youtube.com/watch?v=7o6aEIYxLlk"
"qwjomQECCrM","1015 Gladiola Ln Manteca CA","1015 Gladiola Ln","Manteca","37","1 year ago","1","address-only","https://www.youtube.com/watch?v=qwjomQECCrM"
"1yj2ydJ1AwM","13411 Pipestone St Lathrop CA","13411 Pipestone St","Lathrop","43","1 year ago","1","address-only","https://www.youtube.com/watch?v=1yj2ydJ1AwM"
"L3a0e_TZ4bI","230 West 20th St Tracy CA","230 West 20th St","Tracy","15","1 year ago","1","address-only","https://www.youtube.com/watch?v=L3a0e_TZ4bI"
"s0B8sUK4ekI","1136 Mansfield Ct Tracy CA","1136 Mansfield Ct","Tracy","19","1 year ago","1","address-only","https://www.youtube.com/watch?v=s0B8sUK4ekI"
"8myrsYGdu38","687 Harold Smith Dr Tracy CA","687 Harold Smith Dr","Tracy","26","1 year ago","1","address-only","https://www.youtube.com/watch?v=8myrsYGdu38"
"Kn7K9FrD6SA","248 East Hollywood Ave Tracy CA","248 East Hollywood Ave","Tracy","50","1 year ago","1","address-only","https://www.youtube.com/watch?v=Kn7K9FrD6SA"
"7vlqvNQLyjw","1352 Whittingham Dr Tracy CA","1352 Whittingham Dr","Tracy","25","1 year ago","1","address-only","https://www.youtube.com/watch?v=7vlqvNQLyjw"
"KGgTFwRJLaA","2395 Nutwood Pl Manteca CA","2395 Nutwood Pl","Manteca","23","1 year ago","1","address-only","https://www.youtube.com/watch?v=KGgTFwRJLaA"
"w2wNRRoj-hI","1774 Dogwood Glen Way Manteca CA","1774 Dogwood Glen Way","Manteca","41","1 year ago","1","address-only","https://www.youtube.com/watch?v=w2wNRRoj-hI"
"5sONmEi7To8","1321 Heatherfield Way Tracy CA","1321 Heatherfield Way","Tracy","50","1 year ago","1","address-only","https://www.youtube.com/watch?v=5sONmEi7To8"
"u_he-dzyMSc","116 West Colima Dr Mountain House CA","116 West Colima Dr","Mountain House","55","1 year ago","1","address-only","https://www.youtube.com/watch?v=u_he-dzyMSc"
"HRkFyevUhm0","47 Windmill Ct Brentwood CA","47 Windmill Ct","Brentwood","77","1 year ago","1","address-only","https://www.youtube.com/watch?v=HRkFyevUhm0"
"Ze5mHyUBuMo","989 Roy Frerichs Ln Tracy CA","989 Roy Frerichs Ln","Tracy","59","1 year ago","1","address-only","https://www.youtube.com/watch?v=Ze5mHyUBuMo"
"fP-5bZuHs-4","2161 David Ernest Ct Tracy CA","2161 David Ernest Ct","Tracy","41","1 year ago","1","address-only","https://www.youtube.com/watch?v=fP-5bZuHs-4"
"qDUOeQ-H9Tg","2490 David Waite Dr Tracy CA","2490 David Waite Dr","Tracy","149","1 year ago","1","address-only","https://www.youtube.com/watch?v=qDUOeQ-H9Tg"
"aruG0FdfrXI","965 Golden Pond Dr Manteca CA","965 Golden Pond Dr","Manteca","70","1 year ago","1","address-only","https://www.youtube.com/watch?v=aruG0FdfrXI"
"_4_v1RPmwP4","7684 Erb Way Tracy CA","7684 Erb Way","Tracy","290","2 years ago","2","address-only","https://www.youtube.com/watch?v=_4_v1RPmwP4"
"FhevYPYvIEw","6341 Zink House Dr Tracy CA","6341 Zink House Dr","Tracy","52","2 years ago","2","address-only","https://www.youtube.com/watch?v=FhevYPYvIEw"
"zRjvf1dHqYY","614 Leah Ln Mountain House CA","614 Leah Ln","Mountain House","49","2 years ago","2","address-only","https://www.youtube.com/watch?v=zRjvf1dHqYY"
"B2o3Y1_PmBo","559 Glenbriar Cir Tracy CA","559 Glenbriar Cir","Tracy","27","2 years ago","2","address-only","https://www.youtube.com/watch?v=B2o3Y1_PmBo"
"n-FmjjbvGws","677 Sagewood Ln Tracy CA","677 Sagewood Ln","Tracy","109","2 years ago","2","address-only","https://www.youtube.com/watch?v=n-FmjjbvGws"
"jYD_d5Rg2jI","944 Shelborne Dr Tracy CA","944 Shelborne Dr","Tracy","23","2 years ago","2","address-only","https://www.youtube.com/watch?v=jYD_d5Rg2jI"
"4jEqidoa7UA","1170 Valencia Dr Tracy CA","1170 Valencia Dr","Tracy","108","2 years ago","2","address-only","https://www.youtube.com/watch?v=4jEqidoa7UA"
"Ty4pS8WD4HI","167 James W Smith Dr Tracy CA","167 James W Smith Dr","Tracy","32","2 years ago","2","address-only","https://www.youtube.com/watch?v=Ty4pS8WD4HI"
"qs-AvA14Idw","1708 Brookside Dr Manteca CA","1708 Brookside Dr","Manteca","58","2 years ago","2","address-only","https://www.youtube.com/watch?v=qs-AvA14Idw"
"U7AgemL-iaU","108 W Del Prado Ct Mountain House CA","108 W Del Prado Ct","Mountain House","134","2 years ago","2","address-only","https://www.youtube.com/watch?v=U7AgemL-iaU"
"rCZ8pVwhbt4","1156 Westbrook Pl Manteca CA","1156 Westbrook Pl","Manteca","114","2 years ago","2","address-only","https://www.youtube.com/watch?v=rCZ8pVwhbt4"
"uQqyWD2MzHY","6246 Cameo Wy Tracy CA","","Tracy","113","2 years ago","2","address-only","https://www.youtube.com/watch?v=uQqyWD2MzHY"
"avx6vvIN8p0","2203 Basque Dr Tracy CA","2203 Basque Dr","Tracy","177","2 years ago","2","address-only","https://www.youtube.com/watch?v=avx6vvIN8p0"
"UrP5_r2vQwU","2145 Foothill Ranch Dr Tracy CA","2145 Foothill Ranch Dr","Tracy","43","2 years ago","2","address-only","https://www.youtube.com/watch?v=UrP5_r2vQwU"
"V-vcWCTuBXg","1478 Arbor Brook Dr Manteca CA","1478 Arbor Brook Dr","Manteca","43","2 years ago","2","address-only","https://www.youtube.com/watch?v=V-vcWCTuBXg"
"wPC3i939VWQ","1354 Ray Harvey Dr Tracy CA","1354 Ray Harvey Dr","Tracy","33","2 years ago","2","address-only","https://www.youtube.com/watch?v=wPC3i939VWQ"
"eONxLWnumOU","1273 Montgomery Ln Tracy CA","1273 Montgomery Ln","Tracy","40","2 years ago","2","address-only","https://www.youtube.com/watch?v=eONxLWnumOU"
"dq4SjeTFzI4","1990 Box Car Dr Manteca CA","1990 Box Car Dr","Manteca","66","2 years ago","2","address-only","https://www.youtube.com/watch?v=dq4SjeTFzI4"
"5EziHYDOlY0","102 Machado Ct Tracy CA","102 Machado Ct","Tracy","60","2 years ago","2","address-only","https://www.youtube.com/watch?v=5EziHYDOlY0"
"80OFUJrWomM","2536 Peabody Ave Manteca CA","2536 Peabody Ave","Manteca","64","2 years ago","2","address-only","https://www.youtube.com/watch?v=80OFUJrWomM"
"JcWbFeEicuQ","1031 Tulloch Dr Tracy CA","1031 Tulloch Dr","Tracy","43","2 years ago","2","address-only","https://www.youtube.com/watch?v=JcWbFeEicuQ"
"lAxiC4MVCq0","1283 Holly Berry St Manteca CA","1283 Holly Berry St","Manteca","36","2 years ago","2","address-only","https://www.youtube.com/watch?v=lAxiC4MVCq0"
"TPjIqm7cjYw","16541 Arbuckle Ave Lathrop CA","16541 Arbuckle Ave","Lathrop","46","2 years ago","2","address-only","https://www.youtube.com/watch?v=TPjIqm7cjYw"
"23XrnI6WvQQ","110 S Rio Rapido Dr Mountain House CA","110 S Rio Rapido Dr","Mountain House","47","2 years ago","2","address-only","https://www.youtube.com/watch?v=23XrnI6WvQQ"
"6z708mzuBSk","1535 Maple Valley St Manteca CA","1535 Maple Valley St","Manteca","38","2 years ago","2","address-only","https://www.youtube.com/watch?v=6z708mzuBSk"
"BkfOuyAbWks","204 W Santa Cruz Way Mountain House CA","204 W Santa Cruz Way","Mountain House","27","2 years ago","2","address-only","https://www.youtube.com/watch?v=BkfOuyAbWks"
"IJuv_k2Mwqo","100 Cedar Mountain Dr Tracy CA","100 Cedar Mountain Dr","Tracy","55","2 years ago","2","address-only","https://www.youtube.com/watch?v=IJuv_k2Mwqo"
"zI62kPT054M","2278 Wellington Dr Tracy CA","2278 Wellington Dr","Tracy","22","2 years ago","2","address-only","https://www.youtube.com/watch?v=zI62kPT054M"
"MXSnD_vmF98","8563 Fairoaks Rd Tracy CA","8563 Fairoaks Rd","Tracy","156","2 years ago","2","address-only","https://www.youtube.com/watch?v=MXSnD_vmF98"
"nbftxIOGFxE","521 Oregon St Manteca CA","521 Oregon St","Manteca","18","2 years ago","2","address-only","https://www.youtube.com/watch?v=nbftxIOGFxE"
"dnb32pduyz0","303 Anthony Ave Mountain House CA","303 Anthony Ave","Mountain House","55","2 years ago","2","address-only","https://www.youtube.com/watch?v=dnb32pduyz0"
"KSnJKQMps7U","1704 Gloria Cir Tracy CA","1704 Gloria Cir","Tracy","64","2 years ago","2","address-only","https://www.youtube.com/watch?v=KSnJKQMps7U"
"WDB2EIz17zw","1635 Gloria Cir Tracy CA","1635 Gloria Cir","Tracy","18","2 years ago","2","address-only","https://www.youtube.com/watch?v=WDB2EIz17zw"
"gk_afkosN6A","3373 Pumpkin Ct Tracy CA","3373 Pumpkin Ct","Tracy","38","2 years ago","2","address-only","https://www.youtube.com/watch?v=gk_afkosN6A"
"OfXjmR0S-qs","2411 Belle Glade Ln Manteca CA","2411 Belle Glade Ln","Manteca","75","2 years ago","2","address-only","https://www.youtube.com/watch?v=OfXjmR0S-qs"
"YLuL19x43xA","900 Gina Ct Oakdale CA","900 Gina Ct","Oakdale","28","2 years ago","2","address-only","https://www.youtube.com/watch?v=YLuL19x43xA"
"saYqSYGzrt4","2510 David Waite Dr Tracy CA","2510 David Waite Dr","Tracy","41","2 years ago","2","address-only","https://www.youtube.com/watch?v=saYqSYGzrt4"
"vC0DFxE2xBE","2336 Pepper Tree Ln Manteca CA","2336 Pepper Tree Ln","Manteca","28","2 years ago","2","address-only","https://www.youtube.com/watch?v=vC0DFxE2xBE"
"WXk_5afxM6I","1211 Harding Ave Tracy CA","1211 Harding Ave","Tracy","16","2 years ago","2","address-only","https://www.youtube.com/watch?v=WXk_5afxM6I"
"Z6qqwE17vVQ","1082 Acland Way Tracy CA","1082 Acland Way","Tracy","18","2 years ago","2","address-only","https://www.youtube.com/watch?v=Z6qqwE17vVQ"
"UlqylU0vb_w","668 New Haven Dr Tracy CA","668 New Haven Dr","Tracy","33","2 years ago","2","address-only","https://www.youtube.com/watch?v=UlqylU0vb_w"
"6IqW7UZneV8","454 Derone Ln Tracy CA","454 Derone Ln","Tracy","7","2 years ago","2","address-only","https://www.youtube.com/watch?v=6IqW7UZneV8"
"Vk3siMc_9q8","4287 Windsong Dr Tracy CA","4287 Windsong Dr","Tracy","37","2 years ago","2","address-only","https://www.youtube.com/watch?v=Vk3siMc_9q8"
"YNOenfn3HIQ","1628 Sentinel Dr Tracy CA","1628 Sentinel Dr","Tracy","41","2 years ago","2","address-only","https://www.youtube.com/watch?v=YNOenfn3HIQ"
"CJ-c-2mKS7Q","1624 Union Ln Tracy CA","1624 Union Ln","Tracy","88","2 years ago","2","address-only","https://www.youtube.com/watch?v=CJ-c-2mKS7Q"
"QCH9zQgs0vQ","3221 Milton Jenson Way Tracy CA","3221 Milton Jenson Way","Tracy","59","2 years ago","2","address-only","https://www.youtube.com/watch?v=QCH9zQgs0vQ"
"w7h6m-tC8fU","931 Tennis Ln Tracy CA","931 Tennis Ln","Tracy","75","2 years ago","2","address-only","https://www.youtube.com/watch?v=w7h6m-tC8fU"
"1eFRXsqfuWk","132 Ramona Way Tracy CA","132 Ramona Way","Tracy","53","2 years ago","2","address-only","https://www.youtube.com/watch?v=1eFRXsqfuWk"
"S4ViT-DLGtY","264 Garry Oak Pl Lathrop CA","264 Garry Oak Pl","Lathrop","50","2 years ago","2","address-only","https://www.youtube.com/watch?v=S4ViT-DLGtY"
"1e1O8P1hFpk","1821 Tennis Ln Tracy CA","1821 Tennis Ln","Tracy","63","2 years ago","2","address-only","https://www.youtube.com/watch?v=1e1O8P1hFpk"
"JiW6CD77ptw","1461 Morning Glory St Manteca CA","1461 Morning Glory St","Manteca","45","2 years ago","2","address-only","https://www.youtube.com/watch?v=JiW6CD77ptw"
"xLegvteAWW0","2376 Morning Brook Dr Manteca CA","2376 Morning Brook Dr","Manteca","95","2 years ago","2","address-only","https://www.youtube.com/watch?v=xLegvteAWW0"
"IL-VTLcoBRk","712 Pasture Ave Lathrop CA","712 Pasture Ave","Lathrop","25","2 years ago","2","address-only","https://www.youtube.com/watch?v=IL-VTLcoBRk"
"31QegbVtOwU","920 Bryce Way Tracy CA","920 Bryce Way","Tracy","54","2 years ago","2","address-only","https://www.youtube.com/watch?v=31QegbVtOwU"
"NYnhhulFYBc","1378 Chestnut Hill Dr Manteca CA","1378 Chestnut Hill Dr","Manteca","58","2 years ago","2","address-only","https://www.youtube.com/watch?v=NYnhhulFYBc"
"VJ-BIxhWGWw","988 Atherton Dr Tracy CA","988 Atherton Dr","Tracy","94","2 years ago","2","address-only","https://www.youtube.com/watch?v=VJ-BIxhWGWw"
"QeIqPOyId-Q","1539 Abrew Way Manteca CA","1539 Abrew Way","Manteca","51","2 years ago","2","address-only","https://www.youtube.com/watch?v=QeIqPOyId-Q"
"mFkQPWfYSQE","2657 Diablo View Dr Manteca CA","2657 Diablo View Dr","Manteca","80","2 years ago","2","address-only","https://www.youtube.com/watch?v=mFkQPWfYSQE"
"kVJqxoYRcHk","560 Cold Springs St Lathrop CA","560 Cold Springs St","Lathrop","98","2 years ago","2","address-only","https://www.youtube.com/watch?v=kVJqxoYRcHk"
"8kZbT6lD1u0","480 Wagtail Dr Tracy CA","480 Wagtail Dr","Tracy","128","2 years ago","2","address-only","https://www.youtube.com/watch?v=8kZbT6lD1u0"
"O-zdqiXmGdk","1980 Pasado Ave Manteca CA","1980 Pasado Ave","Manteca","107","2 years ago","2","address-only","https://www.youtube.com/watch?v=O-zdqiXmGdk"
"PA4bRnmy-kc","1895 Solano Dr River Islands Lathrop CA","1895 Solano Dr","River Islands","107","2 years ago","2","address-only","https://www.youtube.com/watch?v=PA4bRnmy-kc"
"tr_u8hsmX8c","2915 Buthmann Ave Tracy CA","2915 Buthmann Ave","Tracy","79","2 years ago","2","address-only","https://www.youtube.com/watch?v=tr_u8hsmX8c"
"ewJ9TflSsT0","2705 Shadow Berry Dr Manteca CA","2705 Shadow Berry Dr","Manteca","66","2 years ago","2","address-only","https://www.youtube.com/watch?v=ewJ9TflSsT0"
"owdk0Nl7--M","1298 Muir Ct Tracy CA","1298 Muir Ct","Tracy","111","2 years ago","2","address-only","https://www.youtube.com/watch?v=owdk0Nl7--M"
"rx1k8poid88","18238 Garmetta Way Lathrop CA","18238 Garmetta Way","Lathrop","74","2 years ago","2","address-only","https://www.youtube.com/watch?v=rx1k8poid88"
"PahWt6KkTDg","1736 Picadilly Way Manteca CA","1736 Picadilly Way","Manteca","35","2 years ago","2","address-only","https://www.youtube.com/watch?v=PahWt6KkTDg"
"0ieWTZgAWrs","1370 Mill Run Ct Manteca CA","1370 Mill Run Ct","Manteca","67","2 years ago","2","address-only","https://www.youtube.com/watch?v=0ieWTZgAWrs"
"tqU-HdKpH2k","701 Cambridge Ct Tracy CA","701 Cambridge Ct","Tracy","37","2 years ago","2","address-only","https://www.youtube.com/watch?v=tqU-HdKpH2k"
"KmRjthNeY3g","2080 Madera Ct Tracy CA","2080 Madera Ct","Tracy","49","2 years ago","2","address-only","https://www.youtube.com/watch?v=KmRjthNeY3g"
"JGAfLHGKe44","655 Sawtooth Ct Manteca CA","655 Sawtooth Ct","Manteca","87","2 years ago","2","address-only","https://www.youtube.com/watch?v=JGAfLHGKe44"
"vMJ1zdTE0hQ","201 Nabor Ct Tracy CA","201 Nabor Ct","Tracy","52","2 years ago","2","address-only","https://www.youtube.com/watch?v=vMJ1zdTE0hQ"
"3ZlNYSB7N7w","1731 Bayberry Ln Tracy CA","1731 Bayberry Ln","Tracy","57","2 years ago","2","address-only","https://www.youtube.com/watch?v=3ZlNYSB7N7w"
"2E3vujwakhI","16852 Tulip Tree Way Lathrop CA","16852 Tulip Tree Way","Lathrop","80","2 years ago","2","address-only","https://www.youtube.com/watch?v=2E3vujwakhI"
"-KZIfzaIXyE","755 Prairie Dunes Way Lathrop CA","755 Prairie Dunes Way","Lathrop","63","2 years ago","2","address-only","https://www.youtube.com/watch?v=-KZIfzaIXyE"
"KMrFiuvid4E","4102 Flint Ln Tracy CA","4102 Flint Ln","Tracy","43","2 years ago","2","address-only","https://www.youtube.com/watch?v=KMrFiuvid4E"
"OYOdRXyf3vM","17860 Isabella Pl Lathrop CA","17860 Isabella Pl","Lathrop","61","2 years ago","2","address-only","https://www.youtube.com/watch?v=OYOdRXyf3vM"
"0yVQKdrscrg","309 W Emerson Ave Tracy CA","309 W Emerson Ave","Tracy","60","2 years ago","2","address-only","https://www.youtube.com/watch?v=0yVQKdrscrg"
"P7zvFERInDY","1255 Eagle St Tracy CA","1255 Eagle St","Tracy","66","2 years ago","2","address-only","https://www.youtube.com/watch?v=P7zvFERInDY"
"ZqvbQITQNg0","1336 Sagewood Dr Manteca CA","1336 Sagewood Dr","Manteca","40","2 years ago","2","address-only","https://www.youtube.com/watch?v=ZqvbQITQNg0"
"S9Wsf2yPFzA","15125 S Poppy Ct Lathrop CA","15125 S Poppy Ct","Lathrop","47","2 years ago","2","address-only","https://www.youtube.com/watch?v=S9Wsf2yPFzA"
"XACE-ynMLzY","2049 Shady Oak St Manteca CA","2049 Shady Oak St","Manteca","29","2 years ago","2","address-only","https://www.youtube.com/watch?v=XACE-ynMLzY"
"xXRx7qs3v_w","586 Whitney Ct Tracy CA","586 Whitney Ct","Tracy","73","2 years ago","2","address-only","https://www.youtube.com/watch?v=xXRx7qs3v_w"
"hsNVicU29WU","325 Fox Meadow Ct Tracy CA","325 Fox Meadow Ct","Tracy","55","2 years ago","2","address-only","https://www.youtube.com/watch?v=hsNVicU29WU"
"LnCzOenJD_Q","498 Faulkner Ct Mountain House CA","498 Faulkner Ct","Mountain House","28","2 years ago","2","address-only","https://www.youtube.com/watch?v=LnCzOenJD_Q"
"KOU7Q0kaQIs","4886 Dandelion Loop Tracy CA","4886 Dandelion Loop","Tracy","60","2 years ago","2","address-only","https://www.youtube.com/watch?v=KOU7Q0kaQIs"
"bpFwX990QMI","1840 Mello Ct Tracy CA","1840 Mello Ct","Tracy","80","3 years ago","3","address-only","https://www.youtube.com/watch?v=bpFwX990QMI"
"KG5Bt7d5ydQ","4696 Citrus Way Tracy CA","4696 Citrus Way","Tracy","63","3 years ago","3","address-only","https://www.youtube.com/watch?v=KG5Bt7d5ydQ"
"3Y3OXPaHkdg","146 Thomas Ave Mountain House CA","146 Thomas Ave","Mountain House","66","3 years ago","3","address-only","https://www.youtube.com/watch?v=3Y3OXPaHkdg"
"DFHNlhJdp2U","1443 Chestnut Grove Dr Manteca CA","1443 Chestnut Grove Dr","Manteca","112","3 years ago","3","address-only","https://www.youtube.com/watch?v=DFHNlhJdp2U"
"B4DJysfHG38","1763 Savory Dr Manteca CA","1763 Savory Dr","Manteca","6","3 years ago","3","address-only","https://www.youtube.com/watch?v=B4DJysfHG38"
"yYRzKkUrdJw","512 W Viento St Mountain House CA","512 W Viento St","Mountain House","72","3 years ago","3","address-only","https://www.youtube.com/watch?v=yYRzKkUrdJw"
"f9wzX0Hqlss","220 Tassajera Ct Tracy CA","220 Tassajera Ct","Tracy","58","3 years ago","3","address-only","https://www.youtube.com/watch?v=f9wzX0Hqlss"
"M01ymxD7vLk","1221 Parkside Dr Tracy CA","1221 Parkside Dr","Tracy","46","3 years ago","3","address-only","https://www.youtube.com/watch?v=M01ymxD7vLk"
"YSD4M3-TWlo","3977 Castellina Way Manteca CA","3977 Castellina Way","Manteca","264","3 years ago","3","address-only","https://www.youtube.com/watch?v=YSD4M3-TWlo"
"jCano2pNWvY","3603 Levanto Way Manteca CA","3603 Levanto Way","Manteca","63","3 years ago","3","address-only","https://www.youtube.com/watch?v=jCano2pNWvY"
"dUkdpOcI3rM","15457 Lottie Way Lathrop CA","15457 Lottie Way","Lathrop","23","3 years ago","3","address-only","https://www.youtube.com/watch?v=dUkdpOcI3rM"
"9C-g24BCwtk","13233 S Lagoon Way Lathrop CA","13233 S Lagoon Way","Lathrop","56","3 years ago","3","address-only","https://www.youtube.com/watch?v=9C-g24BCwtk"
"6667qF0FzVs","1185 Madera Dr Tracy CA","1185 Madera Dr","Tracy","110","3 years ago","3","address-only","https://www.youtube.com/watch?v=6667qF0FzVs"
"PHT23AVmG38","16312 Diablo Ct Tracy CA","16312 Diablo Ct","Tracy","88","3 years ago","3","address-only","https://www.youtube.com/watch?v=PHT23AVmG38"
"0FDJ1U4Yeto","1433 Ferngrove Ct Tracy CA","1433 Ferngrove Ct","Tracy","19","3 years ago","3","address-only","https://www.youtube.com/watch?v=0FDJ1U4Yeto"
"IO-O4wToa0M","23343 Los Padres Dr Tracy CA","23343 Los Padres Dr","Tracy","453","3 years ago","3","address-only","https://www.youtube.com/watch?v=IO-O4wToa0M"
"IfDrYEqP6VI","4718 Bonsai Ave Tracy CA","4718 Bonsai Ave","Tracy","32","3 years ago","3","address-only","https://www.youtube.com/watch?v=IfDrYEqP6VI"
"xHIkKvf4VOo","315 Glenbriar Cir Tracy CA","315 Glenbriar Cir","Tracy","89","3 years ago","3","address-only","https://www.youtube.com/watch?v=xHIkKvf4VOo"
"UFHeWcpLLU4","855 Brookfield Ave Lathrop CA","855 Brookfield Ave","Lathrop","37","3 years ago","3","address-only","https://www.youtube.com/watch?v=UFHeWcpLLU4"
"vf6Bbj65nmc","210 W Santa Cruz Way Mountain House CA","210 W Santa Cruz Way","Mountain House","25","3 years ago","3","address-only","https://www.youtube.com/watch?v=vf6Bbj65nmc"
"MAb1aWx-VyY","451 Sequoia Blvd Tracy CA","451 Sequoia Blvd","Tracy","9","3 years ago","3","address-only","https://www.youtube.com/watch?v=MAb1aWx-VyY"
"-C0pVkwMdf4","2384 Clemente Ln Tracy CA","2384 Clemente Ln","Tracy","43","3 years ago","3","address-only","https://www.youtube.com/watch?v=-C0pVkwMdf4"
"1QsSQWZZ0oI","568 Terra Nova Ct Tracy CA","568 Terra Nova Ct","Tracy","35","3 years ago","3","address-only","https://www.youtube.com/watch?v=1QsSQWZZ0oI"
"D6spnkw2U_0","1745 Thicket Ct Tracy CA","1745 Thicket Ct","Tracy","27","3 years ago","3","address-only","https://www.youtube.com/watch?v=D6spnkw2U_0"
"V8oxF3inzlg","27902 S MacArthur Dr Tracy CA","27902 S MacArthur Dr","Tracy","51","3 years ago","3","address-only","https://www.youtube.com/watch?v=V8oxF3inzlg"
"6uekIPzK5FI","1358 Michael Dr Tracy CA","1358 Michael Dr","Tracy","50","3 years ago","3","address-only","https://www.youtube.com/watch?v=6uekIPzK5FI"
"qXDYWRxCpB8","2418 Redbud Way Manteca CA","2418 Redbud Way","Manteca","32","3 years ago","3","address-only","https://www.youtube.com/watch?v=qXDYWRxCpB8"
"T_VUQaBjLmQ","924 Tom Fowler Dr Tracy CA","924 Tom Fowler Dr","Tracy","26","3 years ago","3","address-only","https://www.youtube.com/watch?v=T_VUQaBjLmQ"
"FwBWgk8GRSc","Home For Sale - 172 W Charlene Ct Mountain House CA","172 W Charlene Ct","Mountain House","47","3 years ago","3","other","https://www.youtube.com/watch?v=FwBWgk8GRSc"
"fKRy0efO-ig","3099 Faltings Ct Livermore CA","3099 Faltings Ct","Livermore","109","3 years ago","3","address-only","https://www.youtube.com/watch?v=fKRy0efO-ig"
"f_RSo5BUemk","2386 Birdsong Pl Manteca CA","2386 Birdsong Pl","Manteca","19","3 years ago","3","address-only","https://www.youtube.com/watch?v=f_RSo5BUemk"
"zNRAywRpKus","1580 Griffith Pl Tracy CA","1580 Griffith Pl","Tracy","17","3 years ago","3","address-only","https://www.youtube.com/watch?v=zNRAywRpKus"
"5zaTA-D9YIA","2240 Valencia Ct Tracy CA","2240 Valencia Ct","Tracy","53","3 years ago","3","address-only","https://www.youtube.com/watch?v=5zaTA-D9YIA"
"IZtSgW-IW6g","2497 Dutchwood Lane Manteca CA","2497 Dutchwood Lane","Manteca","22","3 years ago","3","address-only","https://www.youtube.com/watch?v=IZtSgW-IW6g"
"RMxoBAooN1g","185 Edgewood Ct Tracy CA","185 Edgewood Ct","Tracy","29","3 years ago","3","address-only","https://www.youtube.com/watch?v=RMxoBAooN1g"
"tM_hC4U-v3A","4593 Monarch Ln Tracy CA","4593 Monarch Ln","Tracy","28","3 years ago","3","address-only","https://www.youtube.com/watch?v=tM_hC4U-v3A"
"UHRL4w8li_c","1540 Trawler St Discovery Bay","1540 Trawler St","Discovery Bay","23","3 years ago","3","address-only","https://www.youtube.com/watch?v=UHRL4w8li_c"
"PA83XzRELio","2717 Roseberry Ave Manteca CA","2717 Roseberry Ave","Manteca","36","3 years ago","3","address-only","https://www.youtube.com/watch?v=PA83XzRELio"
"KbgXAve6lz8","978 Swan Dr Manteca CA","978 Swan Dr","Manteca","18","3 years ago","3","address-only","https://www.youtube.com/watch?v=KbgXAve6lz8"
"X8KB8W3oSZM","1334 Pickford Ct Tracy CA","1334 Pickford Ct","Tracy","18","3 years ago","3","address-only","https://www.youtube.com/watch?v=X8KB8W3oSZM"
"bEWpNPL8mZA","1940 Knollcrest Ln Tracy CA","1940 Knollcrest Ln","Tracy","25","3 years ago","3","address-only","https://www.youtube.com/watch?v=bEWpNPL8mZA"
"1NaeoVAcFFQ","1728 Foxtrot Way Manteca CA","1728 Foxtrot Way","Manteca","16","3 years ago","3","address-only","https://www.youtube.com/watch?v=1NaeoVAcFFQ"
"mIijAF9gyrE","182 Kelley Mist Ln Tracy CA","182 Kelley Mist Ln","Tracy","21","3 years ago","3","address-only","https://www.youtube.com/watch?v=mIijAF9gyrE"
"eKyWXRr0KBI","16930 Bosch Ave Lathrop CA","16930 Bosch Ave","Lathrop","93","3 years ago","3","address-only","https://www.youtube.com/watch?v=eKyWXRr0KBI"
"XpoVfcfRyOk","565 Peerless Way Tracy CA","565 Peerless Way","Tracy","13","3 years ago","3","address-only","https://www.youtube.com/watch?v=XpoVfcfRyOk"
"1eCXFqYqLW8","3297 Ormonde Ct Tracy CA","3297 Ormonde Ct","Tracy","12","3 years ago","3","address-only","https://www.youtube.com/watch?v=1eCXFqYqLW8"
"aEV8Tn4SItg","1783 Fox Trot Way Manteca CA","1783 Fox Trot Way","Manteca","18","3 years ago","3","address-only","https://www.youtube.com/watch?v=aEV8Tn4SItg"
"Lh7_LEasZ4Q","584 W Recreo Way Mountain House CA","584 W Recreo Way","Mountain House","21","3 years ago","3","address-only","https://www.youtube.com/watch?v=Lh7_LEasZ4Q"
"xscNn2R8jzg","175 E Mt Diablo Ave Tracy CA","175 E Mt Diablo Ave","Tracy","18","3 years ago","3","address-only","https://www.youtube.com/watch?v=xscNn2R8jzg"
"AkBEMI3TFvg","120 E Manzanita Ln Tracy CA","120 E Manzanita Ln","Tracy","6","3 years ago","3","address-only","https://www.youtube.com/watch?v=AkBEMI3TFvg"
"4HUjOIWDEHM","1800 Ashland Dr Tracy CA","1800 Ashland Dr","Tracy","27","3 years ago","3","address-only","https://www.youtube.com/watch?v=4HUjOIWDEHM"
"dXstUZhNC_M","1287 Shady Ct Tracy CA","1287 Shady Ct","Tracy","102","3 years ago","3","address-only","https://www.youtube.com/watch?v=dXstUZhNC_M"
"5aYPEYYhIC4","3020 Garden Ct Tracy CA","3020 Garden Ct","Tracy","22","3 years ago","3","address-only","https://www.youtube.com/watch?v=5aYPEYYhIC4"
"GkrHnRzPbV8","2450 Appleleaf Ln Manteca CA","2450 Appleleaf Ln","Manteca","32","3 years ago","3","address-only","https://www.youtube.com/watch?v=GkrHnRzPbV8"
"P7a9ZV8yXeo","960 Waylinn Ln Tracy CA","960 Waylinn Ln","Tracy","37","3 years ago","3","address-only","https://www.youtube.com/watch?v=P7a9ZV8yXeo"
"l1Fjr7R-6eE","743 Jesse Martinez Tracy CA","","Tracy","18","3 years ago","3","address-only","https://www.youtube.com/watch?v=l1Fjr7R-6eE"
"FtIlMnI8rng","1513 Topiary Dr Manteca CA","1513 Topiary Dr","Manteca","25","3 years ago","3","address-only","https://www.youtube.com/watch?v=FtIlMnI8rng"
"D9dT-2kj-eg","314 W Moraga St Mountain House CA","314 W Moraga St","Mountain House","11","3 years ago","3","address-only","https://www.youtube.com/watch?v=D9dT-2kj-eg"
"CPU-hk-JxDI","4357 Famoso Ln Tracy CA","4357 Famoso Ln","Tracy","23","3 years ago","3","address-only","https://www.youtube.com/watch?v=CPU-hk-JxDI"
"3p6iQNxLP38","77 Patterson Ave Mountain House CA","77 Patterson Ave","Mountain House","33","3 years ago","3","address-only","https://www.youtube.com/watch?v=3p6iQNxLP38"
"NnNDqzsgTcU","1027 Greengate Pl Lathrop CA","1027 Greengate Pl","Lathrop","52","3 years ago","3","address-only","https://www.youtube.com/watch?v=NnNDqzsgTcU"
"Nbv_BBiHj3Q","1968 Linda Jean Ln Manteca CA","1968 Linda Jean Ln","Manteca","43","3 years ago","3","address-only","https://www.youtube.com/watch?v=Nbv_BBiHj3Q"
"ZnCGlKS5oZk","195 Mt Eden Cir Tracy CA","195 Mt Eden Cir","Tracy","22","3 years ago","3","address-only","https://www.youtube.com/watch?v=ZnCGlKS5oZk"
"Wjs5RF3-QC4","2686 Ozark Dr Tracy CA","2686 Ozark Dr","Tracy","20","3 years ago","3","address-only","https://www.youtube.com/watch?v=Wjs5RF3-QC4"
"wjYXrTqnC50","369 Craftsman Dr Lathrop CA","369 Craftsman Dr","Lathrop","29","3 years ago","3","address-only","https://www.youtube.com/watch?v=wjYXrTqnC50"
"HnPZjwMta2g","2644 Christy St Tracy CA","2644 Christy St","Tracy","30","3 years ago","3","address-only","https://www.youtube.com/watch?v=HnPZjwMta2g"
"rtL_ZMkhd7U","123 W Brilloso Ln Mountain House CA","123 W Brilloso Ln","Mountain House","26","3 years ago","3","address-only","https://www.youtube.com/watch?v=rtL_ZMkhd7U"
"A7c6ZkGN_KI","2972 Rugby Ct Tracy CA","2972 Rugby Ct","Tracy","44","4 years ago","4","address-only","https://www.youtube.com/watch?v=A7c6ZkGN_KI"
"SbBIS-0vNVI","1761 Southbrook St Tracy CA","1761 Southbrook St","Tracy","56","4 years ago","4","address-only","https://www.youtube.com/watch?v=SbBIS-0vNVI"
"8mQYDom5GrE","1522 Vinewood Way Tracy CA","1522 Vinewood Way","Tracy","39","4 years ago","4","address-only","https://www.youtube.com/watch?v=8mQYDom5GrE"
"wXm9cOpVYcE","1181 Manley Dr Tracy CA","1181 Manley Dr","Tracy","43","4 years ago","4","address-only","https://www.youtube.com/watch?v=wXm9cOpVYcE"
"tudFf8LTZEg","1785 Bristol Ln Tracy CA","1785 Bristol Ln","Tracy","27","4 years ago","4","address-only","https://www.youtube.com/watch?v=tudFf8LTZEg"
"duBG2L-h7ok","1700 Thomas Dehaven Ln Tracy CA","1700 Thomas Dehaven Ln","Tracy","42","4 years ago","4","address-only","https://www.youtube.com/watch?v=duBG2L-h7ok"
"jHz5ZHsoNY8","1510 De Barbieri Ct Manteca CA","1510 De Barbieri Ct","Manteca","57","4 years ago","4","address-only","https://www.youtube.com/watch?v=jHz5ZHsoNY8"
"Vbcu2mxoLvQ","914 Roosevelt Ave Tracy CA","914 Roosevelt Ave","Tracy","15","4 years ago","4","address-only","https://www.youtube.com/watch?v=Vbcu2mxoLvQ"
"HiDQdCsoA6Y","438 Burlington Dr Tracy CA","438 Burlington Dr","Tracy","57","4 years ago","4","address-only","https://www.youtube.com/watch?v=HiDQdCsoA6Y"
"y1BGjfad03w","2836 Samantha Ct Tracy CA","2836 Samantha Ct","Tracy","21","4 years ago","4","address-only","https://www.youtube.com/watch?v=y1BGjfad03w"
"SPbl6xIIBXs","1659 Hearthsong Dr Manteca CA","1659 Hearthsong Dr","Manteca","44","4 years ago","4","address-only","https://www.youtube.com/watch?v=SPbl6xIIBXs"
"eEV42SAVddo","226 Cordes Ave Mountain House CA","226 Cordes Ave","Mountain House","78","4 years ago","4","address-only","https://www.youtube.com/watch?v=eEV42SAVddo"
"1vcqSjaMrWk","847 Sentinel Dr Tracy CA","847 Sentinel Dr","Tracy","34","4 years ago","4","address-only","https://www.youtube.com/watch?v=1vcqSjaMrWk"
"bGu4qx_e1kM","352 Quail Run Cir Tracy CA","352 Quail Run Cir","Tracy","49","4 years ago","4","address-only","https://www.youtube.com/watch?v=bGu4qx_e1kM"
"3GbrYeACFWs","112 Ramona Way Tracy CA","112 Ramona Way","Tracy","19","4 years ago","4","address-only","https://www.youtube.com/watch?v=3GbrYeACFWs"
"DuJ3gqcUnoc","15 S Hickory Ave Tracy CA","15 S Hickory Ave","Tracy","33","4 years ago","4","address-only","https://www.youtube.com/watch?v=DuJ3gqcUnoc"
"TzWC90NK9fY","14125 Jasper St Lathrop CA","14125 Jasper St","Lathrop","17","4 years ago","4","address-only","https://www.youtube.com/watch?v=TzWC90NK9fY"
"VaOu3KcYlEY","2071 Amatchi Dr Tracy CA","2071 Amatchi Dr","Tracy","23","4 years ago","4","address-only","https://www.youtube.com/watch?v=VaOu3KcYlEY"
"AKml6CenSz0","1580 Doe Trail Ln Tracy CA","1580 Doe Trail","Tracy","23","4 years ago","4","address-only","https://www.youtube.com/watch?v=AKml6CenSz0"
"YO0nv2ONzg8","1045 Larkspur Dr Tracy CA","1045 Larkspur Dr","Tracy","9","4 years ago","4","address-only","https://www.youtube.com/watch?v=YO0nv2ONzg8"
"ME7vIIN6npU","602 N Oliveto Dr Mountain House CA","602 N Oliveto Dr","Mountain House","37","4 years ago","4","address-only","https://www.youtube.com/watch?v=ME7vIIN6npU"
"-NkW9DoZpC0","15 Mary Ct Tracy CA","15 Mary Ct","Tracy","11","4 years ago","4","address-only","https://www.youtube.com/watch?v=-NkW9DoZpC0"
"ZFHN1ZDNPTk","18245 Parkside Ct Lathrop CA","18245 Parkside Ct","Lathrop","24","4 years ago","4","address-only","https://www.youtube.com/watch?v=ZFHN1ZDNPTk"
"0pjpV85bgIY","612 Quail Run Cir Tracy CA","612 Quail Run Cir","Tracy","24","4 years ago","4","address-only","https://www.youtube.com/watch?v=0pjpV85bgIY"
"PtedsVXi-No","4706 Dandelion Loop Tracy CA","4706 Dandelion Loop","Tracy","18","4 years ago","4","address-only","https://www.youtube.com/watch?v=PtedsVXi-No"
"urexmFkKXKM","3373 Pumpkin Ct Tracy CA","3373 Pumpkin Ct","Tracy","42","4 years ago","4","address-only","https://www.youtube.com/watch?v=urexmFkKXKM"
"7rmnfjJYITk","1961 Valley View Dr Tracy CA","1961 Valley View Dr","Tracy","35","4 years ago","4","address-only","https://www.youtube.com/watch?v=7rmnfjJYITk"
"l0m1FySrtLk","551 Elm Ave Manteca CA","551 Elm Ave","Manteca","7","4 years ago","4","address-only","https://www.youtube.com/watch?v=l0m1FySrtLk"
"oCb2agcFskA","7005 Paseo St Tracy CA","7005 Paseo St","Tracy","44","4 years ago","4","address-only","https://www.youtube.com/watch?v=oCb2agcFskA"
"v9Y9gRY5kr8","2390 Merlin Ln Manteca CA","2390 Merlin Ln","Manteca","34","4 years ago","4","address-only","https://www.youtube.com/watch?v=v9Y9gRY5kr8"
"ImcVtMGcVVE","23143 Grunauer Rd Tracy CA","23143 Grunauer Rd","Tracy","29","4 years ago","4","address-only","https://www.youtube.com/watch?v=ImcVtMGcVVE"
"0Wut6d0OOpA","879 Mason Ct Tracy CA","879 Mason Ct","Tracy","17","4 years ago","4","address-only","https://www.youtube.com/watch?v=0Wut6d0OOpA"
"xyoHGtrRjEI","27632 Leeanna Ln Tracy CA","27632 Leeanna Ln","Tracy","59","4 years ago","4","address-only","https://www.youtube.com/watch?v=xyoHGtrRjEI"
"Nz03tYn7oJw","1422 Santona St Manteca CA","1422 Santona St","Manteca","22","4 years ago","4","address-only","https://www.youtube.com/watch?v=Nz03tYn7oJw"
"qU_wa0t8lFg","842 S Amor St Mountain House CA","842 S Amor St","Mountain House","231","4 years ago","4","address-only","https://www.youtube.com/watch?v=qU_wa0t8lFg"
"R0ukatKXVi4","810 Independence Dr Tracy CA","810 Independence Dr","Tracy","37","4 years ago","4","address-only","https://www.youtube.com/watch?v=R0ukatKXVi4"
"OfSci68MJVI","1251 Coolidge Ave Tracy CA","1251 Coolidge Ave","Tracy","7","4 years ago","4","address-only","https://www.youtube.com/watch?v=OfSci68MJVI"
"GOH3PdJUCUw","2430 Reyes Ct Tracy CA","2430 Reyes Ct","Tracy","14","4 years ago","4","address-only","https://www.youtube.com/watch?v=GOH3PdJUCUw"
"vcB2bWRqD-k","1619 Cherry Blossom Ln Tracy CA","1619 Cherry Blossom Ln","Tracy","89","4 years ago","4","address-only","https://www.youtube.com/watch?v=vcB2bWRqD-k"
"RG_wyy9WUWs","452 W Emerson Ave Tracy CA","452 W Emerson Ave","Tracy","29","4 years ago","4","address-only","https://www.youtube.com/watch?v=RG_wyy9WUWs"
"V392NNC_3Ic","875 N Hickory Ave Tracy CA","875 N Hickory Ave","Tracy","11","4 years ago","4","address-only","https://www.youtube.com/watch?v=V392NNC_3Ic"
"mV6jqM0mwd4","2923 Rugby Ct Tracy CA","2923 Rugby Ct","Tracy","43","4 years ago","4","address-only","https://www.youtube.com/watch?v=mV6jqM0mwd4"
"TEqLCY1mHlc","2431 Dutchwood Lane Manteca CA","2431 Dutchwood Lane","Manteca","13","4 years ago","4","address-only","https://www.youtube.com/watch?v=TEqLCY1mHlc"
"VAacjaHTdcE","2232 Milano St Manteca CA","2232 Milano St","Manteca","55","4 years ago","4","address-only","https://www.youtube.com/watch?v=VAacjaHTdcE"
"K1YIAomwLAg","28045 Traina Ct Tracy CA","28045 Traina Ct","Tracy","37","4 years ago","4","address-only","https://www.youtube.com/watch?v=K1YIAomwLAg"
"ZiBqUz3KFXQ","639 Fir St Promo Manteca CA","639 Fir St","Manteca","14","4 years ago","4","address-only","https://www.youtube.com/watch?v=ZiBqUz3KFXQ"
"reRvT5aKMe8","531 W Deerwood Ln Tracy CA","531 W Deerwood Ln","Tracy","8","4 years ago","4","address-only","https://www.youtube.com/watch?v=reRvT5aKMe8"
"Kq6XPayrF5Q","454 Steven St Mountain House CA","454 Steven St","Mountain House","16","4 years ago","4","address-only","https://www.youtube.com/watch?v=Kq6XPayrF5Q"
"n99RS4qDzTE","321 Ruess Rd Ripon CA","321 Ruess Rd","Ripon","13","4 years ago","4","address-only","https://www.youtube.com/watch?v=n99RS4qDzTE"
"XJhImtTCuI8","200 Camelot Dr Tracy CA","200 Camelot Dr","Tracy","16","4 years ago","4","address-only","https://www.youtube.com/watch?v=XJhImtTCuI8"
"quAMrK9ggLw","129 Travertine Ave Lathrop CA","129 Travertine Ave","Lathrop","3","4 years ago","4","address-only","https://www.youtube.com/watch?v=quAMrK9ggLw"
"vxHJAYT6WmE","948 River Bend Dr Lathrop CA","948 River Bend Dr","Lathrop","135","4 years ago","4","address-only","https://www.youtube.com/watch?v=vxHJAYT6WmE"
"UZsXnSP-_v0","4155 Keepsake Ct Tracy CA","4155 Keepsake Ct","Tracy","32","4 years ago","4","address-only","https://www.youtube.com/watch?v=UZsXnSP-_v0"
"i7RUiYHKQl4","2023 Pasado Ave Manteca CA","2023 Pasado Ave","Manteca","22","4 years ago","4","address-only","https://www.youtube.com/watch?v=i7RUiYHKQl4"
"gtqrkACBjJE","4152 Middlefield Dr Tracy CA","4152 Middlefield Dr","Tracy","44","4 years ago","4","address-only","https://www.youtube.com/watch?v=gtqrkACBjJE"
"-FIrQip23OU","1974 Alghero Dr Manteca CA","1974 Alghero Dr","Manteca","17","4 years ago","4","address-only","https://www.youtube.com/watch?v=-FIrQip23OU"
"jM5ZmNJfKNU","27181 Fairoaks Rd Tracy CA","27181 Fairoaks Rd","Tracy","70","4 years ago","4","address-only","https://www.youtube.com/watch?v=jM5ZmNJfKNU"
"uQH8MHF62lc","1805 Daniels St Manteca CA","1805 Daniels St","Manteca","16","4 years ago","4","address-only","https://www.youtube.com/watch?v=uQH8MHF62lc"
"FNMn0hx74l0","1424 Carriage House St Manteca CA","1424 Carriage House St","Manteca","13","4 years ago","4","address-only","https://www.youtube.com/watch?v=FNMn0hx74l0"
"YXy8-FotQDY","1031 Tennis Ln Tracy CA","1031 Tennis Ln","Tracy","24","4 years ago","4","address-only","https://www.youtube.com/watch?v=YXy8-FotQDY"
"6e_bzei91r8","720 Crescent Ave Lodi CA","720 Crescent Ave","Lodi","19","4 years ago","4","address-only","https://www.youtube.com/watch?v=6e_bzei91r8"
"KdU_5L9kIOg","1690 Brandon Dewey Ln Tracy CA","1690 Brandon Dewey Ln","Tracy","47","4 years ago","4","address-only","https://www.youtube.com/watch?v=KdU_5L9kIOg"
"iCJ8STeVOTc","1240 Appalosa Way Tracy CA","1240 Appalosa Way","Tracy","32","4 years ago","4","address-only","https://www.youtube.com/watch?v=iCJ8STeVOTc"
"6-kLVzgGSpo","771 Monte Casa St Manteca CA","771 Monte Casa St","Manteca","174","4 years ago","4","address-only","https://www.youtube.com/watch?v=6-kLVzgGSpo"
"RRDW8a2m8ZI","554 Hutchings Way Mountain House CA","554 Hutchings Way","Mountain House","20","4 years ago","4","address-only","https://www.youtube.com/watch?v=RRDW8a2m8ZI"
"1whtCOuUl9U","353 Glenbriar Cir Tracy CA","353 Glenbriar Cir","Tracy","24","4 years ago","4","address-only","https://www.youtube.com/watch?v=1whtCOuUl9U"
"mEdnoZIeeuo","322 Ramona Way Tracy CA","322 Ramona Way","Tracy","34","4 years ago","4","address-only","https://www.youtube.com/watch?v=mEdnoZIeeuo"
"18nrjT6BIlk","250 Fox Meadow Tracy CA","","Tracy","73","4 years ago","4","address-only","https://www.youtube.com/watch?v=18nrjT6BIlk"
"w2blSjQI-mo","2124 Alfred George Ct Tracy CA","2124 Alfred George Ct","Tracy","74","4 years ago","4","address-only","https://www.youtube.com/watch?v=w2blSjQI-mo"
"CHQGQWYn1Z8","1885 Blueberry Ct Tracy CA","1885 Blueberry Ct","Tracy","43","4 years ago","4","address-only","https://www.youtube.com/watch?v=CHQGQWYn1Z8"
"f1GVfQbE9PE","731 Glencreek Dr Tracy CA","731 Glencreek Dr","Tracy","60","4 years ago","4","address-only","https://www.youtube.com/watch?v=f1GVfQbE9PE"
"pCcZbFTi7Ic","411 Defender Ln Tracy CA","411 Defender Ln","Tracy","27","4 years ago","4","address-only","https://www.youtube.com/watch?v=pCcZbFTi7Ic"
"INgGaNNyy2A","200 Adobe Ln Tracy CA","200 Adobe Ln","Tracy","25","4 years ago","4","address-only","https://www.youtube.com/watch?v=INgGaNNyy2A"
"AKSw0UBvEiU","3955 Aplicella Ct Manteca CA","3955 Aplicella Ct","Manteca","66","4 years ago","4","address-only","https://www.youtube.com/watch?v=AKSw0UBvEiU"
"hgc910PfEe8","2640 Coolidge Pl Tracy CA","2640 Coolidge Pl","Tracy","49","4 years ago","4","address-only","https://www.youtube.com/watch?v=hgc910PfEe8"
"PXRQi4fvWUw","1812 Schantz Way Tracy CA","1812 Schantz Way","Tracy","146","4 years ago","4","address-only","https://www.youtube.com/watch?v=PXRQi4fvWUw"
"SsReQ0x6xCo","226 J St Lathrop CA","226 J St","Lathrop","24","4 years ago","4","address-only","https://www.youtube.com/watch?v=SsReQ0x6xCo"
"e1Zo0uIlX78","1280 Manley Dr Tracy CA","1280 Manley Dr","Tracy","69","4 years ago","4","address-only","https://www.youtube.com/watch?v=e1Zo0uIlX78"
"K5ov9BY0eaM","2913 Rugby Ct Tracy CA","2913 Rugby Ct","Tracy","31","4 years ago","4","address-only","https://www.youtube.com/watch?v=K5ov9BY0eaM"
"EAjW-tYvP9M","523 New Well Ave Lathrop CA","523 New Well Ave","Lathrop","72","4 years ago","4","address-only","https://www.youtube.com/watch?v=EAjW-tYvP9M"
"5x0E-jghbR8","1857 Mimosa Ct Tracy CA","1857 Mimosa Ct","Tracy","45","4 years ago","4","address-only","https://www.youtube.com/watch?v=5x0E-jghbR8"
"NHtUjKDUWBE","27506 S Macarthur Dr Tracy CA","27506 S Macarthur Dr","Tracy","47","4 years ago","4","address-only","https://www.youtube.com/watch?v=NHtUjKDUWBE"
"xr3Z6JfuxdQ","1552 Cole Ln Tracy CA","1552 Cole Ln","Tracy","10","4 years ago","4","address-only","https://www.youtube.com/watch?v=xr3Z6JfuxdQ"
"x29ELYOF9V8","1364 Cougar Creek Dr Patterson CA","1364 Cougar Creek Dr","Patterson","26","4 years ago","4","address-only","https://www.youtube.com/watch?v=x29ELYOF9V8"
"yFz1c4Xi6XQ","2054 Fieldview Dr Tracy CA","2054 Fieldview Dr","Tracy","49","4 years ago","4","address-only","https://www.youtube.com/watch?v=yFz1c4Xi6XQ"
"iMzD9ZYR7c8","800 Teton Ln Tracy CA","800 Teton Ln","Tracy","13","4 years ago","4","address-only","https://www.youtube.com/watch?v=iMzD9ZYR7c8"
"PRm-vUvE16w","2053 Licstal Ct Manteca CA","2053 Licstal Ct","Manteca","19","4 years ago","4","address-only","https://www.youtube.com/watch?v=PRm-vUvE16w"
"FNqzlcCK6UA","224 S Highland Ave Ripon CA","224 S Highland Ave","Ripon","10","4 years ago","4","address-only","https://www.youtube.com/watch?v=FNqzlcCK6UA"
"tdE6a2jtzNw","2073 Raven St Tracy CA","2073 Raven St","Tracy","32","4 years ago","4","address-only","https://www.youtube.com/watch?v=tdE6a2jtzNw"
"WIMWqsNlGdI","1600 Cherry Blossom Ln Tracy CA","1600 Cherry Blossom Ln","Tracy","30","4 years ago","4","address-only","https://www.youtube.com/watch?v=WIMWqsNlGdI"
"g2YXYzrhsDs","1928 Deodar Ave Antioch CA","1928 Deodar Ave","Unknown","17","4 years ago","4","address-only","https://www.youtube.com/watch?v=g2YXYzrhsDs"
"2xX2NlmIe9Q","855 Waterford Ave Stockton CA","855 Waterford Ave","Stockton","7","4 years ago","4","address-only","https://www.youtube.com/watch?v=2xX2NlmIe9Q"
"IiwdJ8jd854","2368 Pepper Tree Ln Manteca CA","2368 Pepper Tree Ln","Manteca","16","4 years ago","4","address-only","https://www.youtube.com/watch?v=IiwdJ8jd854"
"PVHUY-Pok4w","651 Georgetown Ct Tracy CA","651 Georgetown Ct","Tracy","7","4 years ago","4","address-only","https://www.youtube.com/watch?v=PVHUY-Pok4w"
"zSCn_qnSPO8","5690 W California Ave Tracy CA","5690 W California Ave","Tracy","39","4 years ago","4","address-only","https://www.youtube.com/watch?v=zSCn_qnSPO8"
"2lNHhQ6se70","1361 Parkside Dr Tracy CA","1361 Parkside Dr","Tracy","11","4 years ago","4","address-only","https://www.youtube.com/watch?v=2lNHhQ6se70"
"GoTTy0nWngk","866 Sunnyside Ln Tracy CA","866 Sunnyside Ln","Tracy","33","4 years ago","4","address-only","https://www.youtube.com/watch?v=GoTTy0nWngk"
"fwot5FqBZmM","2631 Amatchi Ct Tracy CA","2631 Amatchi Ct","Tracy","107","4 years ago","4","address-only","https://www.youtube.com/watch?v=fwot5FqBZmM"
"ofYw2SmNi4k","115 Ferdinand St Tracy CA","115 Ferdinand St","Tracy","20","4 years ago","4","address-only","https://www.youtube.com/watch?v=ofYw2SmNi4k"
"hk08-rQkZjM","77 Brett Ave Mountain House CA","77 Brett Ave","Mountain House","37","4 years ago","4","address-only","https://www.youtube.com/watch?v=hk08-rQkZjM"
"xrj8Q6V2oE4","125 E 22nd St Tracy CA","125 E 22nd St","Tracy","15","4 years ago","4","address-only","https://www.youtube.com/watch?v=xrj8Q6V2oE4"
"jGQPGddWa1M","4617 Wessex Ln Salida CA","4617 Wessex Ln","Salida","15","4 years ago","4","address-only","https://www.youtube.com/watch?v=jGQPGddWa1M"
"TFOvTWJ7B1c","2629 Adams Ln Manteca CA","2629 Adams Ln","Manteca","26","4 years ago","4","address-only","https://www.youtube.com/watch?v=TFOvTWJ7B1c"
"3az3XTMtb8E","2328 Pepper Tree Ln Manteca CA","2328 Pepper Tree Ln","Manteca","22","4 years ago","4","address-only","https://www.youtube.com/watch?v=3az3XTMtb8E"
"wx84GAkie3I","355 Valverde Ct Lathrop CA","355 Valverde Ct","Lathrop","24","4 years ago","4","address-only","https://www.youtube.com/watch?v=wx84GAkie3I"
"Y-CjQucQIcI","345 W Lowell Ave Tracy CA","345 W Lowell Ave","Tracy","43","4 years ago","4","address-only","https://www.youtube.com/watch?v=Y-CjQucQIcI"
"iUbWTaeeq7w","35 Belize Ct Tracy CA","35 Belize Ct","Tracy","23","4 years ago","4","address-only","https://www.youtube.com/watch?v=iUbWTaeeq7w"
"HRkslAKwogU","16361 Pony Express Way Lathrop CA","16361 Pony Express Way","Lathrop","13","4 years ago","4","address-only","https://www.youtube.com/watch?v=HRkslAKwogU"
"fQu7TbRICHE","2591 Coloma Ln Tracy CA","2591 Coloma Ln","Tracy","39","4 years ago","4","address-only","https://www.youtube.com/watch?v=fQu7TbRICHE"
"HnxG4EHmenM","428 Goodwin St Mountain House CA","428 Goodwin St","Mountain House","38","4 years ago","4","address-only","https://www.youtube.com/watch?v=HnxG4EHmenM"
"8Hs34veXgs0","1668 Komenich Dr Manteca CA","1668 Komenich Dr","Manteca","11","4 years ago","4","address-only","https://www.youtube.com/watch?v=8Hs34veXgs0"
"eqPtsRBN2xs","1543 Jennifer Way Tracy CA","1543 Jennifer Way","Tracy","15","4 years ago","4","address-only","https://www.youtube.com/watch?v=eqPtsRBN2xs"
"Ammmjkp_Gk0","1825 Foxtail Way Tracy CA","1825 Foxtail Way","Tracy","14","4 years ago","4","address-only","https://www.youtube.com/watch?v=Ammmjkp_Gk0"
"q5MornNRoM4","3941 W Stoneridge Rd Tracy CA","3941 W Stoneridge Rd","Tracy","23","4 years ago","4","address-only","https://www.youtube.com/watch?v=q5MornNRoM4"
"8J4rnAPacB4","1816 Innsbrook Dr Modesto CA","1816 Innsbrook Dr","Modesto","73","4 years ago","4","address-only","https://www.youtube.com/watch?v=8J4rnAPacB4"
"4TGKOHnlo8I","210 S Central Ave Tracy CA","210 S Central Ave","Tracy","19","4 years ago","4","address-only","https://www.youtube.com/watch?v=4TGKOHnlo8I"
"uPbkMvQr3og","1965 Plum Ln Tracy CA","1965 Plum Ln","Tracy","17","4 years ago","4","address-only","https://www.youtube.com/watch?v=uPbkMvQr3og"
"WFdNuZl1O0w","466 S Providence St Mountain House CA","466 S Providence St","Mountain House","25","4 years ago","4","address-only","https://www.youtube.com/watch?v=WFdNuZl1O0w"
"b02cTlw-nGA","1663 Topiary Dr Manteca CA","1663 Topiary Dr","Manteca","11","4 years ago","4","address-only","https://www.youtube.com/watch?v=b02cTlw-nGA"
"V_XVcV_2ql8","2467 Redbud Way Manteca CA","2467 Redbud Way","Manteca","31","4 years ago","4","address-only","https://www.youtube.com/watch?v=V_XVcV_2ql8"
"BRpOGn-2Jb8","1645 Wild Ginger Way Manteca, CA","1645 Wild Ginger Way","Manteca","9","4 years ago","4","address-only","https://www.youtube.com/watch?v=BRpOGn-2Jb8"
"LCCCO7-GAmg","277 W Saint Francis Ave. Tracy, CA","277 W Saint Francis Ave","Tracy","17","4 years ago","4","address-only","https://www.youtube.com/watch?v=LCCCO7-GAmg"
"rROF7xaewjE","17346 S Walnut Burl Ln. Lathrop, CA","17346 S Walnut Burl Ln","Lathrop","16","4 years ago","4","address-only","https://www.youtube.com/watch?v=rROF7xaewjE"
"g0x7L4hJX38","2334 Azevedo Ave. Manteca, CA","2334 Azevedo Ave","Manteca","8","4 years ago","4","address-only","https://www.youtube.com/watch?v=g0x7L4hJX38"
"060DQN-raio","1588 Sand Ln. Manteca, CA","1588 Sand Ln","Manteca","17","4 years ago","4","address-only","https://www.youtube.com/watch?v=060DQN-raio"
"wM0qc7dUJOs","21 E 20th St. Tracy, CA","21 E 20th St","Tracy","18","4 years ago","4","address-only","https://www.youtube.com/watch?v=wM0qc7dUJOs"
"JavTm8bnoV8","1359 Madelena Ln. Manteca, CA","1359 Madelena Ln","Manteca","34","4 years ago","4","address-only","https://www.youtube.com/watch?v=JavTm8bnoV8"
"4z2-gl7L0i4","34779 Brichetto Ct. Tracy, CA","34779 Brichetto Ct","Tracy","145","4 years ago","4","address-only","https://www.youtube.com/watch?v=4z2-gl7L0i4"
"_UttDE8KMe0","1280 Traditions St. Tracy, CA","1280 Traditions St","Tracy","19","4 years ago","4","address-only","https://www.youtube.com/watch?v=_UttDE8KMe0"
"3GLsAUWeg0Y","1857 Komenich Dr. Manteca, CA","1857 Komenich Dr","Manteca","10","4 years ago","4","address-only","https://www.youtube.com/watch?v=3GLsAUWeg0Y"
"D9hqwXkxbUE","2131 Bentley Ln. Tracy, CA","2131 Bentley Ln","Tracy","36","4 years ago","4","address-only","https://www.youtube.com/watch?v=D9hqwXkxbUE"
"YfuMQbYzBuI","3711 West Kenner Rd. Tracy, CA","3711 West Kenner Rd","Tracy","95","4 years ago","4","address-only","https://www.youtube.com/watch?v=YfuMQbYzBuI"
"6AlbmWmvwLw","1711 Crom St. Manteca, CA","1711 Crom St","Manteca","6","4 years ago","4","address-only","https://www.youtube.com/watch?v=6AlbmWmvwLw"
"FccCNz1yCEc","368 Burlington Dr. Tracy, CA","368 Burlington Dr","Tracy","28","4 years ago","4","address-only","https://www.youtube.com/watch?v=FccCNz1yCEc"
"r32jwgFaTBg","1729 Dalia Ln. Manteca, CA","1729 Dalia Ln","Manteca","13","4 years ago","4","address-only","https://www.youtube.com/watch?v=r32jwgFaTBg"
"Jk6CCdqe3RU","1652 Sephos St. Manteca, CA","1652 Sephos St","Manteca","24","4 years ago","4","address-only","https://www.youtube.com/watch?v=Jk6CCdqe3RU"
"yWpGrtSpy0E","1217 Tony Stuitt Ct. Tracy, CA","1217 Tony Stuitt Ct","Tracy","6","4 years ago","4","address-only","https://www.youtube.com/watch?v=yWpGrtSpy0E"
"JXEtLrBbsHE","65 McDermott Ave Mountain House, CA","65 McDermott Ave","Mountain House","22","4 years ago","4","address-only","https://www.youtube.com/watch?v=JXEtLrBbsHE"
"2WNRIuu62HQ","1948 Diamond Oak Way Manteca, CA","1948 Diamond Oak Way","Manteca","120","4 years ago","4","address-only","https://www.youtube.com/watch?v=2WNRIuu62HQ"
"FTPYm0m_zUs","688 W Corazon Way Mountain House, CA","688 W Corazon Way","Mountain House","14","4 years ago","4","address-only","https://www.youtube.com/watch?v=FTPYm0m_zUs"
"v3jBX8t_AD0","19 S Rio Rapido Dr. Mountain House, CA","19 S Rio Rapido Dr","Mountain House","12","4 years ago","4","address-only","https://www.youtube.com/watch?v=v3jBX8t_AD0"
"7E1CUPesWGg","233 Marie Ave. Manteca, CA","233 Marie Ave","Manteca","16","4 years ago","4","address-only","https://www.youtube.com/watch?v=7E1CUPesWGg"
"a9qC6YBOr_0","985 Sunnyside Ln Tracy, CA","985 Sunnyside Ln","Tracy","57","4 years ago","4","address-only","https://www.youtube.com/watch?v=a9qC6YBOr_0"
"ID4gA0JEgy4","Live at Ellis, Tracy, CA","","Tracy","772","5 years ago","5","other","https://www.youtube.com/watch?v=ID4gA0JEgy4"
"_lCvZ2vYcyo","27331 Fairoaks Rd. Tracy, CA","27331 Fairoaks Rd","Tracy","77","5 years ago","5","address-only","https://www.youtube.com/watch?v=_lCvZ2vYcyo"
"lyHre4NpC78","626 N San Marcos Dr. Mountain House, CA","626 N San Marcos Dr","Mountain House","39","5 years ago","5","address-only","https://www.youtube.com/watch?v=lyHre4NpC78"
"9hP4aOOkA9Y","165 Mount Eden Cir. Tracy, CA","165 Mount Eden Cir","Tracy","17","5 years ago","5","address-only","https://www.youtube.com/watch?v=9hP4aOOkA9Y"
"d1UKjPpf_zk","1067 Marigold Pl. Manteca, CA","1067 Marigold Pl","Manteca","84","5 years ago","5","address-only","https://www.youtube.com/watch?v=d1UKjPpf_zk"
"OE7Yivayv5I","1940 Silverberry St. Tracy, CA","1940 Silverberry St","Tracy","9","5 years ago","5","address-only","https://www.youtube.com/watch?v=OE7Yivayv5I"
"X77sBUHBT5A","2086 Macedo St. Manteca, CA","2086 Macedo St","Manteca","35","5 years ago","5","address-only","https://www.youtube.com/watch?v=X77sBUHBT5A"
"wceacNE7Hd4","352 Faulkner St. Mountain House, CA","352 Faulkner St","Mountain House","15","5 years ago","5","address-only","https://www.youtube.com/watch?v=wceacNE7Hd4"
"iP-gsvX-0NU","245 W Arcadia St. Mountain House, CA","245 W Arcadia St","Mountain House","11","5 years ago","5","address-only","https://www.youtube.com/watch?v=iP-gsvX-0NU"
"ZfHG45hSLHQ","413 Lasata Dr. Tracy, CA","413 Lasata Dr","Tracy","8","5 years ago","5","address-only","https://www.youtube.com/watch?v=ZfHG45hSLHQ"
"z8mdTZChAKw","2335 Beardsley Ave. Manteca, CA","2335 Beardsley Ave","Manteca","10","5 years ago","5","address-only","https://www.youtube.com/watch?v=z8mdTZChAKw"
"-L_eoaY7ka4","625 Reed Ct. Ripon, CA","625 Reed Ct","Ripon","5","5 years ago","5","address-only","https://www.youtube.com/watch?v=-L_eoaY7ka4"
"lB2PgAyAw38","1255 Eagle St. Tracy, CA","1255 Eagle St","Tracy","6","5 years ago","5","address-only","https://www.youtube.com/watch?v=lB2PgAyAw38"
"8ahYiioaj6c","280 Fox Meadow Ct. Tracy, CA","280 Fox Meadow Ct","Tracy","14","5 years ago","5","address-only","https://www.youtube.com/watch?v=8ahYiioaj6c"
"r3MXVze0NdI","1662 Chestnut Hill Dr. Manteca, CA","1662 Chestnut Hill Dr","Manteca","37","5 years ago","5","address-only","https://www.youtube.com/watch?v=r3MXVze0NdI"
"PmkbYOcdyEk","1569 Red Pheasant Ln. Manteca, CA","1569 Red Pheasant Ln","Manteca","62","5 years ago","5","address-only","https://www.youtube.com/watch?v=PmkbYOcdyEk"
"Sbq1pJWtUjE","2341 Shadow Berry Dr. Manteca, CA","2341 Shadow Berry Dr","Manteca","6","5 years ago","5","address-only","https://www.youtube.com/watch?v=Sbq1pJWtUjE"
"x_jeZdMmyuY","1745 Reyes Ln. Tracy, CA","1745 Reyes Ln","Tracy","6","5 years ago","5","address-only","https://www.youtube.com/watch?v=x_jeZdMmyuY"
"2Azm6iDAZIU","771 Traditions Ct. Tracy, CA","771 Traditions Ct","Tracy","8","5 years ago","5","address-only","https://www.youtube.com/watch?v=2Azm6iDAZIU"
"PaZyCPt7kR0","594 Presidio Pl. Tracy, CA","594 Presidio Pl","Tracy","10","5 years ago","5","address-only","https://www.youtube.com/watch?v=PaZyCPt7kR0"
"8Xu92giDSuc","2511 Niobrara Ave. Stockton, CA","2511 Niobrara Ave","Stockton","5","5 years ago","5","address-only","https://www.youtube.com/watch?v=8Xu92giDSuc"
"lHqRvTU5Exw","1835 Foxtail Way Tracy, CA","1835 Foxtail Way","Tracy","12","5 years ago","5","address-only","https://www.youtube.com/watch?v=lHqRvTU5Exw"
"x2BM_ywHwZw","785 Shelborne Dr. Tracy, CA","785 Shelborne Dr","Tracy","7","5 years ago","5","address-only","https://www.youtube.com/watch?v=x2BM_ywHwZw"
"vZldOhJTOiY","330 E Beverly Pl Tracy, CA","330 E Beverly Pl","Tracy","15","5 years ago","5","address-only","https://www.youtube.com/watch?v=vZldOhJTOiY"
"B48dLBULbFY","1061 Hickory Hollow St Manteca, CA","1061 Hickory Hollow St","Manteca","12","5 years ago","5","address-only","https://www.youtube.com/watch?v=B48dLBULbFY"
"irLIpRUcZoM","1555 Toy St Manteca, CA","1555 Toy St","Manteca","14","5 years ago","5","address-only","https://www.youtube.com/watch?v=irLIpRUcZoM"
"CxKSUtpmYYI","1408 Yorkshire Loop Tracy, CA","1408 Yorkshire Loop","Tracy","12","5 years ago","5","address-only","https://www.youtube.com/watch?v=CxKSUtpmYYI"
"eo4iOUs7eA4","1022 Acland Way Tracy, Ca","1022 Acland Way","Tracy","13","5 years ago","5","address-only","https://www.youtube.com/watch?v=eo4iOUs7eA4"
"c-bVB1xnVSI","719 Carnelian Ave. Lathrop, CA","719 Carnelian Ave","Lathrop","6","5 years ago","5","address-only","https://www.youtube.com/watch?v=c-bVB1xnVSI"
"fTIlCt81YS4","2479 Gaines Ln Tracy, CA","2479 Gaines Ln","Tracy","11","5 years ago","5","address-only","https://www.youtube.com/watch?v=fTIlCt81YS4"
"dIagtAtzip0","2109 Monique St Tracy, CA","2109 Monique St","Tracy","8","5 years ago","5","address-only","https://www.youtube.com/watch?v=dIagtAtzip0"
"7A85ZGqoe2Y","769 Ruess Rd. Ripon, CA","769 Ruess Rd","Ripon","15","5 years ago","5","address-only","https://www.youtube.com/watch?v=7A85ZGqoe2Y"
"r_7oOHSSzNI","529 Bramblewood Ave, Lathrop CA","529 Bramblewood Ave","Lathrop","26","5 years ago","5","address-only","https://www.youtube.com/watch?v=r_7oOHSSzNI"
"yDoR2eTXlwg","1400 Renown Dr. Tracy, CA","1400 Renown Dr","Tracy","10","5 years ago","5","address-only","https://www.youtube.com/watch?v=yDoR2eTXlwg"
"qqOqX0NtTA4","326 N Sierra Madre St. Mountain House, CA","326 N Sierra Madre St","Mountain House","46","5 years ago","5","address-only","https://www.youtube.com/watch?v=qqOqX0NtTA4"
"_7J2CAJtmKg","3708 Goyen Ct. Modesto, CA","3708 Goyen Ct","Modesto","105","5 years ago","5","address-only","https://www.youtube.com/watch?v=_7J2CAJtmKg"
"y3XBf5AjIXI","2689 Almanor Dr. Tracy, CA","2689 Almanor Dr","Tracy","3","5 years ago","5","address-only","https://www.youtube.com/watch?v=y3XBf5AjIXI"
"_PlP2uyFtHw","2359 Beardsley Ave. Manteca, CA","2359 Beardsley Ave","Manteca","11","5 years ago","5","address-only","https://www.youtube.com/watch?v=_PlP2uyFtHw"
"4jUOACT0KGs","1850 Harvest Landing Ln. Tracy, CA","1850 Harvest Landing Ln","Tracy","8","5 years ago","5","address-only","https://www.youtube.com/watch?v=4jUOACT0KGs"
"iCRqh59ih3k","1925 W Kavanagh Ave. Tracy, CA","1925 W Kavanagh Ave","Tracy","3","5 years ago","5","address-only","https://www.youtube.com/watch?v=iCRqh59ih3k"
"Kz6LbnYmBQc","1826 Bankston Dr. Tracy, CA","1826 Bankston Dr","Tracy","12","5 years ago","5","address-only","https://www.youtube.com/watch?v=Kz6LbnYmBQc"
"pICINPmZRc0","812 Tannehill Dr. Manteca, CA","812 Tannehill Dr","Manteca","5","5 years ago","5","address-only","https://www.youtube.com/watch?v=pICINPmZRc0"
"-gPjp4FVBQw","479 Cherry Ln Apt E Manteca, CA","479 Cherry Ln","Manteca","22","5 years ago","5","address-only","https://www.youtube.com/watch?v=-gPjp4FVBQw"
"57ieo1Pgp-0","747 Limestone Ave. Lathrop, CA","747 Limestone Ave","Lathrop","3","5 years ago","5","address-only","https://www.youtube.com/watch?v=57ieo1Pgp-0"
"HAGVTBZo-6Y","135 Country Ct. Tracy, CA","135 Country Ct","Tracy","11","5 years ago","5","address-only","https://www.youtube.com/watch?v=HAGVTBZo-6Y"
"gJ6cAPjyG1o","839 Winnipeg Ct. Tracy, CA","839 Winnipeg Ct","Tracy","2","5 years ago","5","address-only","https://www.youtube.com/watch?v=gJ6cAPjyG1o"
"BuDYhauP6vg","863 Darby Dr. Tracy, CA","863 Darby Dr","Tracy","7","5 years ago","5","address-only","https://www.youtube.com/watch?v=BuDYhauP6vg"
"y0MYiY1li9A","2934 Carreen Ct. Tracy, CA","2934 Carreen Ct","Tracy","108","5 years ago","5","address-only","https://www.youtube.com/watch?v=y0MYiY1li9A"
"-coqOCtmjqE","1480 Velasquez Ln. Tracy, CA","1480 Velasquez Ln","Tracy","18","5 years ago","5","address-only","https://www.youtube.com/watch?v=-coqOCtmjqE"
"DANOwK-1TSo","271 W Santa Clara Dr. Mountain House, CA","271 W Santa Clara Dr","Mountain House","8","5 years ago","5","address-only","https://www.youtube.com/watch?v=DANOwK-1TSo"
"MKaa2WS6WnY","560 Fiero Pl. Manteca, CA","560 Fiero Pl","Manteca","7","5 years ago","5","address-only","https://www.youtube.com/watch?v=MKaa2WS6WnY"
"oX1_he6_WgM","2128 Lara Ln. Tracy, CA","2128 Lara Ln","Tracy","7","5 years ago","5","address-only","https://www.youtube.com/watch?v=oX1_he6_WgM"
"rkwmOUcIX78","3273 Honeydew Ct. Tracy, CA","3273 Honeydew Ct","Tracy","11","5 years ago","5","address-only","https://www.youtube.com/watch?v=rkwmOUcIX78"
"qHPuPS0aIcI","539 Burk Place Mountain House, CA","539 Burk Place","Mountain House","20","5 years ago","5","address-only","https://www.youtube.com/watch?v=qHPuPS0aIcI"
"yABwKkshR8Y","463 N Alta Dena St. Mountain House, CA","463 N Alta Dena St","Mountain House","20","5 years ago","5","address-only","https://www.youtube.com/watch?v=yABwKkshR8Y"
"m85PLWEhIPc","1680 Treehaven Ln. Tracy, CA","1680 Treehaven Ln","Tracy","13","5 years ago","5","address-only","https://www.youtube.com/watch?v=m85PLWEhIPc"
"XIeMVsxJw2M","191 Thomsen Rd. Lathrop, CA","191 Thomsen Rd","Lathrop","15","5 years ago","5","address-only","https://www.youtube.com/watch?v=XIeMVsxJw2M"
"WTB5Fkwf0ZA","1829 Foothill Vista Dr. Tracy, CA","1829 Foothill Vista Dr","Tracy","4","5 years ago","5","address-only","https://www.youtube.com/watch?v=WTB5Fkwf0ZA"
"Vf8CElvXkMI","428 N Walnut Ave, Tracy CA","428 N Walnut Ave","Tracy","9","5 years ago","5","address-only","https://www.youtube.com/watch?v=Vf8CElvXkMI"
"fiWsQmjsjbg","28 Primrose Ct, Tracy CA","28 Primrose Ct","Tracy","26","5 years ago","5","address-only","https://www.youtube.com/watch?v=fiWsQmjsjbg"
"CV-9hFfUJqY","34760 Stearman Ct Tracy CA","34760 Stearman Ct","Tracy","9","5 years ago","5","address-only","https://www.youtube.com/watch?v=CV-9hFfUJqY"
"px0-AXb9bxo","2482 Altoga Ave. Tracy, CA","2482 Altoga Ave","Tracy","7","5 years ago","5","address-only","https://www.youtube.com/watch?v=px0-AXb9bxo"
"DYmhLX66U-w","331 Clarence Bromell Ct. Tracy, CA","331 Clarence Bromell Ct","Tracy","17","5 years ago","5","address-only","https://www.youtube.com/watch?v=DYmhLX66U-w"
"LhzNOmtmC5c","1823 Rochester St. Tracy, CA","1823 Rochester St","Tracy","5","5 years ago","5","address-only","https://www.youtube.com/watch?v=LhzNOmtmC5c"
"EXmY1WNcmIo","137 E Vernalis Rd. Tracy, CA","137 E Vernalis Rd","Tracy","29","5 years ago","5","address-only","https://www.youtube.com/watch?v=EXmY1WNcmIo"
"NyXsy7oMrq0","1387 Chestnut Hill Dr. Manteca, CA","1387 Chestnut Hill Dr","Manteca","142","5 years ago","5","address-only","https://www.youtube.com/watch?v=NyXsy7oMrq0"
"2r4oKGPQ0jk","271 W Saint Francis Ave. Mountain House, CA","271 W Saint Francis Ave","Mountain House","3","5 years ago","5","address-only","https://www.youtube.com/watch?v=2r4oKGPQ0jk"
"0rLamxpWA6U","8914 Fairoaks Rd. Tracy, CA","8914 Fairoaks Rd","Tracy","98","5 years ago","5","address-only","https://www.youtube.com/watch?v=0rLamxpWA6U"
"sglU30mz1-s","1765 Foxwood Dr. Tracy, CA","1765 Foxwood Dr","Tracy","3","5 years ago","5","address-only","https://www.youtube.com/watch?v=sglU30mz1-s"
"x-INT7q58KA","2571 Edgebrook Ln. Manteca, CA","2571 Edgebrook Ln","Manteca","10","5 years ago","5","address-only","https://www.youtube.com/watch?v=x-INT7q58KA"
"pTfHbys_6Iw","763 Katlin Ct. Tracy, CA","763 Katlin Ct","Tracy","8","5 years ago","5","address-only","https://www.youtube.com/watch?v=pTfHbys_6Iw"
"t9-k0ic699c","350 Jaeger St. Tracy, CA","350 Jaeger St","Tracy","17","5 years ago","5","address-only","https://www.youtube.com/watch?v=t9-k0ic699c"
"hxWsyPlksJY","1887 Camellia Dr. Tracy, CA","1887 Camellia Dr","Tracy","5","5 years ago","5","address-only","https://www.youtube.com/watch?v=hxWsyPlksJY"
"jueIHUDsBZg","2914 Ferndown Ln. Tracy, CA","2914 Ferndown Ln","Tracy","4","5 years ago","5","address-only","https://www.youtube.com/watch?v=jueIHUDsBZg"
"vwkNWuuzkgk","652 W Sombra Way Mountain House, CA","652 W Sombra Way","Mountain House","78","5 years ago","5","address-only","https://www.youtube.com/watch?v=vwkNWuuzkgk"
"FUgtmM5DHoM","2834 Redbridge Rd. Tracy, CA","2834 Redbridge Rd","Tracy","458","5 years ago","5","address-only","https://www.youtube.com/watch?v=FUgtmM5DHoM"
"1nhyFeTZcIU","4328 Dalehurst Ln. Tracy, CA","4328 Dalehurst Ln","Tracy","16","5 years ago","5","address-only","https://www.youtube.com/watch?v=1nhyFeTZcIU"
"ZabTrCjG9uQ","1172 Hidden Meadow Pl. Manteca, CA","1172 Hidden Meadow Pl","Manteca","9","5 years ago","5","address-only","https://www.youtube.com/watch?v=ZabTrCjG9uQ"
"znpcXqW-qoE","2181 Al Fonseca Ln. Manteca, CA","2181 Al Fonseca Ln","Manteca","6","5 years ago","5","address-only","https://www.youtube.com/watch?v=znpcXqW-qoE"
"ptO0WncFwak","2634 Roseberry Ave Manteca, CA","2634 Roseberry Ave","Manteca","15","5 years ago","5","address-only","https://www.youtube.com/watch?v=ptO0WncFwak"
"YWJvPft7x1k","1470 Rosy Dawn Ln. Manteca, CA","1470 Rosy Dawn Ln","Manteca","118","5 years ago","5","address-only","https://www.youtube.com/watch?v=YWJvPft7x1k"
"WhpnR5h-m8g","2700 Annette Ct. Tracy CA","2700 Annette Ct","Tracy","2000","5 years ago","5","address-only","https://www.youtube.com/watch?v=WhpnR5h-m8g"
"JqmFbwEnWvM","2689 Garazi Ct video","2689 Garazi Ct","Unknown","3","5 years ago","5","address-only","https://www.youtube.com/watch?v=JqmFbwEnWvM"
"Kn8JKdjgPUM","467 Verda Ct Manteca, CA","467 Verda Ct","Manteca","7","5 years ago","5","address-only","https://www.youtube.com/watch?v=Kn8JKdjgPUM"
"jo_Mx5npXYQ","2186 Lighthouse Circle Tracy, CA","2186 Lighthouse Circle","Tracy","47","5 years ago","5","address-only","https://www.youtube.com/watch?v=jo_Mx5npXYQ"
"pDnamHjxtGg","246 West 21st Street Tracy, CA","246 West 21st Street","Tracy","3","5 years ago","5","address-only","https://www.youtube.com/watch?v=pDnamHjxtGg"
"B6paTR4c06M","1751 Riverview Ave. Tracy, CA","1751 Riverview Ave","Tracy","12","5 years ago","5","address-only","https://www.youtube.com/watch?v=B6paTR4c06M"
"vesJWaa6WKM","1921 Columbia Court Tracy, CA","1921 Columbia Court","Tracy","9","5 years ago","5","address-only","https://www.youtube.com/watch?v=vesJWaa6WKM"
"tVUw0bZj4y0","2109 Yellowstone Ave. Tracy, CA","2109 Yellowstone Ave","Tracy","59","5 years ago","5","address-only","https://www.youtube.com/watch?v=tVUw0bZj4y0"
"nzgtatzL-L0","3327 Patch Ln. Tracy, CA","3327 Patch Ln","Tracy","3","5 years ago","5","address-only","https://www.youtube.com/watch?v=nzgtatzL-L0"
"PXh-wD4ViSc","1660 Treehaven Ln. Tracy, CA","1660 Treehaven Ln","Tracy","5","5 years ago","5","address-only","https://www.youtube.com/watch?v=PXh-wD4ViSc"
"odZU-ck2blg","467 Helen Ave. Tracy, CA","467 Helen Ave","Tracy","5","5 years ago","5","address-only","https://www.youtube.com/watch?v=odZU-ck2blg"
"d9q_t4RsSzg","507 Belmont Ln. Tracy, CA","507 Belmont Ln","Tracy","12","5 years ago","5","address-only","https://www.youtube.com/watch?v=d9q_t4RsSzg"
"C-iHCF7fN78","2515 Mario Dr. Tracy, CA","2515 Mario Dr","Tracy","3","5 years ago","5","address-only","https://www.youtube.com/watch?v=C-iHCF7fN78"
"zQtmTxfd_ac","2005 Florentine Way Tracy, CA","2005 Florentine Way","Tracy","2","5 years ago","5","address-only","https://www.youtube.com/watch?v=zQtmTxfd_ac"
"aHzKHHlEzTE","301 W Conejo Ave. Mountain House, CA","301 W Conejo Ave","Mountain House","35","5 years ago","5","address-only","https://www.youtube.com/watch?v=aHzKHHlEzTE"
"J7JySvgFZZM","1675 Foxwood Dr. Manteca, CA","1675 Foxwood Dr","Manteca","6","5 years ago","5","address-only","https://www.youtube.com/watch?v=J7JySvgFZZM"
"Vkbd9PLxMVA","1585 Locust Dr. Tracy, CA","1585 Locust Dr","Tracy","17","5 years ago","5","address-only","https://www.youtube.com/watch?v=Vkbd9PLxMVA"
"FyBk9jkOd1o","1701 Jackie Pl. Manteca, CA","1701 Jackie Pl","Manteca","14","5 years ago","5","address-only","https://www.youtube.com/watch?v=FyBk9jkOd1o"
"yE8ReWeYdGQ","865 Fieldstone Ct. Brentwood, CA","865 Fieldstone Ct","Brentwood","9","5 years ago","5","address-only","https://www.youtube.com/watch?v=yE8ReWeYdGQ"
"arZHoBkj57s","517 Belmont Ln. Tracy, CA","517 Belmont Ln","Tracy","14","5 years ago","5","address-only","https://www.youtube.com/watch?v=arZHoBkj57s"
"TEWms9CUOgU","1246 Crossroads Ct. Tracy, CA","1246 Crossroads Ct","Tracy","10","5 years ago","5","address-only","https://www.youtube.com/watch?v=TEWms9CUOgU"
"NUzbeX4EGkE","1675 Foxwood Dr. Tracy, CA","1675 Foxwood Dr","Tracy","8","5 years ago","5","address-only","https://www.youtube.com/watch?v=NUzbeX4EGkE"
"QkyJq_sPS2k","930 Dolores Ct. Tracy, CA","930 Dolores Ct","Tracy","25","5 years ago","5","address-only","https://www.youtube.com/watch?v=QkyJq_sPS2k"
"6tVq7FnxdiA","2100 Lotus Way Tracy, CA","2100 Lotus Way","Tracy","28","5 years ago","5","address-only","https://www.youtube.com/watch?v=6tVq7FnxdiA"
"vXEc82HfJtM","2575 Luna Ave. Tracy, CA","2575 Luna Ave","Tracy","28","5 years ago","5","address-only","https://www.youtube.com/watch?v=vXEc82HfJtM"
"yYviRe2b_h0","921 Storybook St. Manteca, CA","921 Storybook St","Manteca","12","5 years ago","5","address-only","https://www.youtube.com/watch?v=yYviRe2b_h0"
"Q-WKxS8OG9o","4230 Perennial Pl. Tracy, CA","4230 Perennial Pl","Tracy","12","5 years ago","5","address-only","https://www.youtube.com/watch?v=Q-WKxS8OG9o"
"gPNNOlK0YNA","16869 Shady Mill Way Lathrop, CA","16869 Shady Mill Way","Lathrop","10","5 years ago","5","address-only","https://www.youtube.com/watch?v=gPNNOlK0YNA"
"6x6mZV3w5Uk","402 W Piedmont Dr. Mountain House, CA","402 W Piedmont Dr","Mountain House","12","5 years ago","5","address-only","https://www.youtube.com/watch?v=6x6mZV3w5Uk"
"5cjrhBLZFY8","142 Diego Ln. Tracy, CA","142 Diego Ln","Tracy","12","5 years ago","5","address-only","https://www.youtube.com/watch?v=5cjrhBLZFY8"
"EWKlH0fVqRY","1735 Foxwood Dr. Tracy, CA","1735 Foxwood Dr","Tracy","9","5 years ago","5","address-only","https://www.youtube.com/watch?v=EWKlH0fVqRY"
"zLya92SJjGE","897 Trinity Ct. Tracy, CA","897 Trinity Ct","Tracy","43","5 years ago","5","address-only","https://www.youtube.com/watch?v=zLya92SJjGE"
"gNTsJyXPBT0","810 Ben Ingram Ln. Tracy, CA","810 Ben Ingram Ln","Tracy","45","5 years ago","5","address-only","https://www.youtube.com/watch?v=gNTsJyXPBT0"
"vkIfO0xRuHo","2490 Milano Ct. Manteca, CA","2490 Milano Ct","Manteca","5","5 years ago","5","address-only","https://www.youtube.com/watch?v=vkIfO0xRuHo"
"iO2Q2xLfujQ","316 W Verano Way Mountain House, CA","316 W Verano Way","Mountain House","19","5 years ago","5","address-only","https://www.youtube.com/watch?v=iO2Q2xLfujQ"
"W0LmWmaZPJs","546 Glenbriar Cir. Tracy, CA","546 Glenbriar Cir","Tracy","32","5 years ago","5","address-only","https://www.youtube.com/watch?v=W0LmWmaZPJs"
"7LEXF5de98s","561 Carnaby Rd. Lathrop, CA","561 Carnaby Rd","Lathrop","15","5 years ago","5","address-only","https://www.youtube.com/watch?v=7LEXF5de98s"
"5SumKNfOqmY","1059 Harvest Mill Dr. Manteca, CA","1059 Harvest Mill Dr","Manteca","17","5 years ago","5","address-only","https://www.youtube.com/watch?v=5SumKNfOqmY"
"GbP8_pkZ6pU","1246 Aincille St. Tracy, CA","1246 Aincille St","Tracy","9","5 years ago","5","address-only","https://www.youtube.com/watch?v=GbP8_pkZ6pU"
"Lf5DpfEsGJQ","1351 Hepburn St. Tracy, CA","1351 Hepburn St","Tracy","0","5 years ago","5","address-only","https://www.youtube.com/watch?v=Lf5DpfEsGJQ"
"nGfk7LcnDf0","1441 Baigorry St. Tracy, CA","1441 Baigorry St","Tracy","8","5 years ago","5","address-only","https://www.youtube.com/watch?v=nGfk7LcnDf0"
"HOl1npF5vFk","1356 Eagle St. Tracy, CA","1356 Eagle St","Tracy","3","5 years ago","5","address-only","https://www.youtube.com/watch?v=HOl1npF5vFk"
"iFuBfruJo-o","23457 Currier Dr. Tracy, CA","23457 Currier Dr","Tracy","10","5 years ago","5","address-only","https://www.youtube.com/watch?v=iFuBfruJo-o"
"sdZ5QQ6T7JI","1518 Cindy Way Tracy, CA","1518 Cindy Way","Tracy","3","5 years ago","5","address-only","https://www.youtube.com/watch?v=sdZ5QQ6T7JI"
"3FHOQ6vQb_M","1510 De Barbieri Ct. Manteca, CA","1510 De Barbieri Ct","Manteca","136","5 years ago","5","address-only","https://www.youtube.com/watch?v=3FHOQ6vQb_M"
"A6a35hlR5KU","1618 Union Ln. Tracy, CA","1618 Union Ln","Tracy","7","5 years ago","5","address-only","https://www.youtube.com/watch?v=A6a35hlR5KU"
"Q1IJ2TqO1Z8","1630 Gardenia Ct. Tracy, CA","1630 Gardenia Ct","Tracy","4","5 years ago","5","address-only","https://www.youtube.com/watch?v=Q1IJ2TqO1Z8"
"scCEgRNUFQI","1651 Hurley Ct. Tracy, CA","1651 Hurley Ct","Tracy","2","5 years ago","5","address-only","https://www.youtube.com/watch?v=scCEgRNUFQI"
"lOC5tjKrrmk","1653 Cache Ave. Manteca, CA","1653 Cache Ave","Manteca","18","5 years ago","5","address-only","https://www.youtube.com/watch?v=lOC5tjKrrmk"
"Z71TBStqcKE","1679 Dove Dr.Tracy, CA","1679 Dove Dr","Tracy","4","5 years ago","5","address-only","https://www.youtube.com/watch?v=Z71TBStqcKE"
"_gt9LOaUMOo","34678 Brichetto Ct. Tracy, CA","34678 Brichetto Ct","Tracy","5","5 years ago","5","address-only","https://www.youtube.com/watch?v=_gt9LOaUMOo"
"3f7uC6hKmTc","23015 Currier Dr. Tracy, CA","23015 Currier Dr","Tracy","22","5 years ago","5","address-only","https://www.youtube.com/watch?v=3f7uC6hKmTc"
"X12egij6Qag","8481Julie Lynne Cir. Tracy, CA","","Tracy","32","5 years ago","5","address-only","https://www.youtube.com/watch?v=X12egij6Qag"
"oPBIOYtp98M","8327 Park Pl. Tracy, CA","8327 Park Pl","Tracy","1","5 years ago","5","address-only","https://www.youtube.com/watch?v=oPBIOYtp98M"
"XYhOXMRFHh0","8503 Waterwell Way Tracy, CA","8503 Waterwell Way","Tracy","137","5 years ago","5","address-only","https://www.youtube.com/watch?v=XYhOXMRFHh0"
"dVApLIc7hGo","6770 E Woodward Ave. Manteca, CA","6770 E Woodward Ave","Manteca","4","5 years ago","5","address-only","https://www.youtube.com/watch?v=dVApLIc7hGo"
"TkGjrfYKBbc","3192 Remington Way Tracy, CA","3192 Remington Way","Tracy","62","5 years ago","5","address-only","https://www.youtube.com/watch?v=TkGjrfYKBbc"
"ZxigZEoPCOg","3043 Remington Way Tracy, CA","3043 Remington Way","Tracy","17","5 years ago","5","address-only","https://www.youtube.com/watch?v=ZxigZEoPCOg"
"1xu97OAYkWc","2775 Atlanta Dr. Tracy, CA","2775 Atlanta Dr","Tracy","5","5 years ago","5","address-only","https://www.youtube.com/watch?v=1xu97OAYkWc"
"DZce0gL8j94","2734 Roseberry Ave. Manteca, CA","2734 Roseberry Ave","Manteca","0","5 years ago","5","address-only","https://www.youtube.com/watch?v=DZce0gL8j94"
"7coChWnobME","2681 Bellchase Dr. Manteca CA, 95336","2681 Bellchase Dr","Manteca","1","5 years ago","5","address-only","https://www.youtube.com/watch?v=7coChWnobME"
"cwAq5HD4d9Y","2676 Green Haven Ct. Tracy, CA","2676 Green Haven Ct","Tracy","17","5 years ago","5","address-only","https://www.youtube.com/watch?v=cwAq5HD4d9Y"
"e_UHQUinbuA","2626 Roseberry Ave. Manteca, CA","2626 Roseberry Ave","Manteca","9","5 years ago","5","address-only","https://www.youtube.com/watch?v=e_UHQUinbuA"
"lulcDst8Tnc","2356 Degroot Ln. Manteca, CA","2356 Degroot Ln","Manteca","8","5 years ago","5","address-only","https://www.youtube.com/watch?v=lulcDst8Tnc"
"9pE5-0PFkBk","2354 Bellchase Dr. Manteca, CA","2354 Bellchase Dr","Manteca","2","5 years ago","5","address-only","https://www.youtube.com/watch?v=9pE5-0PFkBk"
"YYGvRJkAg1k","2237 Rockwell Ln. Manteca, CA","2237 Rockwell Ln","Manteca","0","5 years ago","5","address-only","https://www.youtube.com/watch?v=YYGvRJkAg1k"
"UqggCpuZCQc","2159 Walsingham Ct. Tracy, CA","2159 Walsingham Ct","Tracy","33","5 years ago","5","address-only","https://www.youtube.com/watch?v=UqggCpuZCQc"
"goa4WOEK14I","1314 Audrey Dr. Tracy, CA","1314 Audrey Dr","Tracy","2","5 years ago","5","address-only","https://www.youtube.com/watch?v=goa4WOEK14I"
"1hbmpf_up9g","1555 Monterey Ct. Tracy, CA","1555 Monterey Ct","Tracy","5","5 years ago","5","address-only","https://www.youtube.com/watch?v=1hbmpf_up9g"
"5swude2KD4Y","1380 Rowland Ct. Tracy, CA","1380 Rowland Ct","Tracy","7","5 years ago","5","address-only","https://www.youtube.com/watch?v=5swude2KD4Y"
"x4HilKAN6QE","3023 Remington Way Tracy, CA","3023 Remington Way","Tracy","53","5 years ago","5","address-only","https://www.youtube.com/watch?v=x4HilKAN6QE"
"MD915X8WJMk","462 Ribier Ct. Manteca, CA","462 Ribier Ct","Manteca","0","5 years ago","5","address-only","https://www.youtube.com/watch?v=MD915X8WJMk"
"Fi032ZzGbPI","1192 Annamarie Way Tracy, CA","1192 Annamarie Way","Tracy","3","5 years ago","5","address-only","https://www.youtube.com/watch?v=Fi032ZzGbPI"
"FdsZlM57BfE","880 Begonia Pl. Manteca, CA","880 Begonia Pl","Manteca","7","5 years ago","5","address-only","https://www.youtube.com/watch?v=FdsZlM57BfE"
"V42d4kcxaes","2813 Dorset Ln. Tracy, CA","2813 Dorset Ln","Tracy","4","5 years ago","5","address-only","https://www.youtube.com/watch?v=V42d4kcxaes"
"xTjSNeK_SzY","2460 Martin Anthony Ct. Tracy, CA","2460 Martin Anthony Ct","Tracy","0","5 years ago","5","address-only","https://www.youtube.com/watch?v=xTjSNeK_SzY"
"tVRKDnHnZZY","371 Falcon Ct. Tracy, CA","371 Falcon Ct","Tracy","15","5 years ago","5","address-only","https://www.youtube.com/watch?v=tVRKDnHnZZY"
"ldoT4ZWD1Ck","1831 Geranium Way Tracy, CA","1831 Geranium Way","Tracy","6","5 years ago","5","address-only","https://www.youtube.com/watch?v=ldoT4ZWD1Ck"
"zHFOdGFBQ4g","237 W Moraga St. Tracy, CA","237 W Moraga St","Tracy","33","5 years ago","5","address-only","https://www.youtube.com/watch?v=zHFOdGFBQ4g"
"lqxEdCDVO0Q","2506 Spencer Ln. Tracy, CA","2506 Spencer Ln","Tracy","1","5 years ago","5","address-only","https://www.youtube.com/watch?v=lqxEdCDVO0Q"
"E4b3ULzmH30","33 James Ct. Tracy, CA","33 James Ct","Tracy","3","5 years ago","5","address-only","https://www.youtube.com/watch?v=E4b3ULzmH30"
"vhEwRy27vHo","1451 Hepburn St. Tracy, CA","1451 Hepburn St","Tracy","12","5 years ago","5","address-only","https://www.youtube.com/watch?v=vhEwRy27vHo"
"9jJBDI6U86Y","2323 Gretchen Elizabeth Ct. Tracy, CA","2323 Gretchen Elizabeth Ct","Tracy","0","5 years ago","5","address-only","https://www.youtube.com/watch?v=9jJBDI6U86Y"
"zOZEWsC0s6I","1327 W Beverly Pl. Tracy, CA","1327 W Beverly Pl","Tracy","1","5 years ago","5","address-only","https://www.youtube.com/watch?v=zOZEWsC0s6I"
"npkdZJShjAo","323 Quail Run Cir. Tracy, CA","323 Quail Run Cir","Tracy","8","5 years ago","5","address-only","https://www.youtube.com/watch?v=npkdZJShjAo"
"0zCAq0MQzCg","1625 Panorama Ct. Tracy, CA","1625 Panorama Ct","Tracy","7","5 years ago","5","address-only","https://www.youtube.com/watch?v=0zCAq0MQzCg"
"ravAmsbo7oI","17755 Golden Spike Trl. Lathrop, CA","17755 Golden Spike Trl","Lathrop","12","5 years ago","5","address-only","https://www.youtube.com/watch?v=ravAmsbo7oI"
"k3N-1hMecOc","292 W Gaspara Dr. Mountain House, CA","292 W Gaspara Dr","Mountain House","7","5 years ago","5","address-only","https://www.youtube.com/watch?v=k3N-1hMecOc"
"YLnS0RgH0_c","67 Barcelona Dr. Tracy, CA","67 Barcelona Dr","Tracy","1","5 years ago","5","address-only","https://www.youtube.com/watch?v=YLnS0RgH0_c"
"GCb9omjJ0_I","202 Lauriana Ln. Tracy, CA","202 Lauriana Ln","Tracy","1","5 years ago","5","address-only","https://www.youtube.com/watch?v=GCb9omjJ0_I"
"Cn5GI63FWfo","395 Morris Phelps Dr. Tracy, CA","395 Morris Phelps Dr","Tracy","16","5 years ago","5","address-only","https://www.youtube.com/watch?v=Cn5GI63FWfo"
"PSoqdxCYx9g","426 Vineyard Pl. Pleasanton, CA","426 Vineyard Pl","Unknown","1","5 years ago","5","address-only","https://www.youtube.com/watch?v=PSoqdxCYx9g"
"Vh6VCFWs5bY","430 Benjamin Pl. Manteca, CA","430 Benjamin Pl","Manteca","4","5 years ago","5","address-only","https://www.youtube.com/watch?v=Vh6VCFWs5bY"
"EcMrGxdb1aw","351 Concord Ct. Manteca, CA","351 Concord Ct","Manteca","2","5 years ago","5","address-only","https://www.youtube.com/watch?v=EcMrGxdb1aw"
"nO_gG5JYxHM","2905 Alene Ave. Tracy, CA","2905 Alene Ave","Tracy","1","5 years ago","5","address-only","https://www.youtube.com/watch?v=nO_gG5JYxHM"
"SwkrnHgP_lU","1423 Whittingham Dr. Tracy, CA","1423 Whittingham Dr","Tracy","0","5 years ago","5","address-only","https://www.youtube.com/watch?v=SwkrnHgP_lU"
"T1630z7TE7c","2929 Kennsington Ln. Tracy, CA","2929 Kennsington Ln","Tracy","2","5 years ago","5","address-only","https://www.youtube.com/watch?v=T1630z7TE7c"
"IjKB19fYzAE","709 Williams St. Tracy, CA","709 Williams St","Tracy","2","5 years ago","5","address-only","https://www.youtube.com/watch?v=IjKB19fYzAE"
"qsKrUKiM2Z8","565 Peerless Way #112 Tracy, CA","565 Peerless Way","Tracy","0","5 years ago","5","address-only","https://www.youtube.com/watch?v=qsKrUKiM2Z8"
"qZ6q8cC-ems","2670 Colony Dr. Tracy, CA","2670 Colony Dr","Tracy","1","5 years ago","5","address-only","https://www.youtube.com/watch?v=qZ6q8cC-ems"
"xcUQFsSqVc8","1404 Cobblecreek St. Manteca, CA","1404 Cobblecreek St","Manteca","2","5 years ago","5","address-only","https://www.youtube.com/watch?v=xcUQFsSqVc8"
"uvfBJvBdoKk","3097 Ormonde St. Tracy, CA","3097 Ormonde St","Tracy","4","5 years ago","5","address-only","https://www.youtube.com/watch?v=uvfBJvBdoKk"
"_aamD0WaFLE","2862 Ralston Way Tracy, CA","2862 Ralston Way","Tracy","2","5 years ago","5","address-only","https://www.youtube.com/watch?v=_aamD0WaFLE"
"61HwObg8QJQ","23344 Tsirelas Dr. Tracy, CA","23344 Tsirelas Dr","Tracy","27","5 years ago","5","address-only","https://www.youtube.com/watch?v=61HwObg8QJQ"
"3eXlPnsAoz0","1429 Maple Valley St. Manteca, CA","1429 Maple Valley St","Manteca","9","5 years ago","5","address-only","https://www.youtube.com/watch?v=3eXlPnsAoz0"
"b4jJt1nyGDU","1746 Dogwood Glen Way. Manteca, CA","1746 Dogwood Glen Way","Manteca","7","5 years ago","5","address-only","https://www.youtube.com/watch?v=b4jJt1nyGDU"
"wFj4Ar0MzH4","382 Tennis Ct. Tracy, CA","382 Tennis Ct","Tracy","1","5 years ago","5","address-only","https://www.youtube.com/watch?v=wFj4Ar0MzH4"
"OWp8wC9dCVc","3015 Ferndown Ln. Tracy, CA","3015 Ferndown Ln","Tracy","1","5 years ago","5","address-only","https://www.youtube.com/watch?v=OWp8wC9dCVc"
"xBvfSzIbaPo","1483 Kimball Pl. Manteca, CA","1483 Kimball Pl","Manteca","6","5 years ago","5","address-only","https://www.youtube.com/watch?v=xBvfSzIbaPo"
"cy6dfgig0Ek","640 Prosperity St. Mountain House, CA","640 Prosperity St","Mountain House","13","5 years ago","5","address-only","https://www.youtube.com/watch?v=cy6dfgig0Ek"
"4W7gk_yIxOE","1534 Knollwood St. Manteca, CA","1534 Knollwood St","Manteca","3","5 years ago","5","address-only","https://www.youtube.com/watch?v=4W7gk_yIxOE"
"BwrB53GnDFQ","2087 Vivian Ct. Tracy, CA","2087 Vivian Ct","Tracy","12","5 years ago","5","address-only","https://www.youtube.com/watch?v=BwrB53GnDFQ"
"RST4DSw5v5k","901 Potsgrove Pl. Tracy, CA","901 Potsgrove Pl","Tracy","7","5 years ago","5","address-only","https://www.youtube.com/watch?v=RST4DSw5v5k"
"tT8JgOGEowo","1505 Bella Terra Dr. Manteca, CA","1505 Bella Terra Dr","Manteca","9","5 years ago","5","address-only","https://www.youtube.com/watch?v=tT8JgOGEowo"
"5w6iiSVAENg","1342 Citadelle St. Tracy, CA","1342 Citadelle St","Tracy","5","5 years ago","5","address-only","https://www.youtube.com/watch?v=5w6iiSVAENg"
"ynzI3M3TQjs","3040 Reyes Ln. Tracy, CA","3040 Reyes Ln","Tracy","2","5 years ago","5","address-only","https://www.youtube.com/watch?v=ynzI3M3TQjs"
"W2jvzRIZlXI","2611 Maple Grove Ave. Manteca, CA","2611 Maple Grove Ave","Manteca","326","5 years ago","5","address-only","https://www.youtube.com/watch?v=W2jvzRIZlXI"
"Ud_HHuwTVUs","410 Eva Dr. Manteca, CA","410 Eva Dr","Manteca","3","5 years ago","5","address-only","https://www.youtube.com/watch?v=Ud_HHuwTVUs"
"YiW0F3j3DME","2690 Meadow Brook Ln. Tracy, CA","2690 Meadow Brook Ln","Tracy","10","5 years ago","5","address-only","https://www.youtube.com/watch?v=YiW0F3j3DME"
"tR0X3TKszEU","4390 Glenbrook Dr. Tracy, CA","4390 Glenbrook Dr","Tracy","2","5 years ago","5","address-only","https://www.youtube.com/watch?v=tR0X3TKszEU"
"m0iQe4HDteo","450 Baldwin Ln. Tracy, CA","450 Baldwin Ln","Tracy","2","5 years ago","5","address-only","https://www.youtube.com/watch?v=m0iQe4HDteo"
"UEAFERM4a2g","16998 Los Padres Dr. Tracy, CA","16998 Los Padres Dr","Tracy","6","5 years ago","5","address-only","https://www.youtube.com/watch?v=UEAFERM4a2g"
"rf9cc3KLOYw","1890 Ashland Dr. Tracy, CA","1890 Ashland Dr","Tracy","1","5 years ago","5","address-only","https://www.youtube.com/watch?v=rf9cc3KLOYw"
"kWjNysLFv_w","2095 Madera Ct. Tracy, CA","2095 Madera Ct","Tracy","12","5 years ago","5","address-only","https://www.youtube.com/watch?v=kWjNysLFv_w"
"SpgTlTJ20XI","2415 Monroe St. Tracy, CA","2415 Monroe St","Tracy","0","5 years ago","5","address-only","https://www.youtube.com/watch?v=SpgTlTJ20XI"
"0m_uaOpbpOk","162 W Moraga St. Mountain House, CA","162 W Moraga St","Mountain House","8","5 years ago","5","address-only","https://www.youtube.com/watch?v=0m_uaOpbpOk"
"roBSdbrQbEA","1820 Tennis Ln. Tracy, CA","1820 Tennis Ln","Tracy","6","5 years ago","5","address-only","https://www.youtube.com/watch?v=roBSdbrQbEA"
"aIOYlkuw7mc","4208 Christopher Michael Ct. Tracy, CA","4208 Christopher Michael Ct","Tracy","19","5 years ago","5","address-only","https://www.youtube.com/watch?v=aIOYlkuw7mc"
"azVT-F8SIbk","1911 Briarwood Ct. Tracy, CA","1911 Briarwood Ct","Tracy","4","5 years ago","5","address-only","https://www.youtube.com/watch?v=azVT-F8SIbk"
"o2tXyq7dVMQ","1045 Alba St. Manteca, CA","1045 Alba St","Manteca","0","5 years ago","5","address-only","https://www.youtube.com/watch?v=o2tXyq7dVMQ"
"6GoZ6oL6l1U","2393 Shadow Berry Dr. Manteca, CA","2393 Shadow Berry Dr","Manteca","2","5 years ago","5","address-only","https://www.youtube.com/watch?v=6GoZ6oL6l1U"
"gdh3ldjc698","1623 Peggy Way Manteca, CA","1623 Peggy Way","Manteca","10","5 years ago","5","address-only","https://www.youtube.com/watch?v=gdh3ldjc698"
"XYrPPCyz8iY","1416 Cobblecreek St. Manteca, CA","1416 Cobblecreek St","Manteca","5","5 years ago","5","address-only","https://www.youtube.com/watch?v=XYrPPCyz8iY"
"6x3kjp2tyLI","1841 Oregano Way Tracy, CA","1841 Oregano Way","Tracy","172","5 years ago","5","address-only","https://www.youtube.com/watch?v=6x3kjp2tyLI"
"CwLCpgittIM","4316 Oakridge Dr. Tracy, CA","4316 Oakridge Dr","Tracy","3","5 years ago","5","address-only","https://www.youtube.com/watch?v=CwLCpgittIM"
"yGcNwERMMFw","4345 Tropaz Ln. Tracy, CA","4345 Tropaz Ln","Tracy","6","5 years ago","5","address-only","https://www.youtube.com/watch?v=yGcNwERMMFw"
"TCVacJJHWpo","349 W Lowell Ave. Tracy, CA","349 W Lowell Ave","Tracy","8","5 years ago","5","address-only","https://www.youtube.com/watch?v=TCVacJJHWpo"
"JXKUeX2WGBM","802 Darby Dr. Tracy, CA","802 Darby Dr","Tracy","2","5 years ago","5","address-only","https://www.youtube.com/watch?v=JXKUeX2WGBM"
"wTuScTAX3pg","1062 Tulloch Dr. Tracy, CA","1062 Tulloch Dr","Tracy","2","5 years ago","5","address-only","https://www.youtube.com/watch?v=wTuScTAX3pg"
"HrGKRFFKjy4","1943 Geneva Way Manteca, CA","1943 Geneva Way","Manteca","11","5 years ago","5","address-only","https://www.youtube.com/watch?v=HrGKRFFKjy4"
"2oWK7wV9F6U","651 Monte Casa St. Manteca, CA","651 Monte Casa St","Manteca","33","5 years ago","5","address-only","https://www.youtube.com/watch?v=2oWK7wV9F6U"
"TR-5aKlBEt8","2439 Carol Ann Dr. Tracy, CA","2439 Carol Ann Dr","Tracy","0","5 years ago","5","address-only","https://www.youtube.com/watch?v=TR-5aKlBEt8"
"UpWYu2lJWbc","296 W Gaspara Dr. Mountain House, CA","296 W Gaspara Dr","Mountain House","3","5 years ago","5","address-only","https://www.youtube.com/watch?v=UpWYu2lJWbc"
"TIQr7uOk2L0","341 W 21st St. Tracy, CA","341 W 21st St","Tracy","3","5 years ago","5","address-only","https://www.youtube.com/watch?v=TIQr7uOk2L0"
"NrgLuuW923g","2162 Golden Gate Dr. Tracy, CA","2162 Golden Gate Dr","Tracy","6","5 years ago","5","address-only","https://www.youtube.com/watch?v=NrgLuuW923g"
"V_zZyJP5WkA","698 Sagewood Ln. Tracy, CA","698 Sagewood Ln","Tracy","15","5 years ago","5","address-only","https://www.youtube.com/watch?v=V_zZyJP5WkA"
"FYXPNQQm3pY","1537 Ellis Ln. Manteca, CA","1537 Ellis Ln","Manteca","1","5 years ago","5","address-only","https://www.youtube.com/watch?v=FYXPNQQm3pY"
"9TJY4uaQsjo","319 S Veach Ave. Manteca, CA","319 S Veach Ave","Manteca","11","5 years ago","5","address-only","https://www.youtube.com/watch?v=9TJY4uaQsjo"
"98D2zVB-Ozo","2469 Shadow Berry Dr. Manteca, CA","2469 Shadow Berry Dr","Manteca","3","5 years ago","5","address-only","https://www.youtube.com/watch?v=98D2zVB-Ozo"
"mU21avddCBk","2750 Georgia Dr. Tracy, CA","2750 Georgia Dr","Tracy","1","5 years ago","5","address-only","https://www.youtube.com/watch?v=mU21avddCBk"
"PZv-clIaWwg","4120 Chiavari Way Manteca, CA","4120 Chiavari Way","Manteca","36","5 years ago","5","address-only","https://www.youtube.com/watch?v=PZv-clIaWwg"
"_FGtArdLE7k","1431 Divine Ln. Tracy, CA","1431 Divine Ln","Tracy","2","5 years ago","5","address-only","https://www.youtube.com/watch?v=_FGtArdLE7k"
"6PObsrR3CUw","302 Johnson Ferry Rd. Lathrop, CA","302 Johnson Ferry Rd","Lathrop","47","5 years ago","5","address-only","https://www.youtube.com/watch?v=6PObsrR3CUw"
"3M3cpB9-AvQ","980 Park Place Ct. Lathrop, CA","980 Park Place","Lathrop","29","5 years ago","5","address-only","https://www.youtube.com/watch?v=3M3cpB9-AvQ"
"otanErVTX2o","1086 Harvest Mill Dr. Manteca, CA","1086 Harvest Mill Dr","Manteca","1","5 years ago","5","address-only","https://www.youtube.com/watch?v=otanErVTX2o"
"zoyCi518QIc","1462 Riva Trigoso Dr. Manteca, CA","1462 Riva Trigoso Dr","Manteca","17","5 years ago","5","address-only","https://www.youtube.com/watch?v=zoyCi518QIc"
"ERLTmkJUsVs","2289 Yellowstone Ave. Tracy, CA","2289 Yellowstone Ave","Tracy","4","5 years ago","5","address-only","https://www.youtube.com/watch?v=ERLTmkJUsVs"
"UoYeMxBVXgQ","4131 Aplicella Ct. Manteca, CA","4131 Aplicella Ct","Manteca","5","5 years ago","5","address-only","https://www.youtube.com/watch?v=UoYeMxBVXgQ"
"AQ7vLNqsqns","582 Banff Ct. Tracy, CA","582 Banff Ct","Tracy","6","5 years ago","5","address-only","https://www.youtube.com/watch?v=AQ7vLNqsqns"
"gaTWa86uU1c","3025 Garden Ct. Tracy, CA","3025 Garden Ct","Tracy","0","5 years ago","5","address-only","https://www.youtube.com/watch?v=gaTWa86uU1c"
"fSf8JJkJXtg","425 Cumberland Dr. Tracy, CA","425 Cumberland Dr","Tracy","6","5 years ago","5","address-only","https://www.youtube.com/watch?v=fSf8JJkJXtg"
"b0WPrAkhMBY","1379 Dove Dr. Tracy, CA","1379 Dove Dr","Tracy","5","5 years ago","5","address-only","https://www.youtube.com/watch?v=b0WPrAkhMBY"
"MiXHN1w_Blk","1401 Hazelnut Way Manteca, CA","1401 Hazelnut Way","Manteca","0","5 years ago","5","address-only","https://www.youtube.com/watch?v=MiXHN1w_Blk"
"qwFT_kwh2xU","17242 S Wood Creek Ln. Lathrop, CA","17242 S Wood Creek Ln","Lathrop","5","5 years ago","5","address-only","https://www.youtube.com/watch?v=qwFT_kwh2xU"
"hpY3g2gRpGY","4632 Riverview Ct. Tracy, CA","4632 Riverview Ct","Tracy","0","5 years ago","5","address-only","https://www.youtube.com/watch?v=hpY3g2gRpGY"
"zaptVpIEcYU","2696 Maple Grove Ave. Manteca, CA","2696 Maple Grove Ave","Manteca","0","5 years ago","5","address-only","https://www.youtube.com/watch?v=zaptVpIEcYU"
"KGEpqJGx568","563 W Campania Way Mountain House, CA","563 W Campania Way","Mountain House","20","5 years ago","5","address-only","https://www.youtube.com/watch?v=KGEpqJGx568"
"3Rq_r420smE","2751 Bellchase Dr. Manteca, CA","2751 Bellchase Dr","Manteca","3","5 years ago","5","address-only","https://www.youtube.com/watch?v=3Rq_r420smE"
"FJ-z-dfFU4U","5408 Rabbit Hill Ct. Salida, CA","5408 Rabbit Hill Ct","Salida","2","5 years ago","5","address-only","https://www.youtube.com/watch?v=FJ-z-dfFU4U"
"hBuTWL67_s4","251 Reece Ct. Ripon, CA","251 Reece Ct","Ripon","5","5 years ago","5","address-only","https://www.youtube.com/watch?v=hBuTWL67_s4"
"ZXlpuRNTCM8","3501 Crowley Ct","3501 Crowley Ct","Unknown","1","5 years ago","5","address-only","https://www.youtube.com/watch?v=ZXlpuRNTCM8"
"RxZQtFjssCo","2475 Belle Glade Ln. Manteca, CA","2475 Belle Glade Ln","Manteca","22","5 years ago","5","address-only","https://www.youtube.com/watch?v=RxZQtFjssCo"
"TNJn5mtvYXI","1648 Tamarisk Ln. Tracy, CA","1648 Tamarisk Ln","Tracy","3","5 years ago","5","address-only","https://www.youtube.com/watch?v=TNJn5mtvYXI"
"F7kSMZ2PCdA","1149 Mingo Way Lathrop, CA","1149 Mingo Way","Lathrop","5","5 years ago","5","address-only","https://www.youtube.com/watch?v=F7kSMZ2PCdA"
"GC27fCfVlH0","1680 Brandon Dewey Ln. Tracy, CA","1680 Brandon Dewey Ln","Tracy","1","5 years ago","5","address-only","https://www.youtube.com/watch?v=GC27fCfVlH0"
"g2rYmhjLo0o","8372 Waterwell Way Tracy, CA","8372 Waterwell Way","Tracy","102","5 years ago","5","address-only","https://www.youtube.com/watch?v=g2rYmhjLo0o"
"8trWoMD3o8k","517 Rockingham Way Tracy, CA","517 Rockingham Way","Tracy","0","5 years ago","5","address-only","https://www.youtube.com/watch?v=8trWoMD3o8k"
"dywMqh_DXAY","172 Dyer Ave. Manteca, CA","172 Dyer Ave","Manteca","0","5 years ago","5","address-only","https://www.youtube.com/watch?v=dywMqh_DXAY"
"nWLSIJasfZg","2081 Derrick Ave. Manteca, CA","2081 Derrick Ave","Manteca","4","5 years ago","5","address-only","https://www.youtube.com/watch?v=nWLSIJasfZg"
"OSXo-BPOJn8","1570 Meadow Lark Ln. Tracy, CA","1570 Meadow Lark Ln","Tracy","3","5 years ago","5","address-only","https://www.youtube.com/watch?v=OSXo-BPOJn8"
"4TAUW4MdQ6w","861 W Mount Diablo Ave. Tracy, CA","861 W Mount Diablo Ave","Tracy","0","5 years ago","5","address-only","https://www.youtube.com/watch?v=4TAUW4MdQ6w"
"00SFn2TUtlk","1957 Pagoda Ct. Tracy, CA","1957 Pagoda Ct","Tracy","0","5 years ago","5","address-only","https://www.youtube.com/watch?v=00SFn2TUtlk"
"mJuu4ReL1S4","974 Cobalt Dr. Tracy, CA","974 Cobalt Dr","Tracy","1","5 years ago","5","address-only","https://www.youtube.com/watch?v=mJuu4ReL1S4"
"SkeTWHUS_Qg","1542 Jennifer Way Tracy, CA","1542 Jennifer Way","Tracy","6","5 years ago","5","address-only","https://www.youtube.com/watch?v=SkeTWHUS_Qg"
"hnq1L-3d8pI","553 W Lowell Ave. Tracy, CA","553 W Lowell Ave","Tracy","3","5 years ago","5","address-only","https://www.youtube.com/watch?v=hnq1L-3d8pI"
"L1Y-CQEHB1U","1846 Bayberry Ln. Tracy, CA","1846 Bayberry Ln","Tracy","1","5 years ago","5","address-only","https://www.youtube.com/watch?v=L1Y-CQEHB1U"
"IxJfmgPoox8","1705 Wall St. Tracy, CA","1705 Wall St","Tracy","2","5 years ago","5","address-only","https://www.youtube.com/watch?v=IxJfmgPoox8"
"6x48MEwXLhs","13440 Galena St. Lathrop, CA","13440 Galena St","Lathrop","5","5 years ago","5","address-only","https://www.youtube.com/watch?v=6x48MEwXLhs"
"X1z6ixEhNM0","878 Trinity Ct. Tracy, CA","878 Trinity Ct","Tracy","165","5 years ago","5","address-only","https://www.youtube.com/watch?v=X1z6ixEhNM0"
"wa7KX3Lzmuc","16734 Von Sosten Rd. Tracy, CA","16734 Von Sosten Rd","Tracy","11","5 years ago","5","address-only","https://www.youtube.com/watch?v=wa7KX3Lzmuc"
"tynz7o-q9pE","18198 Commercial St. Lathrop, CA","18198 Commercial St","Lathrop","51","5 years ago","5","address-only","https://www.youtube.com/watch?v=tynz7o-q9pE"
"pIa30orAmwk","1920 Paradise Valley Ct. Tracy, CA","1920 Paradise Valley Ct","Tracy","10","5 years ago","5","address-only","https://www.youtube.com/watch?v=pIa30orAmwk"
"o4mDu7CXhMo","811 N Plumas Dr. Mountain House, CA","811 N Plumas Dr","Mountain House","10","5 years ago","5","address-only","https://www.youtube.com/watch?v=o4mDu7CXhMo"
"JJ8uw9KlXkE","227 W Santa Cruz Way Mountain House, CA","227 W Santa Cruz Way","Mountain House","3","5 years ago","5","address-only","https://www.youtube.com/watch?v=JJ8uw9KlXkE"
"XpvQkS8qlp0","2189 Walsingham Ct. Tracy, CA","2189 Walsingham Ct","Tracy","4","5 years ago","5","address-only","https://www.youtube.com/watch?v=XpvQkS8qlp0"
"HQf5JsSDGuk","871 Allegheny Ct. Tracy, CA","871 Allegheny Ct","Tracy","9","5 years ago","5","address-only","https://www.youtube.com/watch?v=HQf5JsSDGuk"
"pTwI_2p15Ao","1287 Muir Ct. Tracy, CA","1287 Muir Ct","Tracy","4","5 years ago","5","address-only","https://www.youtube.com/watch?v=pTwI_2p15Ao"
"fS7rdptaHow","341 Accipiter Ct. Tracy, CA","341 Accipiter Ct","Tracy","2","5 years ago","5","address-only","https://www.youtube.com/watch?v=fS7rdptaHow"
"aDMDax1XOXM","4189 Pinon Way Livermore, CA","4189 Pinon Way","Livermore","2","5 years ago","5","address-only","https://www.youtube.com/watch?v=aDMDax1XOXM"
"-OOy_RIa4zE","2802 Remington Way Tracy, CA","2802 Remington Way","Tracy","7","5 years ago","5","address-only","https://www.youtube.com/watch?v=-OOy_RIa4zE"
"cgJeY7mhSNE","552 Robert Gabriel Ct. Tracy, CA","552 Robert Gabriel Ct","Tracy","14","5 years ago","5","address-only","https://www.youtube.com/watch?v=cgJeY7mhSNE"
"S7F1I9Ssujk","1598 Northgate Dr. Manteca, CA","1598 Northgate Dr","Manteca","40","5 years ago","5","address-only","https://www.youtube.com/watch?v=S7F1I9Ssujk"
"Oib66s6T1mo","402 S Providence St. Mountain House, CA","402 S Providence St","Mountain House","12","5 years ago","5","address-only","https://www.youtube.com/watch?v=Oib66s6T1mo"
"HXR1tH8uWb8","213 Ridgeview Dr. Tracy, CA","213 Ridgeview Dr","Tracy","1","5 years ago","5","address-only","https://www.youtube.com/watch?v=HXR1tH8uWb8"
"bW3l-Q1Wgvg","1254 Stefano Way Manteca, CA","1254 Stefano Way","Manteca","2","5 years ago","5","address-only","https://www.youtube.com/watch?v=bW3l-Q1Wgvg"
"qWt5PgMclAI","1096 Harvest Mill Dr. Manteca, CA","1096 Harvest Mill Dr","Manteca","4","5 years ago","5","address-only","https://www.youtube.com/watch?v=qWt5PgMclAI"
"4MtSJG9bc7k","1224 Yorktown Ln. Manteca, CA","1224 Yorktown Ln","Manteca","0","5 years ago","5","address-only","https://www.youtube.com/watch?v=4MtSJG9bc7k"
"IOcevJcMppM","2832 Dorset Ln. Tracy, CA","2832 Dorset Ln","Tracy","3","5 years ago","5","address-only","https://www.youtube.com/watch?v=IOcevJcMppM"
"qnJThfr-uAw","1362 Whittingham Dr. Tracy, CA","1362 Whittingham Dr","Tracy","2","5 years ago","5","address-only","https://www.youtube.com/watch?v=qnJThfr-uAw"
"Mb_OToQc8X0","1155 Tom Fowler Dr. Tracy, CA","1155 Tom Fowler Dr","Tracy","5","5 years ago","5","address-only","https://www.youtube.com/watch?v=Mb_OToQc8X0"
"H7JujMMfipE","4505 Oakridge Dr. Tracy, CA","4505 Oakridge Dr","Tracy","3","5 years ago","5","address-only","https://www.youtube.com/watch?v=H7JujMMfipE"
"ieBvjhdo4Hs","1308 Primavera Ave. Manteca, CA","1308 Primavera Ave","Manteca","6","5 years ago","5","address-only","https://www.youtube.com/watch?v=ieBvjhdo4Hs"
"M3Q0IOGVOEY","2217 Rockwell Ln. Manteca, CA","2217 Rockwell Ln","Manteca","1","5 years ago","5","address-only","https://www.youtube.com/watch?v=M3Q0IOGVOEY"
"FQsA1z3Mvi0","2386 Sabrina Way Tracy, CA","2386 Sabrina Way","Tracy","24","5 years ago","5","address-only","https://www.youtube.com/watch?v=FQsA1z3Mvi0"
"uwOU4ZGxyGE","2258 Fountain Square Ave. Manteca, CA","2258 Fountain Square Ave","Manteca","13","5 years ago","5","address-only","https://www.youtube.com/watch?v=uwOU4ZGxyGE"
"3JUtGEKUo-A","2435 Monroe St. Tracy, CA","2435 Monroe St","Tracy","3","5 years ago","5","address-only","https://www.youtube.com/watch?v=3JUtGEKUo-A"
"YUssr5L_3hI","579 Tyler Ct. Tracy, CA","579 Tyler Ct","Tracy","0","5 years ago","5","address-only","https://www.youtube.com/watch?v=YUssr5L_3hI"
"x1u_SFLN7ek","458 Burlington Dr. Tracy, CA","458 Burlington Dr","Tracy","1","5 years ago","5","address-only","https://www.youtube.com/watch?v=x1u_SFLN7ek"
"DCyxmeICOwc","681 Argonaut St. Manteca, CA","681 Argonaut St","Manteca","5","5 years ago","5","address-only","https://www.youtube.com/watch?v=DCyxmeICOwc"
"ySmepx8kwMo","1650 Tinnin Rd. Manteca, CA","1650 Tinnin Rd","Manteca","3","5 years ago","5","address-only","https://www.youtube.com/watch?v=ySmepx8kwMo"
"WQiFsppjM9o","15909 Crescent Park Cir. Lathrop, CA","15909 Crescent Park Cir","Lathrop","31","5 years ago","5","address-only","https://www.youtube.com/watch?v=WQiFsppjM9o"
"FnZ5Ym7zihc","3131 Hutton Pl. Tracy, CA","3131 Hutton Pl","Tracy","130","5 years ago","5","address-only","https://www.youtube.com/watch?v=FnZ5Ym7zihc"
"oy1l82uKWcw","405 E 3rd St. Tracy, CA","405 E 3rd St","Tracy","3","5 years ago","5","address-only","https://www.youtube.com/watch?v=oy1l82uKWcw"
"cPCgLUnZQxs","1242 Citadelle St. Tracy, CA","1242 Citadelle St","Tracy","2","5 years ago","5","address-only","https://www.youtube.com/watch?v=cPCgLUnZQxs"
"UtVrAx9E4jE","2950 Compton Pl. Tracy, CA","2950 Compton Pl","Tracy","1","5 years ago","5","address-only","https://www.youtube.com/watch?v=UtVrAx9E4jE"
"UJNyGZvW9MY","1920 Earl Way Tracy, CA","1920 Earl Way","Tracy","9","5 years ago","5","address-only","https://www.youtube.com/watch?v=UJNyGZvW9MY"
"Cog8Fx79cJk","1413 Arbor Brook Dr. Manteca, CA","1413 Arbor Brook Dr","Manteca","2","5 years ago","5","address-only","https://www.youtube.com/watch?v=Cog8Fx79cJk"
"eFSds3zy5A4","2110 Holly Dr. Tracy, CA","2110 Holly Dr","Tracy","1","5 years ago","5","address-only","https://www.youtube.com/watch?v=eFSds3zy5A4"
"UVObeCB6xHI","2835 Reyes Ln. Tracy, CA","2835 Reyes Ln","Tracy","2","5 years ago","5","address-only","https://www.youtube.com/watch?v=UVObeCB6xHI"
"ACe0VukFhUU","2918 Cotton Briar Ln. Manteca, CA","2918 Cotton Briar Ln","Manteca","3","5 years ago","5","address-only","https://www.youtube.com/watch?v=ACe0VukFhUU"
"hVqeVrg-6sk","2438 Millpond Way Manteca, CA","2438 Millpond Way","Manteca","0","5 years ago","5","address-only","https://www.youtube.com/watch?v=hVqeVrg-6sk"
"nQI4hiTB0lM","751 Greenford Ct. Tracy, CA","751 Greenford Ct","Tracy","1","5 years ago","5","address-only","https://www.youtube.com/watch?v=nQI4hiTB0lM"
"W7c-RJQND-w","23463 Santos Ct. Tracy, CA","23463 Santos Ct","Tracy","11","5 years ago","5","address-only","https://www.youtube.com/watch?v=W7c-RJQND-w"
"KX-H_CSqnx4","1432 Carriage House St. Manteca, CA","1432 Carriage House St","Manteca","0","5 years ago","5","address-only","https://www.youtube.com/watch?v=KX-H_CSqnx4"
"u-3TXnt_ISw","1545 Doe Trail Ln. Tracy, CA","1545 Doe Trail","Tracy","3","5 years ago","5","address-only","https://www.youtube.com/watch?v=u-3TXnt_ISw"
"W3JGvuYXl88","2662 Roseberry Ave. Manteca, CA","2662 Roseberry Ave","Manteca","1","5 years ago","5","address-only","https://www.youtube.com/watch?v=W3JGvuYXl88"
"KPprQGo-JWU","368 Carroll St. Mountain House, CA","368 Carroll St","Mountain House","34","5 years ago","5","address-only","https://www.youtube.com/watch?v=KPprQGo-JWU"
"uLNPupmOVWw","201 S Aldea St. Mountain House, CA","201 S Aldea St","Mountain House","6","5 years ago","5","address-only","https://www.youtube.com/watch?v=uLNPupmOVWw"
"YN-rWPaglio","2840 Butler Ct. Tracy, CA","2840 Butler Ct","Tracy","15","5 years ago","5","address-only","https://www.youtube.com/watch?v=YN-rWPaglio"
"NtRzu2PRRuU","42 Elizabeth Ct. Tracy, CA","42 Elizabeth Ct","Tracy","2","5 years ago","5","address-only","https://www.youtube.com/watch?v=NtRzu2PRRuU"
"cNpxlK5qmmY","1375 Busca Dr. Tracy, CA","1375 Busca Dr","Tracy","0","5 years ago","5","address-only","https://www.youtube.com/watch?v=cNpxlK5qmmY"
"Z4_VXFvdFb8","1285 Belmont Ct. Tracy, CA","1285 Belmont Ct","Tracy","0","5 years ago","5","address-only","https://www.youtube.com/watch?v=Z4_VXFvdFb8"
"Fk-rvHT8ck8","4415 Mondavi Ct. Stockton, CA","4415 Mondavi Ct","Stockton","0","5 years ago","5","address-only","https://www.youtube.com/watch?v=Fk-rvHT8ck8"
"7L29u5eevEM","17927 Winter Wheat Ln. Lathrop, CA","17927 Winter Wheat Ln","Lathrop","4","5 years ago","5","address-only","https://www.youtube.com/watch?v=7L29u5eevEM"
"_bdvUGz9bKg","1680 Treehaven Ln. Tracy, CA","1680 Treehaven Ln","Tracy","1","5 years ago","5","address-only","https://www.youtube.com/watch?v=_bdvUGz9bKg"
"UDl4zPq1XX8","273 Bella Pl. Lathrop, CA","273 Bella Pl","Lathrop","8","5 years ago","5","address-only","https://www.youtube.com/watch?v=UDl4zPq1XX8"
"hwBp2f1tWZM","244 Ridgeview Dr. Tracy, CA","244 Ridgeview Dr","Tracy","0","5 years ago","5","address-only","https://www.youtube.com/watch?v=hwBp2f1tWZM"
"n5F7xg66uo4","3405 Ernest Dr. Tracy, CA","3405 Ernest Dr","Tracy","1","5 years ago","5","address-only","https://www.youtube.com/watch?v=n5F7xg66uo4"
"dXumz4pqV_E","1463 Tiburon Ct. Tracy, CA","1463 Tiburon Ct","Tracy","4","5 years ago","5","address-only","https://www.youtube.com/watch?v=dXumz4pqV_E"
"6LuRLv-LfP4","1830 Diamond Oak Way Manteca, CA","1830 Diamond Oak Way","Manteca","3","5 years ago","5","address-only","https://www.youtube.com/watch?v=6LuRLv-LfP4"
"FqScovg93AY","1071 Meadowbrook Dr. Manteca, CA","1071 Meadowbrook Dr","Manteca","5","5 years ago","5","address-only","https://www.youtube.com/watch?v=FqScovg93AY"
"s4JUuGErpts","1407 Maple Valley St. Manteca, CA","1407 Maple Valley St","Manteca","10","5 years ago","5","address-only","https://www.youtube.com/watch?v=s4JUuGErpts"
"mJrPxc98Pnw","830 Petrig St. Tracy, CA","830 Petrig St","Tracy","0","5 years ago","5","address-only","https://www.youtube.com/watch?v=mJrPxc98Pnw"
"3Alg86OwAGg","975 Jasmine Hollow Dr. Manteca, CA","975 Jasmine Hollow Dr","Manteca","4","5 years ago","5","address-only","https://www.youtube.com/watch?v=3Alg86OwAGg"
"7TQtZfGbWqo","1960 Zoe Ln. Manteca, CA","1960 Zoe Ln","Manteca","4","5 years ago","5","address-only","https://www.youtube.com/watch?v=7TQtZfGbWqo"
"9AsbFkl-xM4","13658 Havenwood St. Lathrop, CA","13658 Havenwood St","Lathrop","28","5 years ago","5","address-only","https://www.youtube.com/watch?v=9AsbFkl-xM4"
"qRXB5oZOAiM","4240 Pinehurst Cir. Stockton, CA","4240 Pinehurst Cir","Stockton","7","5 years ago","5","address-only","https://www.youtube.com/watch?v=qRXB5oZOAiM"
"uBGpuBZ0-c8","134 La Monte Ln. Tracy, CA","134 La Monte Ln","Tracy","7","5 years ago","5","address-only","https://www.youtube.com/watch?v=uBGpuBZ0-c8"
"4BVlzlF_l7g","1880 Radcliff Ct. Tracy, CA","1880 Radcliff Ct","Tracy","0","5 years ago","5","address-only","https://www.youtube.com/watch?v=4BVlzlF_l7g"
"nY09SAz-ASY","2567 Remy Cantos Dr. Tracy, CA","2567 Remy Cantos Dr","Tracy","4","5 years ago","5","address-only","https://www.youtube.com/watch?v=nY09SAz-ASY"
"3Qz-bTa4gbs","1878 Bayberry Ln. Tracy, CA","1878 Bayberry Ln","Tracy","2","5 years ago","5","address-only","https://www.youtube.com/watch?v=3Qz-bTa4gbs"
"W6uYYia3zwQ","2665 Monroe St. Tracy, CA","2665 Monroe St","Tracy","2","5 years ago","5","address-only","https://www.youtube.com/watch?v=W6uYYia3zwQ"
"V2-MokPHuN0","1020 Beaconfield Ct. Tracy, CA","1020 Beaconfield Ct","Tracy","3","5 years ago","5","address-only","https://www.youtube.com/watch?v=V2-MokPHuN0"
"yPhHnASHcHY","379 Burlington Dr. Tracy, CA","379 Burlington Dr","Tracy","1","5 years ago","5","address-only","https://www.youtube.com/watch?v=yPhHnASHcHY"
"1WmASTvQ634","1265 Eagle St. Tracy, CA","1265 Eagle St","Tracy","4","5 years ago","5","address-only","https://www.youtube.com/watch?v=1WmASTvQ634"
"DraJ3l7CDmc","430 Sharon Ct. Manteca, CA","430 Sharon Ct","Manteca","0","5 years ago","5","address-only","https://www.youtube.com/watch?v=DraJ3l7CDmc"
"Kv14MApSig4","1201 Manley Dr. Tracy, CA","1201 Manley Dr","Tracy","11","5 years ago","5","address-only","https://www.youtube.com/watch?v=Kv14MApSig4"
"cJvYL1Ti0yQ","2610 Bellchase Dr. Manteca, CA","2610 Bellchase Dr","Manteca","17","5 years ago","5","address-only","https://www.youtube.com/watch?v=cJvYL1Ti0yQ"
"Lk3u_qI610I","78 Primrose Ct. Tracy, CA","78 Primrose Ct","Tracy","8","5 years ago","5","address-only","https://www.youtube.com/watch?v=Lk3u_qI610I"
"xN8XIBCmadI","15850 Rancho Verde Ct. Tracy, CA","15850 Rancho Verde Ct","Tracy","34","5 years ago","5","address-only","https://www.youtube.com/watch?v=xN8XIBCmadI"
"iHkbuHYVPbA","5151 California Ave. Tracy, CA","5151 California Ave","Tracy","42","5 years ago","5","address-only","https://www.youtube.com/watch?v=iHkbuHYVPbA"
"taEW4gG6eC0","1085 Tom Fowler Dr. Tracy, CA","1085 Tom Fowler Dr","Tracy","2","5 years ago","5","address-only","https://www.youtube.com/watch?v=taEW4gG6eC0"
"P0dYiAxjGMc","2477 Gardenstone Pl. Manteca, CA","2477 Gardenstone Pl","Manteca","4","5 years ago","5","address-only","https://www.youtube.com/watch?v=P0dYiAxjGMc"
"lNQCD3Tl_iA","1310 Claremont Dr. Tracy, CA","1310 Claremont Dr","Tracy","4","5 years ago","5","address-only","https://www.youtube.com/watch?v=lNQCD3Tl_iA"
"28OnXUCKbO4","593 General Ln. Tracy, CA","593 General Ln","Tracy","7","5 years ago","5","address-only","https://www.youtube.com/watch?v=28OnXUCKbO4"
"mm4fkV-eXr8","2666 Daisy Ln. Tracy, CA","2666 Daisy Ln","Tracy","14","5 years ago","5","address-only","https://www.youtube.com/watch?v=mm4fkV-eXr8"
"K3W55UZjFRI","1850 Camellia Dr. Tracy, CA","1850 Camellia Dr","Tracy","14","5 years ago","5","address-only","https://www.youtube.com/watch?v=K3W55UZjFRI"
"AQA335EPP5Y","700 Foxwood Dr. Tracy, CA","700 Foxwood Dr","Tracy","3","5 years ago","5","address-only","https://www.youtube.com/watch?v=AQA335EPP5Y"
"n-IEoIn14kA","1295 Como Dr. Manteca, CA","1295 Como Dr","Manteca","1200","5 years ago","5","address-only","https://www.youtube.com/watch?v=n-IEoIn14kA"
"NIsuoQN5CjE","17716 Almond Orchard Way. Lathrop, CA","17716 Almond Orchard Way","Lathrop","4","5 years ago","5","address-only","https://www.youtube.com/watch?v=NIsuoQN5CjE"
"Ca15tIHz-JU","2649 Cherry Grove Ave. Manteca, CA","2649 Cherry Grove Ave","Manteca","3","5 years ago","5","address-only","https://www.youtube.com/watch?v=Ca15tIHz-JU"
"8KT-Bc3mLsE","8351 W Fairoaks Rd. Tracy, CA","8351 W Fairoaks Rd","Tracy","17","5 years ago","5","address-only","https://www.youtube.com/watch?v=8KT-Bc3mLsE"
"UD0Mwgj17GU","1233 Pyrenees St. Tracy, CA","1233 Pyrenees St","Tracy","5","5 years ago","5","address-only","https://www.youtube.com/watch?v=UD0Mwgj17GU"
"f_zjVAymVGY","3996 Castellina Way Manteca, CA","3996 Castellina Way","Manteca","737","5 years ago","5","address-only","https://www.youtube.com/watch?v=f_zjVAymVGY"
"L8TKwVAS2wo","27828 S. Traina Ct., Tracy CA","27828 S. Traina Ct","Tracy","181","5 years ago","5","address-only","https://www.youtube.com/watch?v=L8TKwVAS2wo"