SaleID,AgentKey,CloseDateKey,ListDateKey,CommunityKey,PropertyTypeKey,SideKey,LeadSourceKey,FinancingKey,BuyerProfileKey,PriceBandKey,ListPrice,SalePrice,PriceVsList,DaysOnMarket,SquareFeet,Bedrooms,Bathrooms,YearBuilt,LotSquareFeet,CommissionRate,GrossCommission,AgentNetCommission,SellerConcession,MapX,MapY
1,1,19881123,19880926,1,1,1,1,2,2,1,184500,174000,-10500,58,1770,3,2.5,1970,4250,0.0225,3915,3328,0,236.9,471.5
2,1,19880202,19871122,1,1,2,1,3,2,1,196000,191500,-4500,72,1790,3,2.5,1982,8500,0.0225,4309,3663,0,232.2,458.6
3,1,19880225,19880109,1,1,2,2,1,1,1,159500,158000,-1500,47,1620,3,2.5,1971,4300,0.023,3634,3089,0,258.2,469.1
4,1,19880416,19880214,3,1,1,2,1,1,1,201000,196500,-4500,62,1930,3,2.5,1978,7550,0.0245,4814,4092,0,475.8,394
5,1,19880606,19880402,1,1,2,6,1,1,2,257500,257000,-500,65,2270,4,3.5,1979,5550,0.0265,6811,5789,0,230.8,453.9
6,1,19880626,19880429,1,1,2,1,2,1,1,162000,161000,-1000,58,1760,3,2.5,1960,7900,0.0225,3623,3080,0,220.3,445.3
7,1,19880520,19880312,1,1,1,2,1,2,1,196000,198000,2000,69,2070,3,2.5,1965,6200,0.025500000000000002,5049,4292,0,248.7,460.6
8,1,19880429,19880218,1,1,1,6,1,2,1,133000,126500,-6500,71,1610,3,2.5,1955,6000,0.024,3036,2581,0,250.2,486
9,1,19880912,19880626,1,1,1,1,1,5,1,240000,232500,-7500,78,2170,4,3.5,1976,7550,0.025500000000000002,5929,5040,0,249.2,450.2
10,1,19880828,19880705,1,1,1,1,2,5,1,190500,186000,-4500,54,2050,3,2.5,1987,9950,0.0235,4371,3715,2000,253.3,498.8
11,1,19881019,19880825,1,1,1,1,3,2,1,147500,145500,-2000,55,1670,3,2.5,1959,6850,0.026000000000000002,3783,3216,0,261,475
12,1,19880621,19880420,1,1,2,2,1,1,1,144500,141500,-3000,62,1600,2,2,1970,7850,0.023,3255,2767,0,245.6,468.5
13,1,19880114,19871114,1,1,3,6,4,4,1,224000,217000,-7000,61,1890,4,3.5,1959,5700,0.044,9548,8116,0,254.7,456.3
14,1,19880301,19880105,1,1,2,2,1,2,1,179000,178000,-1000,56,1800,3,2.5,1981,7250,0.025,4450,3783,0,254.6,451.7
15,1,19881009,19880819,1,1,1,2,2,5,1,192500,184500,-8000,51,2110,3,2.5,1974,6500,0.03,5535,4705,1000,262.4,449.8
16,1,19881130,19881014,1,1,2,6,1,5,1,170500,164500,-6000,47,1610,2,2,1969,6650,0.025,4113,3496,0,232.3,464.4
17,1,19880418,19880228,1,1,2,2,1,1,1,145500,143500,-2000,50,1500,2,2,1973,3850,0.026000000000000002,3731,3171,0,250.4,430.7
18,1,19880613,19880415,1,1,2,3,1,5,1,250500,248000,-2500,59,2240,3,2.5,1964,6450,0.0285,7068,6008,0,235.2,463.4
19,1,19880128,19871208,1,1,2,6,1,2,1,155500,155000,-500,51,1830,3,2.5,1956,8050,0.027,4185,3557,0,268.8,465
20,1,19880914,19880615,1,1,2,8,1,3,1,194500,191000,-3500,91,2040,4,3.5,1985,7950,0.029,5539,4708,0,234.5,461
21,1,19880927,19880805,1,1,3,9,1,5,1,237000,230000,-7000,53,2120,4,3.5,1985,6100,0.048,11040,9384,0,237.7,447.4
22,1,19880323,19871231,1,1,3,2,3,2,1,164500,168000,3500,83,1650,2,2,1986,5700,0.048,8064,6854,0,246.9,498.5
23,1,19881123,19880927,1,1,1,1,5,1,1,205000,197000,-8000,57,1800,3,2.5,1956,4800,0.0275,5418,4605,0,235.4,472.6
24,1,19880406,19880209,1,1,2,8,1,1,1,190000,191500,1500,57,2260,4,3.5,1961,7600,0.027,5171,4395,0,250.2,469.9
25,1,19880614,19880415,1,1,1,2,1,5,1,222500,217000,-5500,60,2300,4,3.5,1966,6350,0.025,5425,4611,0,256.2,452.9
26,1,19880403,19880126,1,1,1,2,1,3,1,153500,156000,2500,68,1600,3,2.5,1968,4750,0.0285,4446,3779,0,239.6,468.2
27,1,19880327,19880207,1,1,2,1,1,5,2,253500,252000,-1500,49,2230,4,3.5,1968,8400,0.029,7308,6212,0,250.2,444.5
28,1,19880805,19880609,5,1,1,1,2,5,1,179500,174500,-5000,57,1700,3,2.5,1969,6800,0.0285,4973,4227,0,535.8,421.3
29,1,19880526,19880410,1,1,1,1,1,2,2,253500,258000,4500,46,2320,4,3.5,1975,9900,0.0225,5805,4934,0,279.6,463.3
30,1,19880424,19880219,1,1,1,4,2,1,1,206000,196000,-10000,65,2400,4,3.5,1969,9850,0.025500000000000002,4998,4248,2250,237.6,456.6
31,1,19880416,19880201,5,1,1,6,2,5,1,153500,145500,-8000,75,1670,2,2,1962,6500,0.022,3201,2721,0,506.7,451.4
32,1,19881103,19880831,1,1,2,3,2,1,1,166500,163000,-3500,64,1620,3,2.5,1956,7500,0.0225,3668,3118,0,253.5,437.8
33,1,19880721,19880530,1,1,2,1,3,2,1,209500,201500,-8000,52,2480,5,4,1959,7350,0.025,5038,4282,1500,239.8,464.7
34,1,19881227,19881021,1,1,2,7,1,2,1,151000,146500,-4500,67,1870,2,2,1962,8700,0.025,3663,3114,0,259.2,454.2
35,1,19880306,19871231,1,1,1,2,3,1,1,190000,186000,-4000,66,1930,3,2.5,1979,5900,0.025500000000000002,4743,4032,0,250.4,465.3
36,1,19880721,19880528,1,1,1,1,3,2,1,200000,203000,3000,54,2320,3,2.5,1986,6850,0.0285,5786,4918,0,243.8,440.8
37,1,19880122,19871204,1,1,2,2,2,2,1,131000,130500,-500,49,1370,2,2,1958,4150,0.025500000000000002,3328,2829,0,243.5,476.4
38,1,19880515,19880327,1,1,1,2,5,2,1,206000,200000,-6000,49,1880,2,2,1955,5250,0.0265,5300,4505,0,249.9,454.9
39,1,19880407,19880126,1,1,1,4,1,5,1,192500,191500,-1000,72,1930,3,2.5,1966,5950,0.03,5745,4883,0,235.3,441.5
40,1,19880914,19880716,1,1,1,3,3,1,1,181500,179000,-2500,60,2040,3,2.5,1979,5100,0.0275,4923,4185,0,246.3,447.8
41,1,19881223,19881028,1,1,1,3,2,5,1,189000,188000,-1000,56,2070,3,2.5,1958,5750,0.022,4136,3516,0,255.3,480.5
42,1,19881022,19880813,1,1,1,1,2,2,1,143500,139000,-4500,70,1680,2,2,1976,5300,0.028,3892,3308,0,241,440.6
43,1,19880304,19871230,5,1,2,3,1,1,1,181500,182000,500,65,1860,3,2.5,1986,6950,0.023,4186,3558,0,520.4,426.4
44,1,19880301,19880115,3,1,1,6,4,2,1,195000,194500,-500,46,2030,4,3.5,1962,7450,0.03,5835,4960,0,475,404.8
45,1,19880414,19880211,1,1,1,3,3,2,1,167000,160000,-7000,63,1540,2,2,1970,4750,0.025500000000000002,4080,3468,0,269.3,453.6
46,1,19880116,19871121,1,1,2,7,6,2,1,178500,173500,-5000,56,1670,3,2.5,1959,7600,0.0245,4251,3613,0,254.9,471.3
47,1,19880928,19880717,1,1,1,2,2,2,1,188000,185000,-3000,73,1550,2,2,1972,7750,0.0225,4163,3539,0,263.5,486.7
48,1,19880525,19880323,1,1,2,6,5,5,1,179500,184500,5000,63,2130,4,3.5,1962,8450,0.022,4059,3450,0,254.4,471.2
49,1,19881002,19880716,1,1,2,3,2,3,1,254000,248000,-6000,78,2340,4,3.5,1956,11400,0.0265,6572,5586,0,252.4,455
50,1,19881015,19880816,1,1,2,2,1,1,1,133000,130000,-3000,60,1570,3,2.5,1974,5200,0.0225,2925,2486,0,248.5,452.5
51,1,19880804,19880616,1,1,1,1,4,2,1,185000,184500,-500,49,2060,3,2.5,1966,9500,0.029,5351,4548,3000,244.6,433.9
52,1,19881218,19881030,1,1,3,5,3,3,1,220000,213500,-6500,49,2090,3,2.5,1975,5600,0.0445,9501,8076,0,256,447.1
53,1,19881002,19880731,1,1,1,3,3,2,2,261500,253500,-8000,63,2060,3,2.5,1976,9650,0.0245,6211,5279,0,244.8,485.7
54,1,19880607,19880328,1,1,1,1,1,2,2,305500,301000,-4500,71,2340,4,3.5,1958,10600,0.0225,6773,5757,0,225.6,465.2
55,1,19880611,19880418,1,1,1,8,2,4,1,149000,149500,500,54,1700,3,2.5,1981,7200,0.025,3738,3177,0,274.1,463
56,1,19880331,19880118,1,1,2,1,1,5,1,139500,137000,-2500,73,1870,3,2.5,1969,5850,0.029,3973,3377,0,248.4,476.7
57,1,19881222,19881024,1,1,1,1,1,2,1,200500,200500,0,59,2000,3,2.5,1972,8800,0.0285,5714,4857,0,232.7,473.6
58,1,19880108,19871117,1,1,1,6,2,1,1,175500,184000,8500,52,2170,4,3.5,1969,10750,0.024,4416,3754,0,265.1,457.9
59,1,19880318,19880128,1,1,1,1,3,2,1,141000,138500,-2500,50,1570,2,2,1987,5200,0.0225,3116,2649,500,231.3,440.1
60,1,19881216,19881025,1,1,1,2,1,4,1,220000,213500,-6500,52,2140,3,2.5,1973,7600,0.0225,4804,4083,0,247.5,437.5
61,1,19880126,19871025,1,1,2,2,2,4,1,217500,208500,-9000,93,1910,3,2.5,1984,8950,0.0225,4691,3987,0,230.8,471.2
62,1,19881015,19880814,1,1,1,2,1,3,1,180000,176000,-4000,62,1930,3,2.5,1961,6100,0.029500000000000002,5192,4413,0,272.4,454.9
63,1,19880714,19880524,1,1,2,2,1,5,1,163500,163500,0,51,1410,2,2,1977,6500,0.0225,3679,3127,0,271.6,464
64,1,19881130,19881008,1,1,1,1,2,5,1,171000,162500,-8500,53,1890,3,2.5,1963,7950,0.0245,3981,3384,0,233.7,443.7
65,1,19880419,19880218,1,1,1,2,1,1,1,201500,192500,-9000,61,1930,3,2.5,1961,5450,0.0275,5294,4500,0,249.9,483.7
66,1,19880730,19880609,1,1,1,3,4,1,1,145000,143500,-1500,51,1360,2,2,1973,5650,0.027,3875,3294,0,241.6,475.2
67,1,19880811,19880622,1,1,1,4,3,5,2,254000,250500,-3500,50,2440,3,2.5,1975,8050,0.025,6263,5324,0,257.1,446
68,1,19880628,19880508,1,1,1,2,2,4,1,231500,227500,-4000,51,2320,3,2.5,1962,9800,0.023,5233,4448,0,230.3,485
69,1,19880207,19871218,1,1,1,3,1,2,1,135000,134500,-500,51,1540,2,2,1978,4650,0.026000000000000002,3497,2972,0,251.8,457.3
70,1,19880225,19880104,1,1,1,3,4,1,1,174500,169500,-5000,52,1700,4,3.5,1965,6850,0.0275,4661,3962,0,230.8,449.3
71,1,19880328,19880205,1,1,1,5,5,1,1,158000,155500,-2500,52,1740,2,2,1979,4200,0.024,3732,3172,0,236.4,463.4
72,1,19880519,19880321,1,1,1,8,1,1,1,187500,182500,-5000,59,1820,2,2,1959,9050,0.027,4928,4189,0,234.8,469.1
73,1,19880425,19880222,1,1,1,2,2,5,1,148500,147500,-1000,63,1560,3,2.5,1972,4500,0.024,3540,3009,0,249.2,437.6
74,1,19880721,19880515,1,1,3,4,6,1,1,155500,152000,-3500,67,1820,3,2.5,1955,5850,0.048,7296,6202,0,249.5,471
75,1,19880222,19871227,1,1,1,1,1,3,1,173500,179000,5500,57,1950,4,3.5,1984,5750,0.028,5012,4260,0,260.8,448.5
76,1,19880630,19880422,1,1,1,1,3,2,1,163500,164000,500,69,1860,3,2.5,1985,5950,0.0245,4018,3415,0,255,451.7
77,1,19880624,19880428,1,1,1,2,2,2,1,150000,146000,-4000,57,1430,2,2,1972,5350,0.028,4088,3475,0,251.7,480.3
78,1,19881214,19881027,1,1,1,1,1,4,1,182000,177000,-5000,48,1750,3,2.5,1966,7600,0.027,4779,4062,0,266.1,447.6
79,1,19880402,19880121,1,1,1,1,3,2,1,129500,129500,0,72,1230,2,2,1967,3700,0.0285,3691,3137,0,261.8,457.8
80,1,19880321,19880109,1,1,1,8,2,5,1,219000,215500,-3500,72,2400,3,2.5,1980,11650,0.027,5819,4946,0,262.2,452
81,1,19880530,19880310,1,1,2,3,1,5,1,224500,223000,-1500,81,1950,4,3.5,1955,9100,0.025500000000000002,5687,4834,0,228.8,445.8
82,1,19880725,19880522,1,1,1,1,1,5,1,248000,244500,-3500,64,2240,3,2.5,1970,9450,0.026000000000000002,6357,5403,0,261.2,454.3
83,1,19880711,19880524,1,1,1,2,1,1,1,221000,216000,-5000,48,2440,4,3.5,1980,8000,0.025,5400,4590,0,225.8,484.8
84,1,19880816,19880621,1,1,2,2,1,4,1,200000,186500,-13500,56,1960,3,2.5,1979,6050,0.024,4476,3805,0,260.1,441.6
85,1,19881114,19880923,1,1,3,2,1,1,1,195000,196000,1000,52,2090,2,2,1962,9100,0.0445,8722,7414,3000,253.4,482.7
86,1,19880210,19871209,1,1,1,1,2,1,1,163500,166500,3000,63,1720,3,2.5,1968,4350,0.025,4163,3539,0,264.8,455.6
87,1,19880517,19880330,1,1,1,3,1,5,1,196500,198000,1500,48,1830,3,2.5,1969,6000,0.0235,4653,3955,0,287.5,489
88,1,19890629,19890430,1,1,1,1,1,4,1,196000,194500,-1500,60,2020,4,3.5,1976,7800,0.0265,5154,4381,0,256.6,467.9
89,1,19890705,19890509,1,1,3,2,1,1,1,199500,194500,-5000,57,1850,3,2.5,1957,6600,0.043000000000000003,8364,7109,0,234.7,466.8
90,1,19890225,19881220,1,1,1,5,1,4,1,183000,183500,500,67,2210,4,3.5,1961,5600,0.027,4955,4212,0,260.6,486.5
91,1,19890802,19890611,1,1,2,2,1,5,1,195000,187500,-7500,52,2020,4,3.5,1957,8400,0.026000000000000002,4875,4144,0,232.6,460.9
92,1,19890729,19890513,1,1,2,2,5,4,2,249500,252000,2500,77,2050,3,2.5,1978,7450,0.027,6804,5783,0,237.9,464.6
93,1,19890406,19890208,1,1,3,2,1,1,1,179500,172500,-7000,57,1900,3,2.5,1983,4600,0.0445,7676,6525,0,254,451.6
94,1,19891011,19890820,1,1,1,1,2,2,1,202000,199000,-3000,52,1910,2,2,1960,6700,0.0275,5473,4652,0,243.9,467.2
95,1,19891211,19891010,1,1,2,4,3,1,1,200500,201500,1000,62,1790,4,3.5,1981,7600,0.029,5844,4967,0,248.8,465.2
96,1,19891221,19891012,1,1,2,1,1,3,1,177500,177000,-500,70,1960,3,2.5,1982,7250,0.03,5310,4514,0,241.3,459.1
97,1,19891110,19890825,1,1,1,4,1,2,1,215500,212000,-3500,77,2070,3,2.5,1971,9700,0.0245,5194,4415,2750,248,453.6
98,1,19890614,19890417,1,1,1,1,4,2,1,236000,225500,-10500,58,2090,4,3.5,1972,8950,0.029,6540,5559,0,235.1,451.8
99,1,19890925,19890809,1,1,1,7,1,2,1,224000,224500,500,47,2200,3,2.5,1965,10350,0.025,5613,4771,0,266.4,437.3
100,1,19890418,19890303,5,1,2,5,3,2,1,160000,156500,-3500,46,1780,3,2.5,1982,8050,0.023,3600,3060,0,552.1,462.7
101,1,19890724,19890507,1,1,1,1,2,3,1,165500,163500,-2000,78,1740,2,2,1983,7300,0.0245,4006,3405,1750,267.4,439.6
102,1,19890821,19890704,1,1,1,4,3,1,1,140000,140500,500,48,1400,3,2.5,1958,5150,0.026000000000000002,3653,3105,0,224.2,462.8
103,1,19890503,19890318,1,1,1,1,1,1,1,241000,240000,-1000,46,2130,4,3.5,1982,5900,0.0245,5880,4998,0,236.5,446.2
104,1,19890603,19890409,1,1,1,4,1,5,1,142500,141000,-1500,55,1610,2,2,1965,5200,0.0285,4019,3416,0,233.5,473.6
105,1,19890721,19890511,1,1,1,3,1,5,1,248500,245000,-3500,71,2060,3,2.5,1985,8450,0.024,5880,4998,0,257.6,457.6
106,1,19891121,19890902,1,1,2,2,2,2,1,170500,172000,1500,80,1700,3,2.5,1961,5500,0.025,4300,3655,0,271.5,487.1
107,1,19890820,19890627,1,1,1,5,1,5,1,208000,200500,-7500,54,2010,3,2.5,1962,8550,0.023,4612,3920,0,256,463.2
108,1,19890222,19881226,1,1,2,5,1,4,1,143000,138500,-4500,58,1330,3,2.5,1977,3800,0.028,3878,3296,0,249.6,467.5
109,1,19890821,19890623,1,1,1,9,4,2,1,154000,148000,-6000,59,1740,2,2,1955,6150,0.027,3996,3397,0,267.2,492.6
110,1,19890526,19890321,1,1,2,3,1,5,1,158500,155500,-3000,66,1690,2,2,1959,5450,0.029500000000000002,4587,3899,0,253.4,463.1
111,1,19890928,19890728,1,1,1,1,3,3,1,164500,158500,-6000,62,1710,2,2,1962,5250,0.025,3963,3369,0,236.2,457.7
112,1,19890511,19890317,1,1,1,2,1,4,1,243000,241000,-2000,55,2340,4,3.5,1973,7400,0.0275,6628,5634,0,253.7,473.5
113,1,19890425,19890307,1,1,1,2,2,5,1,190500,193500,3000,49,1730,3,2.5,1974,5700,0.023,4451,3783,2000,224.5,473.2
114,1,19890128,19881213,1,1,2,2,6,3,1,209000,205500,-3500,46,2000,3,2.5,1979,8700,0.029500000000000002,6062,5153,0,260.4,478.4
115,1,19890213,19881226,1,1,2,1,1,5,1,238500,228000,-10500,49,2380,4,3.5,1970,6100,0.0245,5586,4748,0,258.5,459.9
116,1,19890226,19881226,3,1,1,8,1,2,1,180500,178000,-2500,62,1840,2,2,1965,4950,0.023,4094,3480,0,483.3,408.9
117,1,19890207,19881220,1,1,1,3,4,5,1,111000,111000,0,49,1240,2,2,1986,6200,0.027,2997,2547,0,244.1,473
118,1,19890713,19890526,1,1,2,3,1,1,1,229000,227500,-1500,48,2270,4,3.5,1983,6750,0.029500000000000002,6711,5704,0,241.7,449.9
119,1,19890926,19890801,1,1,1,2,3,4,1,231000,224000,-7000,56,2390,3,2.5,1972,6500,0.025,5600,4760,0,258.4,442.6
120,1,19890516,19890309,1,1,2,1,6,2,1,139500,138500,-1000,68,1660,2,2,1981,7950,0.0265,3670,3120,0,254.4,448.2
121,1,19890627,19890504,1,1,1,2,6,1,1,229500,224500,-5000,54,2080,4,3.5,1982,10200,0.0245,5500,4675,0,262,467
122,1,19891009,19890823,1,1,1,1,3,1,1,222000,214000,-8000,47,2010,3,2.5,1975,5250,0.0285,6099,5184,1000,248.6,475.5
123,1,19891021,19890816,1,1,1,2,6,5,1,154000,149000,-5000,66,1740,2,2,1969,8000,0.0235,3502,2977,0,275.6,449.3
124,1,19890708,19890519,1,1,1,5,1,2,1,217000,208000,-9000,50,2200,4,3.5,1956,6600,0.0245,5096,4332,0,238.2,494.6
125,1,19890926,19890727,1,1,1,3,1,5,1,141500,137500,-4000,61,1490,2,2,1982,5450,0.0245,3369,2864,2000,231.4,440.1
126,1,19890313,19881210,1,1,2,2,1,4,1,257500,249000,-8500,93,2160,3,2.5,1970,10350,0.025500000000000002,6350,5398,0,246.7,452.4
127,1,19890623,19890505,1,1,1,2,2,2,1,146500,142000,-4500,49,1450,2,2,1979,4200,0.0245,3479,2957,0,256.9,440.3
128,1,19890206,19881201,1,1,1,9,1,1,1,178500,172000,-6500,67,1710,3,2.5,1959,6400,0.027,4644,3947,0,253.3,456.2
129,1,19890924,19890802,5,1,1,2,3,5,1,168500,163500,-5000,53,1780,2,2,1970,5700,0.025,4088,3475,0,526.1,444.5
130,1,19891111,19890901,5,1,2,1,1,2,1,173500,163000,-10500,71,1750,2,2,1965,6450,0.022,3586,3048,0,518.3,427.3
131,1,19890401,19890204,1,1,1,3,1,3,2,266000,261500,-4500,56,2070,4,3.5,1955,8250,0.0275,7191,6112,0,243.3,459.2
132,1,19891016,19890810,1,1,1,3,3,2,1,221000,221500,500,67,1940,4,3.5,1975,9250,0.022,4873,4142,0,251.7,469.9
133,1,19890711,19890518,1,1,1,9,4,1,1,171500,166000,-5500,54,1550,2,2,1957,6200,0.0225,3735,3175,2000,262.3,464.7
134,1,19890616,19890416,1,1,1,4,6,6,1,202000,195500,-6500,61,1800,2,2,1980,8100,0.029500000000000002,5767,4902,0,241.9,463.7
135,1,19891227,19891105,1,1,1,2,6,1,1,157500,152000,-5500,52,1680,3,2.5,1962,4550,0.0275,4180,3553,0,253.1,468.9
136,1,19890827,19890630,1,1,2,2,1,5,1,234500,230000,-4500,58,2400,4,3.5,1960,7800,0.025,5750,4888,0,262,467
137,1,19890522,19890319,5,1,2,1,1,2,1,189500,185000,-4500,64,1950,3,2.5,1974,4750,0.0245,4533,3853,0,518.3,423.9
138,1,19890924,19890724,1,1,1,3,4,5,1,247000,244000,-3000,62,2360,3,2.5,1957,9600,0.03,7320,6222,0,252.3,461.9
139,1,19891025,19890904,1,1,1,6,1,5,1,178500,178000,-500,51,1470,3,2.5,1961,4650,0.026000000000000002,4628,3934,0,247.5,460.5
140,1,19890223,19881224,1,1,2,3,1,3,1,209000,204500,-4500,61,1880,3,2.5,1961,5350,0.025,5113,4346,0,219,448.7
141,1,19890530,19890404,5,1,1,2,3,5,1,195500,191500,-4000,56,2300,4,3.5,1974,10150,0.024,4596,3907,0,541.2,428.9
142,1,19891220,19891020,1,1,1,6,1,1,1,175500,171500,-4000,61,1890,3,2.5,1984,9050,0.03,5145,4373,0,246.7,451.3
143,1,19890525,19890310,1,1,2,2,4,1,1,123500,118000,-5500,76,1280,2,2,1963,3450,0.026000000000000002,3068,2608,0,276.1,460.8
144,1,19891003,19890809,1,1,1,1,5,2,1,171000,168500,-2500,55,1640,3,2.5,1973,4100,0.0285,4802,4082,0,256.7,467.9
145,1,19890907,19890720,1,1,2,4,1,5,1,216500,216500,0,49,2110,3,2.5,1961,10200,0.025500000000000002,5521,4693,0,265.4,451.1
146,1,19890127,19881209,1,1,1,8,4,6,1,164500,163500,-1000,49,1540,3,2.5,1988,5600,0.0265,4333,3683,0,239.2,502.7
147,1,19890525,19890407,1,1,1,9,1,5,1,210000,208500,-1500,48,1960,3,2.5,1986,5400,0.025,5213,4431,0,233.7,493.2
148,1,19890827,19890704,1,1,2,1,3,1,1,186500,178000,-8500,54,1790,3,2.5,1973,6700,0.028,4984,4236,0,240.2,460.2
149,1,19891105,19890910,1,1,2,8,1,3,1,209000,211000,2000,56,1900,4,3.5,1985,4600,0.025500000000000002,5381,4574,0,225.8,462.9
150,1,19890526,19890323,3,1,1,1,2,6,1,163500,164500,1000,64,1770,3,2.5,1982,8500,0.0245,4030,3426,0,454.8,402.3
151,1,19890820,19890701,1,1,2,3,6,2,1,246000,240500,-5500,50,2030,3,2.5,1986,9550,0.025500000000000002,6133,5213,0,259.1,463.4
152,1,19890713,19890520,1,1,1,2,1,5,2,256000,253500,-2500,54,2160,3,2.5,1982,10700,0.028,7098,6033,0,259.3,451.9
153,1,19890719,19890520,1,1,2,1,2,3,1,228500,225500,-3000,60,2230,3,2.5,1965,7450,0.024,5412,4600,0,229.3,460.8
154,1,19891228,19891112,1,1,1,1,1,2,2,261500,252000,-9500,46,2130,3,2.5,1983,7700,0.0225,5670,4820,0,268.3,477.7
155,1,19890701,19890421,1,1,1,8,3,2,1,210000,204000,-6000,71,2200,4,3.5,1971,7300,0.027,5508,4682,3250,253,476.9
156,1,19891025,19890724,1,1,1,9,4,1,1,214500,202000,-12500,93,1830,3,2.5,1967,6850,0.0285,5757,4893,0,252.9,457.3
157,1,19890714,19890512,3,1,2,8,2,2,1,169500,165500,-4000,63,1630,3,2.5,1959,4250,0.028,4634,3939,0,470.9,398.7
158,1,19891104,19890825,1,1,1,2,1,3,2,295500,284500,-11000,71,2440,3,2.5,1962,6700,0.0275,7824,6650,0,260.8,468.1
159,1,19890716,19890510,1,1,2,1,4,5,2,258000,251000,-7000,67,2340,4,3.5,1978,9000,0.024,6024,5120,0,241.3,475.2
160,1,19890609,19890410,1,1,1,2,1,2,1,154000,150500,-3500,60,1530,3,2.5,1960,4600,0.0235,3537,3006,0,255.4,458.6
161,1,19890914,19890727,1,1,1,2,3,3,1,178000,176000,-2000,49,1670,3,2.5,1988,4850,0.026000000000000002,4576,3890,0,253.5,451.6
162,1,19890220,19890102,1,1,1,9,1,1,1,112000,107000,-5000,49,1530,3,2.5,1983,4700,0.025,2675,2274,0,262.2,442.8
163,1,19890822,19890624,1,1,1,8,1,3,1,242000,240500,-1500,59,2390,3,2.5,1971,11700,0.029,6975,5929,0,234.1,477.1
164,1,19890718,19890515,1,1,2,3,3,1,1,220000,215000,-5000,64,2070,3,2.5,1985,6000,0.029,6235,5300,0,252.2,486.1
165,1,19890218,19881214,1,1,1,2,1,2,1,125500,125000,-500,66,1630,2,2,1971,4000,0.0285,3563,3029,0,266.5,474.1
166,1,19890424,19890305,1,1,2,5,1,2,1,238500,232500,-6000,50,2180,3,2.5,1978,8350,0.023,5348,4546,0,240.1,475.1
167,1,19900523,19900401,1,1,1,1,1,1,1,180500,175500,-5000,52,2010,4,3.5,1978,8500,0.0265,4651,3953,0,229.1,437.7
168,1,19900723,19900529,5,1,2,1,6,1,1,190000,186000,-4000,55,2070,4,3.5,1960,9800,0.026000000000000002,4836,4111,0,528.8,452.9
169,1,19900719,19900520,1,1,2,2,2,3,2,278000,273500,-4500,60,2230,3,2.5,1970,9150,0.0285,7795,6626,0,247.5,472
170,1,19900119,19891128,1,1,2,4,1,5,1,228500,224000,-4500,52,2020,4,3.5,1987,9600,0.023,5152,4379,0,236.7,453.1
171,1,19901024,19900806,3,1,3,1,4,1,1,197000,194000,-3000,79,1870,3,2.5,1975,5950,0.0465,9021,7668,0,467.1,406.6
172,1,19900505,19900311,1,1,2,3,4,2,1,151500,147500,-4000,55,1610,2,2,1964,6750,0.0225,3319,2821,0,245.5,476.5
173,1,19900727,19900607,1,1,1,1,1,5,1,183500,182500,-1000,50,1910,3,2.5,1964,5250,0.022,4015,3413,0,260,432.4
174,1,19901122,19900929,1,1,1,3,5,5,1,195000,192000,-3000,54,2170,3,2.5,1956,9950,0.023,4416,3754,0,248.4,496.3
175,1,19900517,19900317,1,1,1,4,1,5,1,235000,230500,-4500,61,2530,4,3.5,1973,9650,0.0235,5417,4604,0,273.2,473.3
176,1,19901116,19900903,1,1,1,3,2,5,1,206000,199500,-6500,74,1990,3,2.5,1962,6700,0.0265,5287,4494,0,256.6,455.2
177,1,19901108,19900909,1,1,1,2,1,1,1,178000,172500,-5500,60,1650,3,2.5,1989,6600,0.029500000000000002,5089,4326,0,252.9,476.9
178,1,19901124,19900930,1,1,2,1,6,2,1,170000,172500,2500,55,1600,2,2,1978,5350,0.025500000000000002,4399,3739,0,263.6,475.1
179,1,19901229,19901102,1,1,1,4,5,1,1,228000,219000,-9000,57,1940,4,3.5,1958,5450,0.025,5475,4654,0,241.5,457.9
180,1,19900929,19900803,1,1,1,5,1,1,1,253500,249000,-4500,57,2100,3,2.5,1964,6750,0.023,5727,4868,4000,252.7,460.8
181,1,19900722,19900528,1,1,1,1,1,5,1,146000,142000,-4000,55,1370,2,2,1982,3650,0.0285,4047,3440,1500,272.3,419.2
182,1,19900501,19900315,1,1,1,2,2,4,1,195000,193000,-2000,47,1700,3,2.5,1961,5700,0.029500000000000002,5694,4840,2250,257.2,473.7
183,1,19901226,19901030,1,1,1,3,2,4,1,220000,213000,-7000,57,2160,3,2.5,1967,8600,0.023,4899,4164,0,249.3,484.8
184,1,19901006,19900721,1,1,1,2,4,1,1,220500,218000,-2500,77,2290,4,3.5,1973,11300,0.0275,5995,5096,0,256.2,454
185,1,19901210,19901016,1,1,1,2,1,2,1,230500,225500,-5000,55,2000,4,3.5,1968,5200,0.026000000000000002,5863,4984,0,253.3,482.7
186,1,19900724,19900525,1,1,1,1,1,5,1,229000,222500,-6500,60,1950,3,2.5,1968,6450,0.024,5340,4539,0,253.6,464.3
187,1,19900424,19900221,1,1,2,3,4,4,1,227000,227000,0,62,1800,4,3.5,1958,6350,0.027,6129,5210,0,252.2,478
188,1,19900725,19900608,1,1,1,4,1,5,2,282500,279000,-3500,47,2480,4,3.5,1959,7350,0.0235,6557,5573,0,255.7,427.5
189,1,19900706,19900503,1,1,1,3,1,5,1,205500,202000,-3500,64,1900,3,2.5,1983,7900,0.028,5656,4808,0,270.3,453.6
190,1,19900619,19900330,3,1,1,2,1,2,1,180000,173500,-6500,81,1750,3,2.5,1963,5800,0.027,4685,3982,0,479.6,415.6
191,1,19900620,19900331,1,1,1,2,4,3,1,195500,197000,1500,81,1830,3,2.5,1979,5900,0.0245,4827,4103,0,260.7,452
192,1,19901117,19900817,1,1,1,3,2,5,1,180500,177500,-3000,92,1660,2,2,1961,5500,0.0275,4881,4149,0,258.5,446.1
193,1,19900416,19900218,1,1,2,2,1,5,1,245000,242000,-3000,57,2250,3,2.5,1981,10050,0.0275,6655,5657,0,256.7,478.3
194,1,19900614,19900413,1,1,1,1,1,5,1,188500,182500,-6000,62,2030,2,2,1958,9800,0.029,5293,4499,0,260.2,462.3
195,1,19901203,19900930,1,1,2,9,1,2,1,164500,159500,-5000,64,1800,3,2.5,1961,6100,0.025,3988,3390,0,241.3,485.5
196,1,19901030,19900818,1,1,2,2,1,5,2,283000,274500,-8500,73,2460,4,3.5,1963,7750,0.026000000000000002,7137,6066,0,225.9,481.3
197,1,19900426,19900309,1,1,2,1,1,5,1,158000,155000,-3000,48,1920,4,3.5,1956,6550,0.0235,3643,3097,0,240.5,477.4
198,1,19900512,19900203,1,1,2,1,2,1,1,171500,168500,-3000,98,1600,3,2.5,1983,6000,0.028,4718,4010,0,264.3,482.1
199,1,19900923,19900719,1,1,1,6,5,2,1,121500,120000,-1500,66,1250,2,2,1967,5250,0.0285,3420,2907,0,230.2,487.3
200,1,19900531,19900404,5,1,1,2,1,1,1,135500,132000,-3500,57,1340,2,2,1984,5500,0.028,3696,3142,0,541.3,442.8
201,1,19900621,19900423,1,1,3,1,1,2,1,183500,183500,0,59,1750,3,2.5,1983,7150,0.049,8992,7643,2750,260.5,447.4
202,1,19900624,19900421,1,1,2,7,1,1,1,193000,189000,-4000,64,1670,2,2,1969,4750,0.029,5481,4659,1250,256.7,478.3
203,1,19900904,19900714,1,1,1,3,4,5,1,223000,223500,500,52,1950,2,2,1989,9700,0.023,5141,4370,0,260.3,486.5
204,1,19901224,19901106,1,1,1,4,3,2,1,211500,209500,-2000,48,1860,2,2,1957,7300,0.029500000000000002,6180,5253,0,251.8,446.9
205,1,19900323,19900112,1,1,1,9,1,2,1,223000,215500,-7500,70,2130,4,3.5,1966,5900,0.0285,6142,5221,0,271.9,466.3
206,1,19901029,19900911,1,1,2,2,1,1,1,217500,213000,-4500,48,2170,4,3.5,1970,6450,0.029,6177,5250,0,244.9,466.1
207,1,19900227,19891117,1,1,1,9,3,2,1,187500,190500,3000,102,1800,3,2.5,1974,8000,0.023,4382,3725,0,283.4,475
208,1,19900628,19900503,1,1,1,1,1,2,1,237000,233500,-3500,56,2150,3,2.5,1960,10150,0.028,6538,5557,0,231.8,449.4
209,1,19900309,19891212,1,1,2,1,3,2,1,220500,217500,-3000,87,1890,3,2.5,1956,5950,0.0245,5329,4530,0,220.9,444.2
210,1,19900102,19891110,1,1,2,1,3,1,1,115500,115000,-500,53,1170,2,2,1966,3650,0.03,3450,2933,0,242.2,463.7
211,1,19901129,19900914,1,1,1,1,2,1,1,225000,217500,-7500,76,2250,4,3.5,1967,9300,0.022,4785,4067,0,232,459.7
212,1,19900807,19900609,1,1,1,3,2,1,1,209500,205500,-4000,59,1860,3,2.5,1988,8700,0.0275,5651,4803,0,257.3,448.3
213,1,19900523,19900325,1,1,1,2,1,5,1,140500,137000,-3500,59,1480,2,2,1972,6200,0.027,3699,3144,0,229.8,447
214,1,19900710,19900422,1,1,2,6,1,2,1,208000,203500,-4500,79,2070,4,3.5,1982,6000,0.026000000000000002,5291,4497,0,253,453.9
215,1,19901110,19900903,1,1,1,3,5,5,1,175000,170500,-4500,68,1500,3,2.5,1982,4600,0.0235,4007,3406,0,265.5,438.4
216,1,19900615,19900328,1,1,2,2,1,3,1,145000,143000,-2000,79,1480,2,2,1970,6450,0.026000000000000002,3718,3160,2000,253.9,434.4
217,1,19900408,19900215,1,1,2,8,1,2,1,154500,155000,500,52,1830,4,3.5,1989,8200,0.026000000000000002,4030,3426,0,257.8,485.2
218,1,19900726,19900523,1,1,2,3,4,2,1,178000,171500,-6500,64,1900,3,2.5,1962,6950,0.0265,4545,3863,750,247.2,459.4
219,1,19900522,19900306,3,1,2,6,4,2,1,169500,166500,-3000,77,1770,3,2.5,1955,8800,0.0235,3913,3326,0,470.8,389.3
220,1,19900615,19900411,3,1,1,3,1,2,1,173500,172500,-1000,65,2030,3,2.5,1974,10100,0.022,3795,3226,0,463.9,419.1
221,1,19901124,19900827,1,1,2,1,3,2,1,232500,234000,1500,89,1850,3,2.5,1976,8650,0.025500000000000002,5967,5072,0,274.3,487.2
222,1,19901030,19900809,1,1,1,5,4,5,1,194000,188500,-5500,82,1650,2,2,1962,5700,0.0245,4618,3925,0,240.2,470.5
223,1,19900504,19900315,1,1,1,9,3,1,1,178500,173000,-5500,50,1660,3,2.5,1981,6300,0.029500000000000002,5104,4338,0,264.8,467.1
224,1,19901105,19900830,3,1,1,1,1,5,1,188000,190000,2000,67,1710,3,2.5,1986,7700,0.0265,5035,4280,0,448.9,404.8
225,1,19901116,19900910,1,1,1,6,1,1,1,215500,211000,-4500,67,1910,3,2.5,1963,5950,0.025500000000000002,5381,4574,0,262.6,440.5
226,1,19901230,19901105,1,1,2,3,4,3,1,178000,175000,-3000,55,1820,2,2,1976,4700,0.022,3850,3273,0,254.3,486.2
227,1,19900719,19900513,1,1,3,8,1,5,1,142500,140500,-2000,67,1350,2,2,1988,4550,0.0485,6814,5792,0,235.3,468
228,1,19900514,19900316,5,1,2,1,1,2,1,221500,216500,-5000,59,2510,4,3.5,1977,11150,0.0225,4871,4140,0,531.9,460.2
229,1,19900516,19900322,1,1,1,2,1,2,1,218500,207500,-11000,55,1730,4,3.5,1986,8000,0.025,5188,4410,0,229.5,444.7
230,1,19900708,19900502,1,1,2,4,1,3,1,197000,191500,-5500,67,1660,2,2,1986,6200,0.0235,4500,3825,0,246.8,473.1
231,1,19900119,19891106,1,1,2,1,3,5,1,197000,205000,8000,74,1900,3,2.5,1973,8950,0.029500000000000002,6048,5141,0,272.6,488.3
232,1,19901008,19900820,1,1,1,2,1,2,1,164500,168500,4000,49,1670,2,2,1987,8100,0.03,5055,4297,3000,238,486.5
233,1,19900629,19900511,1,1,3,4,1,4,1,164500,164000,-500,49,1810,3,2.5,1983,5650,0.0505,8282,7040,0,235.1,484.1
234,1,19900608,19900401,1,1,2,2,1,2,1,194000,191500,-2500,68,1900,3,2.5,1984,7450,0.0245,4692,3988,0,244.2,456.9
235,1,19900914,19900719,1,1,1,9,1,2,1,158000,160500,2500,57,1680,3,2.5,1981,7200,0.028,4494,3820,0,257.3,441.4
236,1,19900729,19900605,3,1,1,2,1,4,1,155000,153000,-2000,54,1640,3,2.5,1981,5750,0.028,4284,3641,0,479.1,409.8
237,1,19900629,19900510,1,1,2,1,3,2,1,247000,245500,-1500,50,2210,5,4,1957,8650,0.025500000000000002,6260,5321,0,250.1,473.3
238,1,19900318,19900131,1,1,2,2,1,2,1,233000,225500,-7500,46,2000,3,2.5,1982,9950,0.028,6314,5367,0,272.7,465.2
239,1,19900717,19900509,1,1,1,4,1,5,1,200500,196000,-4500,69,1920,4,3.5,1962,5200,0.0245,4802,4082,0,249.8,469.8
240,1,19900701,19900507,1,1,2,1,2,4,1,161500,161000,-500,55,1730,3,2.5,1962,8000,0.029500000000000002,4750,4038,0,265.7,446.5
241,1,19900103,19891017,1,1,1,4,5,5,1,175000,166000,-9000,78,1620,3,2.5,1964,8100,0.026000000000000002,4316,3669,0,221.4,484.5
242,1,19901017,19900901,1,1,1,6,3,1,1,183500,181500,-2000,46,1500,3,2.5,1985,7200,0.0235,4265,3625,3000,257.8,462.2
243,1,19900306,19891229,1,1,1,8,2,5,1,203000,197500,-5500,67,1980,3,2.5,1963,6700,0.026000000000000002,5135,4365,0,265.4,472.9
244,1,19900103,19891101,1,1,1,7,1,5,1,143000,146000,3000,63,1490,2,2,1989,6800,0.0275,4015,3413,0,243.2,469.5
245,1,19900817,19900616,1,1,1,2,1,5,1,244000,229000,-15000,62,2310,4,3.5,1963,7650,0.0285,6527,5548,0,259.4,474.9
246,1,19900114,19891103,1,1,2,3,2,5,1,166500,163000,-3500,72,1690,2,2,1978,8100,0.0275,4483,3811,0,246.9,461.6
247,1,19900116,19891129,1,1,1,1,4,5,1,197000,197500,500,48,1660,3,2.5,1975,4900,0.0275,5431,4616,0,246,473.1
248,1,19910612,19910425,1,1,2,2,1,3,1,240500,237500,-3000,48,1970,4,3.5,1982,5800,0.026000000000000002,6175,5249,0,224.7,457.1
249,1,19911207,19910930,1,1,1,1,3,1,1,224500,230000,5500,68,2110,4,3.5,1973,6800,0.0265,6095,5181,0,227.4,448
250,1,19911202,19911010,1,1,1,1,6,5,1,177500,183500,6000,53,1510,3,2.5,1972,4550,0.027,4955,4212,0,250.9,474.5
251,1,19910825,19910705,1,1,1,3,3,5,1,205000,205000,0,51,2100,4,3.5,1966,7750,0.026000000000000002,5330,4531,0,234.7,487.5
252,1,19910423,19910207,1,1,2,1,1,1,1,194000,187000,-7000,75,1660,3,2.5,1955,5500,0.025500000000000002,4769,4054,0,240.3,459
253,1,19910423,19910206,1,1,1,5,6,1,2,299500,295000,-4500,76,2460,4,3.5,1986,9150,0.023,6785,5767,0,249.3,447.9
254,1,19910102,19901026,5,1,2,2,1,4,1,226000,221000,-5000,68,2310,4,3.5,1967,9650,0.0225,4973,4227,0,548,439
255,1,19910612,19910427,1,1,2,1,2,5,1,223000,222000,-1000,46,2080,4,3.5,1988,6650,0.022,4884,4151,0,264.1,460.2
256,1,19910104,19901118,1,1,1,9,5,1,1,204500,197500,-7000,47,1980,3,2.5,1960,5900,0.024,4740,4029,0,259.4,471.5
257,1,19911225,19911025,1,1,1,6,4,2,1,174500,167000,-7500,61,1830,3,2.5,1976,8300,0.0285,4760,4046,2250,227.7,476.8
258,1,19911001,19910630,1,1,1,1,1,1,1,229000,225000,-4000,93,2210,3,2.5,1987,9950,0.029,6525,5546,0,223.6,459.3
259,1,19910725,19910522,1,1,1,2,1,4,1,184500,189000,4500,64,1620,3,2.5,1987,5450,0.0225,4253,3615,0,248.4,470.9
260,1,19910919,19910710,5,1,2,3,2,5,2,265000,254500,-10500,71,2410,4,3.5,1987,6450,0.022,5599,4759,0,531.5,444
261,1,19910419,19910214,1,1,1,6,2,2,1,217000,222000,5000,64,1980,3,2.5,1962,6300,0.0285,6327,5378,0,228.8,478
262,1,19910618,19910422,1,1,2,2,2,5,2,303000,297000,-6000,57,2230,3,2.5,1955,8250,0.0235,6980,5933,0,262.8,476.3
263,1,19910107,19901117,1,1,2,2,4,1,1,174500,171000,-3500,51,1560,2,2,1959,5300,0.025,4275,3634,0,238.1,456.6
264,1,19910407,19910201,1,1,1,5,4,2,2,266500,258500,-8000,65,2540,4,3.5,1968,9900,0.0275,7109,6043,0,247.7,455.9
265,1,19911021,19910830,1,1,1,3,1,2,1,140500,136000,-4500,52,1410,3,2.5,1958,4400,0.028,3808,3237,0,233.5,466.7
266,1,19910127,19901208,1,1,1,2,1,5,1,141000,138500,-2500,50,1370,2,2,1976,5600,0.028,3878,3296,0,249.3,481.3
267,1,19910511,19910226,1,1,1,2,2,2,1,190000,185500,-4500,74,1820,3,2.5,1957,7850,0.0275,5101,4336,0,266.9,445.4
268,1,19910223,19901222,1,1,1,3,1,2,1,200000,201500,1500,63,1790,3,2.5,1981,6350,0.0225,4534,3854,0,281.3,474.9
269,1,19911104,19910918,1,1,1,4,2,5,2,253000,251000,-2000,47,2240,4,3.5,1989,8400,0.0225,5648,4801,0,253.2,466.6
270,1,19910829,19910616,1,1,2,1,1,4,1,213000,208000,-5000,74,1820,4,3.5,1961,8150,0.028,5824,4950,0,237.6,434.7
271,1,19910815,19910625,1,1,1,1,1,1,1,136500,138000,1500,51,1330,3,2.5,1960,4300,0.025500000000000002,3519,2991,0,234.3,476
272,1,19910303,19910110,1,1,1,1,5,1,1,230000,224500,-5500,52,2210,4,3.5,1983,7900,0.029500000000000002,6623,5630,0,230.4,440.1
273,1,19910302,19901228,1,1,1,1,2,1,1,160000,156000,-4000,64,1560,3,2.5,1959,6250,0.0265,4134,3514,0,258.3,431.1
274,1,19910406,19910207,1,1,2,5,5,1,1,158500,161500,3000,58,1480,3,2.5,1957,3700,0.0275,4441,3775,1500,249.5,483.6
275,1,19910920,19910801,1,1,1,1,1,3,1,211500,207500,-4000,50,1970,3,2.5,1979,8750,0.03,6225,5291,0,259,469.2
276,1,19910720,19910513,1,1,1,6,4,1,1,167000,168500,1500,68,1960,4,3.5,1972,6200,0.024,4044,3437,0,258.8,450.7
277,1,19910506,19910303,1,1,1,2,4,1,1,166000,162000,-4000,64,2090,3,2.5,1978,7950,0.0265,4293,3649,0,232.3,479.3
278,1,19910925,19910624,1,1,2,3,4,1,2,266500,264000,-2500,93,2520,4,3.5,1969,10950,0.022,5808,4937,0,244.7,471.9
279,1,19910321,19910202,1,1,1,2,1,2,1,140000,138000,-2000,47,1130,2,2,1983,4800,0.029,4002,3402,0,244.2,474.2
280,1,19910721,19910517,1,1,2,2,1,5,1,225500,219000,-6500,65,2170,4,3.5,1970,6950,0.0245,5366,4561,0,240.5,453.3
281,1,19911018,19910825,1,1,2,3,1,2,1,201000,192500,-8500,54,1760,3,2.5,1974,6350,0.0275,5294,4500,0,244.5,451.2
282,1,19910621,19910405,1,1,1,2,1,1,1,192500,186000,-6500,77,1690,3,2.5,1989,8150,0.0245,4557,3873,0,246.6,473.1
283,1,19910211,19901215,1,1,1,3,1,2,1,169000,168500,-500,58,1890,3,2.5,1963,7700,0.03,5055,4297,0,259.6,479.5
284,1,19911202,19911008,1,1,1,3,2,5,2,258000,253000,-5000,55,2380,3,2.5,1959,6700,0.026000000000000002,6578,5591,0,248.6,484.8
285,1,19910314,19901228,1,1,2,2,4,5,1,165000,166000,1000,76,2020,3,2.5,1957,10050,0.025,4150,3528,0,237.9,453.1
286,1,19910709,19910503,1,1,1,2,2,5,1,152000,150000,-2000,67,1590,3,2.5,1966,7550,0.0265,3975,3379,0,251,474.5
287,1,19910904,19910613,1,1,2,2,1,5,2,266000,254000,-12000,83,2300,3,2.5,1974,10650,0.022,5588,4750,0,256.3,455.2
288,1,19910526,19910405,1,1,1,1,1,1,1,194000,189500,-4500,51,2160,3,2.5,1968,9550,0.0235,4453,3785,0,264.7,475.2
289,1,19911210,19911003,1,1,1,7,4,5,1,161500,162000,500,68,1340,2,2,1980,3800,0.027,4374,3718,0,239.6,464.7
290,1,19910526,19910320,1,1,2,4,1,3,1,182500,173000,-9500,67,1760,2,2,1982,7950,0.027,4671,3970,0,220.2,459.2
291,1,19910511,19910303,1,1,1,2,1,6,1,194000,188500,-5500,69,1750,3,2.5,1966,6250,0.023,4336,3686,0,233.2,429.9
292,1,19910804,19910603,1,1,1,1,1,2,1,191000,185000,-6000,62,2010,3,2.5,1987,9550,0.0265,4903,4168,0,245.9,451.2
293,1,19910821,19910630,1,1,1,2,1,5,1,243000,239000,-4000,52,2230,4,3.5,1984,7100,0.0275,6573,5587,0,227,506.7
294,1,19910731,19910529,1,1,1,9,1,3,1,184500,187500,3000,63,1840,3,2.5,1980,8300,0.028,5250,4463,0,262.5,464.7
295,1,19911020,19910903,1,1,1,3,3,1,1,242500,230000,-12500,47,2360,4,3.5,1969,8050,0.025,5750,4888,0,254.3,462
296,1,19911101,19910905,1,1,1,1,1,4,1,185500,182000,-3500,57,1750,2,2,1971,7000,0.0235,4277,3635,0,244.9,490.3
297,1,19910322,19910115,1,1,2,2,3,3,1,235500,229500,-6000,66,1910,3,2.5,1976,7450,0.0265,6082,5170,0,245,478.8
298,1,19911225,19911106,1,1,1,2,1,5,1,140000,142000,2000,49,1740,3,2.5,1966,8600,0.025500000000000002,3621,3078,0,224.9,450.2
299,1,19910417,19910203,1,1,1,3,3,4,1,209500,206500,-3000,73,2010,3,2.5,1965,6050,0.029,5989,5091,0,262.8,464.7
300,1,19910220,19901226,1,1,2,3,4,5,1,198000,200000,2000,56,1920,3,2.5,1988,4700,0.0275,5500,4675,0,246.1,476.6
301,1,19910728,19910515,1,1,1,1,2,4,1,195000,195000,0,74,2350,4,3.5,1973,10850,0.023,4485,3812,1500,260.9,487.7
302,1,19910725,19910526,1,1,1,1,1,5,1,168500,168000,-500,60,1990,4,3.5,1965,5800,0.023,3864,3284,0,229.6,463.1
303,1,19910123,19901201,1,1,1,1,1,2,1,230500,228500,-2000,53,1880,3,2.5,1988,7400,0.0245,5598,4758,0,254.4,443.6
304,1,19910530,19910403,1,1,3,1,4,1,1,143500,143500,0,57,1510,2,2,1986,6100,0.0445,6386,5428,0,245.1,436.2
305,1,19910818,19910616,1,1,1,1,1,4,1,247000,244000,-3000,63,2280,3,2.5,1970,9250,0.027,6588,5600,0,245.2,485.7
306,1,19911128,19911001,1,1,1,4,2,5,1,183000,174000,-9000,58,1640,2,2,1970,5300,0.0225,3915,3328,0,239,488.9
307,1,19911002,19910801,1,1,1,5,1,3,1,193500,187500,-6000,62,1990,3,2.5,1955,5850,0.025,4688,3985,1000,247.9,458.2
308,1,19910613,19910411,1,1,1,2,1,1,1,181500,174000,-7500,63,1480,3,2.5,1969,6650,0.0265,4611,3919,750,243.1,481
309,1,19910522,19910320,1,1,1,2,1,1,1,220500,214000,-6500,63,2220,4,3.5,1973,5500,0.0285,6099,5184,0,258,463.4
310,1,19911031,19910823,1,1,1,4,4,3,1,216500,213000,-3500,69,1990,4,3.5,1984,8900,0.022,4686,3983,0,250.5,473.3
311,1,19910516,19910221,5,1,1,1,1,4,1,165000,160000,-5000,84,1720,2,2,1973,4750,0.025500000000000002,4080,3468,0,520.7,420.7
312,1,19910408,19910119,1,1,2,8,1,5,1,123000,122000,-1000,79,1140,2,2,1986,2750,0.0265,3233,2748,0,246.5,461.6
313,1,19910420,19910303,1,1,2,1,1,4,1,219500,212500,-7000,48,1600,3,2.5,1963,4050,0.0285,6056,5148,0,257.9,451.8
314,1,19910728,19910524,1,1,2,5,1,1,1,149000,145500,-3500,65,1660,3,2.5,1984,4300,0.029500000000000002,4292,3648,0,240.2,487.8
315,1,19910505,19910315,1,1,1,1,2,2,1,226000,219500,-6500,51,2060,3,2.5,1970,5700,0.024,5268,4478,0,288.6,471.8
316,1,19910501,19910210,1,1,1,2,2,2,1,182500,182500,0,80,1580,3,2.5,1968,5200,0.029,5293,4499,0,237.4,441.6
317,1,19910209,19901221,1,1,2,1,5,1,1,204500,202500,-2000,50,1960,2,2,1982,4750,0.029500000000000002,5974,5078,0,235.1,468
318,1,19910220,19901218,1,1,2,9,3,5,1,157000,157000,0,64,1340,2,2,1984,4400,0.0225,3533,3003,0,253,463.1
319,1,19910619,19910427,1,1,1,6,1,4,1,200500,199000,-1500,53,1750,3,2.5,1986,7000,0.0275,5473,4652,0,226.1,469.8
320,1,19910128,19901211,1,1,1,3,1,1,1,212500,209000,-3500,48,1980,4,3.5,1965,7750,0.03,6270,5330,0,250.9,473.4
321,1,19910624,19910418,1,1,2,4,1,1,1,178000,171000,-7000,67,1810,2,2,1985,8800,0.025500000000000002,4361,3707,0,264.8,470.6
322,1,19910203,19901121,1,1,1,2,2,5,1,204000,203500,-500,74,1790,3,2.5,1964,5250,0.029500000000000002,6003,5103,3000,264,461.3
323,1,19910801,19910528,1,1,2,3,3,3,1,240000,231000,-9000,65,2030,4,3.5,1986,7700,0.0245,5660,4811,0,247.5,467.4
324,1,19920503,19920208,1,1,2,4,1,5,1,175000,177500,2500,85,1570,3,2.5,1987,7050,0.029,5148,4376,0,243,468.4
325,1,19920602,19920411,1,1,1,2,4,1,1,167500,167000,-500,52,1740,3,2.5,1967,6350,0.0265,4426,3762,0,246.1,470.8
326,1,19920525,19920219,1,1,3,2,1,1,1,217000,214000,-3000,96,1570,3,2.5,1965,5100,0.05,10700,9095,1500,261.6,476.2
327,1,19920424,19920229,1,1,1,1,3,2,2,282500,273500,-9000,55,2190,3,2.5,1982,7550,0.028,7658,6509,0,269.9,470.9
328,1,19920814,19920613,1,1,1,2,1,3,1,171500,173500,2000,62,1550,2,2,1977,7200,0.027,4685,3982,0,271.9,488.2
329,1,19920619,19920413,1,1,1,4,3,1,1,206000,212000,6000,67,1860,3,2.5,1967,4750,0.029500000000000002,6254,5316,0,228.9,463
330,1,19920913,19920709,1,1,2,2,2,5,1,224000,217500,-6500,66,2340,4,3.5,1972,9700,0.0235,5111,4344,0,256,455.2
331,1,19920323,19920129,1,1,2,3,1,1,1,233000,237000,4000,54,1930,3,2.5,1974,8200,0.0285,6755,5742,0,245.2,450
332,1,19921111,19920918,1,1,2,2,1,3,1,255000,244500,-10500,54,2150,4,3.5,1984,5650,0.0225,5501,4676,0,251.4,474.5
333,1,19920428,19920215,1,1,1,2,1,1,1,188500,190000,1500,73,1740,3,2.5,1964,5100,0.028,5320,4522,0,242.8,471.8
334,1,19920730,19920522,1,1,2,3,1,1,1,179500,178000,-1500,69,1900,3,2.5,1977,8500,0.029500000000000002,5251,4463,0,254.5,450.5
335,1,19920629,19920418,5,1,2,1,1,3,1,236000,233500,-2500,72,2070,4,3.5,1964,6450,0.023,5371,4565,0,505.2,451.2
336,1,19920311,19920104,1,1,2,5,1,2,1,230500,222500,-8000,67,1970,3,2.5,1957,7850,0.0265,5896,5012,0,255.1,458.6
337,1,19921029,19920908,3,1,1,4,1,1,1,226000,222000,-4000,51,2130,3,2.5,1962,6200,0.029,6438,5472,0,470.5,399.9
338,1,19920816,19920628,1,1,2,1,1,1,1,242000,233000,-9000,49,1920,3,2.5,1984,9250,0.026000000000000002,6058,5149,0,239.8,433.7
339,1,19921226,19921016,1,1,1,1,2,4,1,122000,123500,1500,71,1270,2,2,1989,4300,0.025,3088,2625,0,258.7,483
340,1,19920506,19920313,1,1,1,3,1,2,1,173500,165500,-8000,54,1610,3,2.5,1975,5800,0.029500000000000002,4882,4150,1500,223.8,472
341,1,19920313,19920112,1,1,2,1,3,1,1,187000,180500,-6500,61,1560,2,2,1986,6750,0.024,4332,3682,0,234.7,444.9
342,1,19920622,19920414,1,1,1,3,4,1,1,163500,161500,-2000,69,1430,2,2,1958,4250,0.0265,4280,3638,0,246.7,423.6
343,1,19920401,19920214,1,1,2,4,1,1,1,193500,187500,-6000,47,1890,3,2.5,1991,8150,0.025500000000000002,4781,4064,2500,248,475.5
344,1,19920914,19920729,1,1,2,2,1,4,1,210000,208000,-2000,47,2300,4,3.5,1990,5950,0.0245,5096,4332,0,269,452.4
345,1,19920706,19920508,1,1,1,4,5,3,2,276500,271500,-5000,59,2390,4,3.5,1989,8800,0.029,7874,6693,0,227.3,457.2
346,1,19921016,19920807,5,1,1,4,1,5,1,156000,149000,-7000,70,1600,2,2,1988,6900,0.0225,3353,2850,0,508.3,431.9
347,1,19920811,19920612,1,1,2,1,1,1,1,236500,230000,-6500,60,2260,3,2.5,1969,8450,0.025,5750,4888,0,258.1,474.9
348,1,19921014,19920806,1,1,1,2,1,1,1,237000,232500,-4500,69,1950,3,2.5,1972,7000,0.0285,6626,5632,0,245.6,451.2
349,1,19920725,19920603,1,1,2,4,4,5,1,222000,223000,1000,52,2070,3,2.5,1987,7400,0.023,5129,4360,0,255.6,475.9
350,1,19920225,19911213,1,1,1,1,2,2,1,136500,133000,-3500,74,1410,2,2,1991,6100,0.0245,3259,2770,0,234.7,499
351,1,19920124,19911201,1,1,2,4,1,5,1,196500,192500,-4000,54,1680,3,2.5,1974,5250,0.0245,4716,4009,0,225.8,484.8
352,1,19920913,19920628,1,1,2,4,4,3,1,233000,229500,-3500,77,1850,3,2.5,1990,5700,0.029500000000000002,6770,5755,0,239.9,486.6
353,1,19920504,19920220,1,1,1,3,2,5,1,197000,191000,-6000,74,2030,4,3.5,1962,7100,0.024,4584,3896,0,255.4,469
354,1,19920523,19920406,1,1,2,1,1,2,1,158500,154000,-4500,47,1510,3,2.5,1971,3700,0.028,4312,3665,0,248.8,447.9
355,1,19921010,19920814,1,1,1,2,1,5,1,238000,238000,0,57,1970,3,2.5,1963,5400,0.0285,6783,5766,0,249.2,462.9
356,1,19920409,19920202,1,1,1,2,1,2,1,220000,217000,-3000,67,2250,4,3.5,1988,7250,0.0275,5968,5073,0,225,465.2
357,1,19920526,19920408,1,1,1,8,1,5,1,158500,158500,0,48,1430,2,2,1983,4400,0.027,4280,3638,0,247.1,476.6
358,1,19920513,19920311,5,1,2,2,2,5,1,148500,144500,-4000,63,1600,3,2.5,1987,6800,0.022,3179,2702,0,526.9,420.3
359,1,19920120,19911103,1,1,2,6,2,5,1,180000,179000,-1000,78,1590,3,2.5,1960,7350,0.028,5012,4260,0,251.5,474.5
360,1,19920508,19920317,1,1,1,1,3,2,1,206000,204500,-1500,52,1750,3,2.5,1974,6400,0.025,5113,4346,0,230.7,430.9
361,1,19920928,19920720,1,1,2,1,3,5,1,182500,178500,-4000,70,1710,3,2.5,1979,8050,0.029500000000000002,5266,4476,0,238.6,473.9
362,1,19920804,19920520,1,1,1,8,2,1,2,276000,273000,-3000,76,2500,4,3.5,1988,8000,0.0245,6689,5686,0,270,450.1
363,1,19921130,19920930,1,1,2,2,1,1,1,194000,187500,-6500,61,1770,3,2.5,1984,5300,0.022,4125,3506,0,257.1,492.1
364,1,19920716,19920518,1,1,1,1,1,1,1,154500,148500,-6000,59,1580,3,2.5,1955,4750,0.029500000000000002,4381,3724,0,230.3,468.9
365,1,19920916,19920726,1,1,2,3,4,2,1,206000,209500,3500,52,1940,4,3.5,1986,8650,0.0285,5971,5075,0,252.2,480.3
366,1,19920511,19920316,1,1,2,9,1,1,1,250500,248500,-2000,56,2250,4,3.5,1971,5850,0.022,5467,4647,0,240.4,476.3
367,1,19920110,19911025,1,1,2,3,1,5,1,257500,242500,-15000,77,2530,4,3.5,1965,8900,0.026000000000000002,6305,5359,0,250.8,451.5
368,1,19920504,19920317,1,1,2,1,1,2,2,293000,300000,7000,48,2560,3,2.5,1980,11700,0.025500000000000002,7650,6503,0,229.1,468.8
369,1,19920524,19920405,1,1,1,9,3,4,1,222500,220000,-2500,49,2270,4,3.5,1970,5600,0.0285,6270,5330,0,239.3,475.1
370,1,19920521,19920331,3,1,1,2,1,1,1,226500,221500,-5000,51,2140,3,2.5,1987,9050,0.025500000000000002,5648,4801,1500,476.1,410.5
371,1,19920722,19920511,1,1,1,2,4,3,1,235500,234000,-1500,72,2200,3,2.5,1970,7750,0.023,5382,4575,0,222.6,454.7
372,1,19921113,19920927,1,1,1,1,4,5,2,260000,258500,-1500,47,2070,3,2.5,1971,9500,0.0285,7367,6262,0,238.3,457.8
373,1,19920319,19911230,1,1,1,2,1,5,1,162500,159000,-3500,80,1680,3,2.5,1979,7850,0.028,4452,3784,0,225.6,464
374,1,19920502,19920226,1,1,2,2,1,1,1,170000,173000,3000,66,1820,3,2.5,1984,5150,0.0265,4585,3897,1250,247.9,466.3
375,1,19921231,19921023,1,1,3,3,1,1,1,216000,216000,0,69,2130,3,2.5,1977,9950,0.049,10584,8996,0,254.4,471.2
376,1,19920719,19920406,1,1,2,5,3,5,1,153000,153000,0,104,1580,3,2.5,1987,7500,0.029,4437,3771,0,247.4,462.8
377,1,19921101,19920905,1,1,1,4,1,1,1,195000,192000,-3000,57,2130,4,3.5,1966,8300,0.026000000000000002,4992,4243,3000,241.7,464.8
378,1,19920609,19920412,1,1,1,3,1,5,1,238500,235000,-3500,58,1880,3,2.5,1966,8650,0.029500000000000002,6933,5893,0,251.8,478
379,1,19920708,19920430,1,1,1,1,4,2,1,184000,185000,1000,69,1780,2,2,1964,6500,0.028,5180,4403,0,238.1,454.3
380,1,19921002,19920719,1,1,1,2,2,5,1,191000,189500,-1500,75,1560,3,2.5,1956,7200,0.027,5117,4349,0,260,489.9
381,1,19920117,19911126,1,1,1,1,2,1,1,169000,168500,-500,52,1710,3,2.5,1973,6800,0.022,3707,3151,0,245.2,460.4
382,1,19920802,19920522,1,1,2,4,1,2,1,175500,171000,-4500,72,1660,3,2.5,1975,5750,0.0235,4019,3416,0,232.3,455.2
383,1,19920917,19920723,1,1,3,3,1,5,1,160500,161500,1000,56,1560,2,2,1972,7500,0.046,7429,6315,0,244.1,443.1
384,1,19920411,19920210,1,1,1,2,1,2,1,92000,88000,-4000,61,1050,2,2,1980,4650,0.0275,2420,2057,0,231.2,464.3
385,1,19920208,19911209,1,1,2,5,3,2,1,187500,185500,-2000,61,1850,3,2.5,1991,9150,0.0275,5101,4336,0,238.8,483.1
386,1,19920816,19920615,1,1,1,5,6,4,1,171500,164000,-7500,62,1840,3,2.5,1966,7800,0.025,4100,3485,0,245.9,463.9
387,1,19920917,19920719,1,1,1,3,1,5,1,157500,158000,500,60,1520,2,2,1984,6750,0.03,4740,4029,0,244.4,443.1
388,1,19920716,19920508,1,1,1,3,1,5,1,185500,182500,-3000,69,1530,3,2.5,1981,7100,0.0275,5019,4266,0,231.9,468.9
389,1,19920107,19911116,1,1,2,4,4,2,1,215500,206000,-9500,52,1920,2,2,1964,9300,0.0275,5665,4815,0,250.5,458.4
390,1,19920615,19920430,1,1,2,2,1,5,1,239000,239000,0,46,2010,3,2.5,1990,7850,0.0285,6812,5790,0,245.9,443.2
391,1,19920519,19920328,1,1,1,3,1,5,1,229000,220000,-9000,52,1960,3,2.5,1983,6200,0.029,6380,5423,0,244.7,460.4
392,1,19921006,19920707,1,1,2,2,3,1,1,189500,192000,2500,91,1780,3,2.5,1987,8800,0.023,4416,3754,0,235.3,465.7
393,1,19920711,19920504,1,1,1,4,1,5,1,246000,235500,-10500,68,1890,3,2.5,1987,6300,0.023,5417,4604,0,269.3,468.5
394,1,19920924,19920717,1,1,1,9,3,1,2,333500,322500,-11000,69,2540,4,3.5,1965,9000,0.0235,7579,6442,4500,251.1,481.4
395,1,19920625,19920501,1,1,1,8,1,5,1,206000,205000,-1000,55,2120,3,2.5,1969,5550,0.0235,4818,4095,0,233.9,446
396,1,19921126,19920928,1,1,2,2,1,2,1,212500,211000,-1500,59,1890,2,2,1975,6750,0.024,5064,4304,0,255.4,466.7
397,1,19921223,19921016,1,1,2,1,1,1,2,266000,267500,1500,68,2540,5,4,1976,9750,0.023,6153,5230,0,248.6,454.8
398,1,19921130,19921009,1,1,2,1,1,5,1,234500,237500,3000,52,1840,3,2.5,1980,5900,0.0225,5344,4542,2250,274.8,451.5
399,1,19920428,19920211,1,1,1,9,4,5,1,206000,201500,-4500,77,1950,3,2.5,1974,5650,0.028,5642,4796,0,239.3,485.4
400,1,19920312,19920116,1,1,2,1,1,5,1,172000,168000,-4000,56,1710,2,2,1966,5700,0.024,4032,3427,1500,260.7,469.2
401,1,19920731,19920611,1,1,2,1,1,1,1,174000,169000,-5000,50,1750,3,2.5,1966,6300,0.025,4225,3591,0,234.8,476
402,1,19921219,19921027,1,1,2,3,3,1,2,266500,266500,0,53,2010,3,2.5,1981,9600,0.025,6663,5664,0,242.2,454.5
403,1,19920829,19920703,1,1,1,2,2,2,2,260500,256500,-4000,57,2160,3,2.5,1966,9800,0.0245,6284,5341,0,256.2,444.8
404,1,19920217,19920101,1,1,2,5,1,5,1,209000,212000,3000,47,2150,3,2.5,1965,5550,0.0245,5194,4415,0,247.2,454.7
405,1,19920402,19920130,1,1,2,1,2,2,2,255000,253000,-2000,63,2120,3,2.5,1965,7000,0.0265,6705,5699,0,263.9,448.7
406,1,19920615,19920309,1,1,1,3,1,1,1,237500,225500,-12000,98,1980,3,2.5,1981,7950,0.025500000000000002,5750,4888,0,231,442.4
407,1,19921016,19920809,1,1,1,3,1,1,1,194500,189000,-5500,68,1760,3,2.5,1982,8650,0.023,4347,3695,0,233.4,478.2
408,1,19920506,19920305,1,1,1,5,1,1,2,251500,252500,1000,62,1880,2,2,1959,5500,0.025500000000000002,6439,5473,0,243.1,426.9
409,1,19921020,19920827,1,1,1,1,3,5,1,143500,142000,-1500,54,1490,4,3.5,1968,6500,0.024,3408,2897,0,268.2,431.6
410,1,19920423,19920222,1,1,3,3,1,2,1,188000,186500,-1500,61,1590,3,2.5,1961,4600,0.048,8952,7609,0,249,472.1
411,1,19920619,19920426,1,1,1,3,2,2,1,216000,215500,-500,54,1820,4,3.5,1977,8100,0.027,5819,4946,0,253,472.3
412,1,19920122,19911202,1,1,2,2,5,2,2,269500,264000,-5500,51,2220,3,2.5,1981,7250,0.029500000000000002,7788,6620,0,249.6,469.8
413,1,19920227,19911218,1,1,2,1,3,3,2,271000,268000,-3000,71,2220,4,3.5,1978,8350,0.026000000000000002,6968,5923,0,239.4,449.8
414,1,19931217,19931012,1,1,1,2,5,2,2,312500,300500,-12000,66,2240,4,3.5,1960,9450,0.029500000000000002,8865,7535,0,242.6,472.9
415,1,19930723,19930531,1,1,2,1,1,1,1,186500,185500,-1000,53,1650,3,2.5,1966,7700,0.03,5565,4730,0,262.6,455.5
416,1,19930426,19930307,1,1,1,6,2,2,2,265500,262500,-3000,50,2100,3,2.5,1968,10100,0.029,7613,6471,0,245.1,490.3
417,1,19931024,19930817,1,1,1,2,1,2,1,248000,238000,-10000,68,1870,3,2.5,1963,8450,0.0265,6307,5361,0,239.7,471.6
418,1,19930916,19930712,1,1,1,1,1,2,1,247500,242500,-5000,66,2090,3,2.5,1985,8200,0.027,6548,5566,0,248.9,460.6
419,1,19930101,19921105,3,1,1,2,1,2,1,196500,190500,-6000,57,1970,3,2.5,1975,6300,0.0225,4286,3643,0,465.4,410.5
420,1,19930319,19930131,1,1,2,4,1,5,1,157500,155500,-2000,47,1330,3,2.5,1969,5600,0.022,3421,2908,1750,259.1,485.3
421,1,19930107,19921027,1,1,1,6,1,5,1,163500,163500,0,72,1830,3,2.5,1975,6000,0.0285,4660,3961,0,234.2,454.1
422,1,19930418,19930112,1,1,2,2,1,3,1,249000,238000,-11000,96,2160,3,2.5,1969,5900,0.0245,5831,4956,0,256.4,473.6
423,1,19930809,19930604,1,1,1,2,3,5,2,307000,300000,-7000,66,2090,3,2.5,1986,7450,0.0265,7950,6758,0,241.5,451
424,1,19930610,19930416,3,1,1,1,5,5,1,185000,189500,4500,55,1760,3,2.5,1976,7300,0.022,4169,3544,2500,472.1,419.6
425,1,19931221,19931018,1,1,2,6,1,5,1,224000,220000,-4000,64,2000,3,2.5,1986,9500,0.026000000000000002,5720,4862,0,257.1,474.8
426,1,19931212,19931015,1,1,1,9,1,2,1,165000,162000,-3000,58,1490,2,2,1969,3600,0.0225,3645,3098,0,261.4,454.3
427,1,19930319,19930119,1,1,1,6,4,5,1,235000,240500,5500,59,1870,2,2,1979,5350,0.0245,5892,5008,0,252,451.5
428,1,19930530,19930405,3,1,1,1,1,4,1,185500,184000,-1500,55,1660,2,2,1970,4950,0.027,4968,4223,0,485.4,404.8
429,1,19931130,19931009,5,1,2,2,1,1,1,196000,198000,2000,52,1520,2,2,1962,6400,0.022,4356,3703,0,513.3,456.8
430,1,19930321,19930127,1,1,1,2,2,6,2,263500,265000,1500,53,2040,3,2.5,1987,8550,0.027,7155,6082,0,229.5,481.5
431,1,19930415,19930215,1,1,2,2,1,2,1,198500,186500,-12000,59,1900,3,2.5,1963,5150,0.0275,5129,4360,0,256.8,463.3
432,1,19930917,19930802,1,1,2,1,5,4,1,225000,218500,-6500,46,1860,3,2.5,1985,5300,0.022,4807,4086,0,242.9,443
433,1,19931120,19930923,1,1,1,4,1,2,1,183500,174000,-9500,58,1820,3,2.5,1987,6550,0.0225,3915,3328,0,259.4,450.8
434,1,19931108,19930919,5,1,2,1,3,1,1,212500,219500,7000,50,1960,4,3.5,1963,5250,0.03,6585,5597,0,523.9,445.4
435,1,19930216,19921227,1,1,1,4,3,2,1,223000,215000,-8000,51,2030,3,2.5,1959,6450,0.0285,6128,5209,0,260.6,469.2
436,1,19930207,19921209,3,1,2,4,2,2,1,182000,180500,-1500,60,1870,3,2.5,1956,4650,0.026000000000000002,4693,3989,0,464.8,408.3
437,1,19931210,19931020,1,1,1,3,1,2,1,143000,140500,-2500,51,1670,3,2.5,1973,7550,0.0225,3161,2687,0,231.4,463.2
438,1,19931029,19930821,1,1,2,8,2,1,1,201500,200000,-1500,69,1780,3,2.5,1987,6850,0.026000000000000002,5200,4420,0,270.1,461.7
439,1,19930314,19930109,3,1,1,6,3,5,2,270500,265500,-5000,64,2210,3,2.5,1987,6300,0.025500000000000002,6770,5755,0,468.3,421.6
440,1,19930623,19930430,1,1,1,4,1,2,1,245000,233000,-12000,54,2210,4,3.5,1979,5400,0.0285,6641,5645,0,237.8,471.5
441,1,19931031,19930820,1,1,1,2,4,4,1,223500,210000,-13500,72,2310,3,2.5,1968,9150,0.023,4830,4106,3500,249.1,437.6
442,1,19931127,19931007,1,1,2,1,1,3,1,213500,209500,-4000,51,2050,3,2.5,1966,6450,0.025,5238,4452,0,242.9,448.8
443,1,19930218,19921207,1,1,2,3,1,2,1,183000,176500,-6500,73,1640,3,2.5,1987,7400,0.026000000000000002,4589,3901,0,250.8,460.7
444,1,19930423,19930226,1,1,2,8,3,3,1,167000,159500,-7500,56,1720,3,2.5,1956,5650,0.027,4307,3661,0,245,458.1
445,1,19931202,19930925,3,1,2,8,3,5,1,163000,162000,-1000,68,1770,3,2.5,1969,6800,0.027,4374,3718,0,473.2,412.3
446,1,19931220,19931031,1,1,1,2,2,3,1,176500,177000,500,50,1720,3,2.5,1990,5450,0.024,4248,3611,0,248.8,480.2
447,1,19930416,19930228,1,1,1,2,1,2,1,258000,246500,-11500,47,1830,3,2.5,1975,8650,0.024,5916,5029,0,245.4,453.5
448,1,19930413,19930224,1,1,1,9,1,6,2,357000,347000,-10000,48,2480,4,3.5,1962,6350,0.0275,9543,8112,0,239.3,448.6
449,1,19931010,19930803,1,1,1,1,4,1,1,143500,138000,-5500,68,1760,3,2.5,1982,4650,0.025,3450,2933,0,239.4,455.5
450,1,19930630,19930428,1,1,2,5,2,3,1,184500,181000,-3500,63,1750,3,2.5,1974,6850,0.0235,4254,3616,0,260.2,489.9
451,1,19930206,19921202,1,1,2,8,1,1,1,96500,92000,-4500,66,920,2,2,1987,3650,0.025500000000000002,2346,1994,0,248.5,469.8
452,1,19931023,19930831,5,1,1,2,1,1,1,212500,208000,-4500,53,1840,3,2.5,1958,6700,0.0225,4680,3978,1250,517,444.5
453,1,19930625,19930501,1,1,2,7,1,5,1,180000,176000,-4000,55,1890,4,3.5,1977,5350,0.029,5104,4338,0,253.6,480.4
454,1,19931019,19930821,1,1,2,1,1,1,1,180500,181000,500,59,1590,3,2.5,1978,4100,0.024,4344,3692,0,246.6,454.7
455,1,19930119,19921203,1,1,1,2,1,1,1,181000,178000,-3000,47,1590,2,2,1979,7800,0.028,4984,4236,0,261.6,460.1
456,1,19930906,19930716,1,1,1,2,6,5,1,236000,231500,-4500,52,2080,2,2,1959,7550,0.025,5788,4920,0,231.3,435.5
457,1,19930524,19930320,1,1,3,5,4,2,1,221500,217000,-4500,65,1920,3,2.5,1964,6350,0.05,10850,9223,0,267.1,461.5
458,1,19931107,19930906,1,1,1,1,1,5,2,288000,275500,-12500,62,2320,4,3.5,1961,11500,0.023,6337,5386,0,245.8,500.7
459,1,19931031,19930727,1,1,2,4,3,5,1,156500,155500,-1000,96,1720,3,2.5,1983,6000,0.0265,4121,3503,0,234.8,444.9
460,1,19930911,19930720,1,1,2,2,1,2,2,310500,296500,-14000,53,2180,3,2.5,1982,9050,0.029,8599,7309,0,236.6,460
461,1,19930526,19930410,1,1,2,2,1,2,1,200000,196500,-3500,46,2130,3,2.5,1958,8650,0.025500000000000002,5011,4259,1000,244.2,468.4
462,1,19930619,19930426,1,1,2,7,1,5,1,232000,225500,-6500,54,1700,3,2.5,1967,8050,0.027,6089,5176,0,258.2,463.4
463,1,19931212,19931002,1,1,1,2,1,1,1,181500,182500,1000,71,2050,4,3.5,1985,6200,0.028,5110,4344,0,263.1,453.2
464,1,19931202,19930926,1,1,2,1,1,1,2,246500,251000,4500,67,2090,3,2.5,1976,7700,0.029500000000000002,7405,6294,0,231,445.9
465,1,19930416,19930205,1,1,2,1,5,2,1,193000,181000,-12000,70,1490,2,2,1963,6250,0.029,5249,4462,2500,228.3,458.4
466,1,19930812,19930430,1,1,1,1,3,2,1,235000,230000,-5000,104,1830,2,2,1978,6250,0.029500000000000002,6785,5767,0,257.9,476
467,1,19931226,19931021,3,1,1,2,2,5,1,215500,209000,-6500,66,1930,3,2.5,1991,8200,0.028,5852,4974,1500,476.1,394
468,1,19931020,19930825,1,1,2,4,1,4,1,222000,214500,-7500,56,1630,3,2.5,1966,4100,0.0275,5899,5014,0,253.5,473.5
469,1,19930225,19921229,1,1,2,1,3,2,1,188500,180500,-8000,58,1810,3,2.5,1990,6250,0.023,4152,3529,0,228.2,428.5
470,1,19930830,19930706,1,1,1,3,1,5,1,191500,184500,-7000,55,1760,3,2.5,1992,5850,0.028,5166,4391,0,246.7,462.8
471,1,19930709,19930520,3,1,1,3,4,2,1,173500,168000,-5500,50,1580,2,2,1956,6000,0.029500000000000002,4956,4213,0,458.5,406.1
472,1,19930903,19930717,1,1,2,4,2,5,1,221500,212000,-9500,48,1920,4,3.5,1961,7900,0.0225,4770,4055,0,221.3,447.7
473,1,19930328,19930115,1,1,1,3,1,3,1,189000,187000,-2000,72,1460,2,2,1965,3750,0.0275,5143,4372,0,245.7,462.7
474,1,19930512,19930321,1,1,2,4,1,1,1,212500,211000,-1500,52,1840,4,3.5,1962,6250,0.0275,5803,4933,0,269.5,452.4
475,1,19930316,19921230,1,1,1,3,3,5,1,220000,217500,-2500,76,1750,3,2.5,1989,5550,0.025,5438,4622,0,242,470.6
476,1,19930821,19930601,3,1,2,2,1,5,1,158500,157000,-1500,81,1460,2,2,1956,7000,0.0265,4161,3537,2250,463.5,387.4
477,1,19931215,19931026,1,1,1,5,3,2,1,191500,186500,-5000,50,1770,3,2.5,1984,4500,0.0275,5129,4360,0,246.7,470.8
478,1,19930829,19930612,5,1,2,3,2,5,1,178500,175500,-3000,78,1640,3,2.5,1965,7450,0.025500000000000002,4475,3804,0,524,441.9
479,1,19931223,19931020,1,1,1,5,3,2,1,208000,199000,-9000,64,1690,3,2.5,1974,7350,0.026000000000000002,5174,4398,0,226.6,464.1
480,1,19930816,19930620,1,1,1,5,1,2,1,254500,249500,-5000,57,1940,4,3.5,1961,9000,0.0225,5614,4772,0,247.2,464
481,1,19930827,19930704,1,1,2,3,4,5,1,236500,229000,-7500,54,1890,3,2.5,1971,4700,0.028,6412,5450,0,252.8,445.8
482,1,19931222,19931019,1,1,2,5,4,1,1,200000,196000,-4000,64,1620,2,2,1976,8100,0.027,5292,4498,0,255.3,456.3
483,1,19931011,19930811,1,1,1,1,4,2,1,193000,192500,-500,61,1770,3,2.5,1991,6300,0.027,5198,4418,2000,231.4,447
484,1,19930925,19930731,1,1,1,2,1,5,1,224000,220500,-3500,56,1880,2,2,1979,7450,0.0285,6284,5341,0,250,468.7
485,1,19930713,19930518,1,1,2,2,2,3,2,265000,256000,-9000,56,1980,4,3.5,1992,7000,0.025500000000000002,6528,5549,0,251.1,476.8
486,1,19930520,19930327,1,1,2,8,4,1,1,181500,181500,0,54,1820,2,2,1985,4500,0.029,5264,4474,0,242.9,455.7
487,1,19930612,19930419,1,1,2,1,4,1,2,276500,283000,6500,54,2260,4,3.5,1963,5850,0.0265,7500,6375,0,266.2,466.1
488,1,19931210,19931011,1,1,1,1,3,5,2,378000,367000,-11000,60,2490,4,3.5,1957,9850,0.029500000000000002,10827,9203,0,247.7,487
489,1,19931021,19930821,5,1,1,1,2,2,1,221000,215500,-5500,61,2110,2,2,1982,5700,0.027,5819,4946,0,514.6,436.2
490,1,19931220,19931017,1,1,1,1,3,1,1,196000,198000,2000,64,1570,4,3.5,1974,5050,0.023,4554,3871,0,250.5,453.8
491,1,19930725,19930602,1,1,1,4,1,4,1,158500,157500,-1000,53,1530,2,2,1973,5250,0.0245,3859,3280,0,263.9,474
492,1,19930625,19930429,1,1,2,2,1,5,1,176000,179000,3000,57,1980,3,2.5,1967,7550,0.029500000000000002,5281,4489,0,226.7,473.3
493,1,19931010,19930816,1,1,1,3,1,5,1,140500,140500,0,55,1120,2,2,1981,4500,0.028,3934,3344,0,259.2,458.8
494,1,19930410,19930203,1,1,1,8,1,5,2,281000,271000,-10000,66,2190,4,3.5,1983,9000,0.022,5962,5068,0,231.4,475.8
495,1,19940303,19931217,1,1,2,6,1,2,1,158500,160500,2000,76,1470,2,2,1977,6200,0.025500000000000002,4093,3479,0,264.8,449.9
496,1,19940616,19940425,1,1,1,5,1,1,1,223500,215000,-8500,52,1690,2,2,1956,7350,0.023,4945,4203,0,266.4,453.4
497,1,19940320,19940125,1,1,1,1,1,5,1,195000,195500,500,54,1850,3,2.5,1975,4500,0.029500000000000002,5767,4902,0,234.7,451.8
498,1,19940513,19940325,1,1,2,2,1,4,2,254000,261000,7000,49,2550,3,2.5,1960,9750,0.026000000000000002,6786,5768,0,230.4,476.9
499,1,19940414,19940209,1,1,1,9,1,5,1,163000,160500,-2500,64,1360,2,2,1976,5750,0.025,4013,3411,0,231,489.6
500,1,19940621,19940428,1,1,1,2,2,5,1,203000,201000,-2000,54,1680,4,3.5,1970,6450,0.026000000000000002,5226,4442,0,232.6,464.4
501,1,19940507,19940316,1,1,1,4,2,4,2,328000,324000,-4000,52,2380,3,2.5,1986,9350,0.03,9720,8262,0,258.8,431.1
502,1,19940415,19940225,1,1,1,2,1,4,1,177000,165500,-11500,49,1510,4,3.5,1972,7050,0.029,4800,4080,0,255.2,488.5
503,1,19940410,19940209,1,1,2,1,3,2,2,345500,326500,-19000,60,2360,4,3.5,1989,11500,0.029,9469,8049,0,250.9,456.1
504,1,19940927,19940728,1,1,1,2,1,1,2,297000,285000,-12000,61,2160,3,2.5,1975,7400,0.026000000000000002,7410,6299,0,249.9,480.2
505,1,19941028,19940810,1,1,2,5,3,2,2,272000,264000,-8000,79,2190,3,2.5,1969,7200,0.025,6600,5610,0,248.7,439.9
506,1,19940524,19940331,1,1,1,1,1,5,1,241500,228000,-13500,54,1940,3,2.5,1992,9350,0.025500000000000002,5814,4942,0,234,479.4
507,1,19940802,19940616,1,1,2,2,1,1,1,226000,220500,-5500,47,1770,3,2.5,1972,7100,0.028,6174,5248,0,244.4,471.9
508,1,19940922,19940731,1,1,1,2,4,5,1,198500,197500,-1000,53,1530,3,2.5,1987,4050,0.0245,4839,4113,0,248.2,453.6
509,1,19940627,19940418,1,1,2,1,3,5,1,192500,196000,3500,70,1790,3,2.5,1962,8450,0.022,4312,3665,0,255.9,488.6
510,1,19940128,19931209,1,1,1,2,3,5,2,259500,254500,-5000,50,2020,4,3.5,1991,6000,0.025500000000000002,6490,5517,0,250.6,474.5
511,1,19940902,19940612,1,1,1,6,1,6,1,208000,209500,1500,82,1750,3,2.5,1991,6250,0.026000000000000002,5447,4630,0,242.7,479.9
512,1,19940830,19940627,1,1,2,3,1,2,1,251000,241500,-9500,64,2050,4,3.5,1977,5700,0.0265,6400,5440,0,250.6,480.2
513,1,19940719,19940529,1,1,1,2,1,3,1,241500,235000,-6500,51,2110,3,2.5,1975,10300,0.0225,5288,4495,0,246.5,470.8
514,1,19940829,19940610,1,1,2,4,2,5,2,292500,281000,-11500,80,2440,3,2.5,1959,9150,0.0275,7728,6569,3250,251.8,480.3
515,1,19941101,19940910,1,1,3,7,1,2,1,231500,228000,-3500,52,1850,4,3.5,1989,8050,0.0485,11058,9399,0,262.9,472.8
516,1,19941023,19940812,1,1,2,1,5,2,1,197000,191500,-5500,72,1560,2,2,1967,4100,0.0275,5266,4476,0,228,495.2
517,1,19941130,19941003,1,1,2,1,2,1,2,262000,262500,500,58,2110,3,2.5,1968,5400,0.0225,5906,5020,0,258.5,453
518,1,19940319,19940125,1,1,2,2,2,2,2,255500,251500,-4000,53,1950,4,3.5,1979,5000,0.025500000000000002,6413,5451,0,242.6,470.6
519,1,19940408,19940217,1,1,1,2,4,5,1,179500,173000,-6500,50,1720,3,2.5,1973,5900,0.026000000000000002,4498,3823,0,237.1,443.9
520,1,19940326,19940207,1,1,3,1,3,5,2,261000,254500,-6500,47,2110,3,2.5,1984,10500,0.0465,11834,10059,0,246.6,468.5
521,1,19941206,19941013,1,1,1,4,1,5,1,214500,206500,-8000,54,1780,2,2,1966,8500,0.023,4750,4038,0,266.2,437.3
522,1,19940806,19940529,1,1,2,2,1,3,2,285000,286500,1500,69,2290,3,2.5,1957,9550,0.0275,7879,6697,3750,225.7,445.6
523,1,19940919,19940802,1,1,2,4,5,1,2,257000,250000,-7000,48,2280,3,2.5,1972,8350,0.029500000000000002,7375,6269,0,268.1,450
524,1,19941125,19940901,1,1,2,5,1,3,2,258000,251000,-7000,85,2310,3,2.5,1976,5750,0.027,6777,5760,0,271,466.3
525,1,19940706,19940513,1,1,1,7,1,1,2,262500,261000,-1500,54,2510,3,2.5,1987,9850,0.03,7830,6656,0,261.5,439.3
526,1,19941107,19940903,1,1,3,3,4,4,2,317000,315000,-2000,65,2100,4,3.5,1964,7000,0.0465,14648,12451,0,244,486.8
527,1,19940223,19940104,1,1,1,1,3,2,2,260000,253500,-6500,50,2130,5,4,1961,9300,0.0265,6718,5710,0,244.8,458.1
528,1,19940324,19940122,1,1,1,3,2,2,1,227500,223000,-4500,61,1960,3,2.5,1971,8750,0.027,6021,5118,0,248.1,484.7
529,1,19940525,19940404,3,1,2,2,1,1,1,222000,223000,1000,51,1800,3,2.5,1958,6450,0.0235,5241,4455,0,472.2,403.1
530,1,19941231,19941110,3,1,1,2,1,2,1,198000,191000,-7000,51,1670,3,2.5,1973,5100,0.026000000000000002,4966,4221,0,472.8,411.2
531,1,19940426,19940227,1,1,1,2,2,6,1,245000,237000,-8000,58,1960,3,2.5,1957,9250,0.028,6636,5641,0,241.4,475.2
532,1,19941210,19941019,1,1,2,2,2,4,2,259000,262500,3500,52,2010,3,2.5,1990,9850,0.0285,7481,6359,4000,229.5,468.8
533,1,19941112,19940905,1,1,2,2,3,5,1,195500,188500,-7000,68,1680,3,2.5,1955,8100,0.0275,5184,4406,2000,261,455.4
534,1,19940113,19931126,1,1,1,2,1,2,1,209000,202500,-6500,48,2020,4,3.5,1978,10000,0.027,5468,4648,0,243.7,483.4
535,1,19941121,19940914,1,1,1,2,1,2,1,235500,237500,2000,68,1880,2,2,1958,7150,0.023,5463,4644,2750,254.5,455.1
536,1,19940908,19940628,1,1,1,2,1,3,1,216000,210000,-6000,72,1640,2,2,1959,7050,0.024,5040,4284,0,254.3,442.4
537,1,19941013,19940811,1,1,2,6,2,1,1,235500,231000,-4500,63,2020,3,2.5,1961,4950,0.0285,6584,5596,0,249.9,456
538,1,19940116,19931106,1,1,1,3,1,6,1,151500,147000,-4500,71,1800,4,3.5,1989,5700,0.0235,3455,2937,0,260.8,481.9
539,1,19940629,19940428,3,1,1,5,3,1,1,198500,197500,-1000,62,1830,3,2.5,1960,8400,0.027,5333,4533,0,464.7,402.4
540,1,19940511,19940309,1,1,1,2,1,2,1,180500,177000,-3500,63,1420,2,2,1975,6800,0.024,4248,3611,0,272.2,462.9
541,1,19940411,19940217,1,1,1,7,1,5,1,252500,244500,-8000,53,1840,4,3.5,1971,5250,0.0235,5746,4884,0,228.4,491.8
542,1,19940925,19940714,1,1,2,3,2,3,2,288000,274000,-14000,73,2280,4,3.5,1982,6800,0.023,6302,5357,0,271.4,480.1
543,1,19941110,19940914,3,1,1,5,2,2,2,262000,252000,-10000,57,1910,3,2.5,1991,8400,0.028,7056,5998,0,472.6,406.5
544,1,19940511,19940307,1,1,2,1,1,5,1,200500,192000,-8500,65,1580,3,2.5,1959,6450,0.025,4800,4080,0,272.1,451.4
545,1,19941104,19940904,1,1,1,2,1,2,2,304500,290000,-14500,61,2120,4,3.5,1956,6450,0.0245,7105,6039,0,243.9,462.6
546,1,19940928,19940808,1,1,1,3,2,1,1,227500,225000,-2500,51,1950,3,2.5,1961,9050,0.0285,6413,5451,0,258.5,473.7
547,1,19940603,19940411,1,1,1,8,4,5,1,230000,228000,-2000,53,1700,2,2,1965,4550,0.025500000000000002,5814,4942,2750,259.3,481.8
548,1,19941203,19941009,1,1,2,9,2,4,1,238000,239000,1000,55,2140,4,3.5,1971,9500,0.023,5497,4672,0,254.3,452.8
549,1,19940626,19940506,1,1,2,4,4,3,2,262500,259000,-3500,51,2210,4,3.5,1955,10350,0.025,6475,5504,0,249.4,443.3
550,1,19940603,19940403,1,1,2,3,1,2,1,208000,203500,-4500,61,1830,2,2,1972,4500,0.0225,4579,3892,0,225.4,452.5
551,1,19940404,19940110,5,1,2,6,1,1,1,217000,216500,-500,84,1790,3,2.5,1978,7750,0.027,5846,4969,0,522,426.6
552,1,19940124,19931208,3,1,2,3,5,4,1,206000,204000,-2000,47,1850,3,2.5,1969,5900,0.0265,5406,4595,0,484.8,386.1
553,1,19940306,19940102,1,1,1,2,1,2,1,181000,176500,-4500,63,1790,2,2,1985,7100,0.025,4413,3751,0,241.1,491.3
554,1,19940328,19940130,1,1,3,3,1,3,1,212500,202500,-10000,57,1850,3,2.5,1964,8700,0.0465,9416,8004,0,258.5,473.7
555,1,19940718,19940518,1,1,2,2,1,4,1,252500,239500,-13000,61,1900,3,2.5,1958,5050,0.0265,6347,5395,0,250.9,459.5
556,1,19940804,19940531,1,1,2,2,6,2,1,165500,167000,1500,65,1540,3,2.5,1968,7450,0.024,4008,3407,0,259.8,469.2
557,1,19940529,19940327,1,1,3,1,1,1,1,258000,245500,-12500,63,2030,4,3.5,1972,7400,0.047,11539,9808,0,246.6,466.2
558,1,19940411,19940128,1,1,1,4,1,4,2,279000,266000,-13000,73,2100,4,3.5,1963,9500,0.025500000000000002,6783,5766,0,263.3,479.7
559,1,19940917,19940705,1,1,2,1,1,5,1,205000,202000,-3000,74,1550,3,2.5,1973,5350,0.03,6060,5151,0,228.7,483.8
560,1,19940506,19940317,1,1,2,2,1,5,1,262500,248000,-14500,50,2150,4,3.5,1963,6500,0.025500000000000002,6324,5375,1250,229.6,467.7
561,1,19940712,19940503,1,1,2,2,1,5,1,167000,170500,3500,70,1440,3,2.5,1962,5600,0.023,3922,3334,0,236.5,450.8
562,1,19940624,19940504,1,1,1,2,1,2,1,237500,232500,-5000,51,1870,3,2.5,1955,5650,0.03,6975,5929,0,240.2,463.6
563,1,19940814,19940619,1,1,1,1,1,4,1,226500,225000,-1500,56,1850,3,2.5,1965,8850,0.025,5625,4781,0,259.9,441.6
564,1,19940713,19940517,3,1,1,1,5,1,1,142000,143500,1500,57,1560,3,2.5,1980,4250,0.025500000000000002,3659,3110,0,469.2,401.4
565,1,19940417,19940209,1,1,1,1,1,3,1,188500,187000,-1500,67,1780,3,2.5,1972,4900,0.0275,5143,4372,0,242.2,471.8
566,1,19940316,19940124,1,1,2,3,1,2,1,231000,228500,-2500,51,2160,4,3.5,1988,8800,0.023,5256,4468,0,261.7,483.1
567,1,19940916,19940722,1,1,1,1,1,5,1,246500,242000,-4500,56,1840,3,2.5,1986,9100,0.0275,6655,5657,0,252.3,470
568,1,19940623,19940504,1,1,2,1,4,5,1,189000,185000,-4000,50,1730,2,2,1963,6700,0.027,4995,4246,0,221.2,440.8
569,1,19940828,19940608,1,1,2,1,1,5,1,215000,213500,-1500,81,1650,3,2.5,1968,7900,0.0285,6085,5172,0,255.6,479.3
570,1,19940918,19940730,1,1,2,5,1,1,1,222000,223000,1000,50,2200,4,3.5,1983,5550,0.0275,6133,5213,0,248.5,465.2
571,1,19940715,19940513,1,1,2,6,2,5,2,320000,319500,-500,63,2570,5,4,1985,6650,0.025,7988,6790,0,247,462.8
572,1,19940411,19940212,1,1,1,2,4,2,1,183500,187000,3500,58,1460,2,2,1965,5400,0.0245,4582,3895,0,258.3,463.4
573,1,19940402,19940119,1,1,1,1,1,1,1,202000,199500,-2500,73,1830,3,2.5,1975,7500,0.022,4389,3731,0,252.5,461.9
574,1,19940110,19931021,5,1,1,2,1,2,2,258000,253000,-5000,81,1920,3,2.5,1990,5750,0.027,6831,5806,0,518.4,429.7
575,1,19941014,19940810,1,1,1,1,3,5,2,271000,270000,-1000,65,2100,3,2.5,1980,5900,0.025500000000000002,6885,5852,4750,252.4,455
576,1,19940527,19940410,1,1,1,2,1,2,1,241000,232000,-9000,47,1950,3,2.5,1969,5950,0.0265,6148,5226,0,242.1,460.2
577,1,19940210,19931203,1,1,1,4,1,5,1,244000,238500,-5500,69,1900,3,2.5,1968,6550,0.0235,5605,4764,0,269.2,446.6
578,1,19940929,19940803,3,1,1,2,1,5,2,269500,272000,2500,57,2070,3,2.5,1991,9700,0.025500000000000002,6936,5896,0,482.8,387.8
579,1,19940605,19940330,1,1,1,4,4,2,1,185500,182000,-3500,67,1620,2,2,1985,4200,0.0265,4823,4100,0,221.5,422.4
580,1,19940831,19940708,5,1,2,2,1,2,1,213500,213500,0,54,2000,4,3.5,1984,6900,0.024,5124,4355,0,530.1,445
581,1,19941210,19940911,1,1,1,7,4,2,1,192500,193000,500,90,1810,3,2.5,1983,7300,0.026000000000000002,5018,4265,0,243,455.7
582,1,19940713,19940505,1,1,1,5,4,2,1,194500,191000,-3500,69,1580,3,2.5,1960,4100,0.024,4584,3896,2500,235.1,473.7
583,1,19941030,19940904,1,1,1,3,1,6,2,254500,250500,-4000,56,1900,4,3.5,1971,4850,0.0275,6889,5856,0,251.4,468.8
584,1,19941010,19940809,1,1,1,1,5,5,1,155500,156000,500,62,1440,2,2,1982,6100,0.0225,3510,2984,0,231.8,466.6
585,1,19941029,19940912,1,1,2,1,1,4,1,220000,214500,-5500,47,1750,3,2.5,1971,6650,0.029500000000000002,6328,5379,0,250.9,436.5
586,1,19940917,19940729,1,1,1,3,6,1,1,177000,177500,500,50,1630,2,2,1991,6350,0.025,4438,3772,0,273,488.3
587,1,19940821,19940619,1,1,1,2,1,1,1,201500,197000,-4500,63,1750,3,2.5,1976,8100,0.0245,4827,4103,0,255,483.9
588,1,19940119,19931119,1,1,1,1,1,5,1,252000,245000,-7000,61,1910,3,2.5,1967,5000,0.022,5390,4582,0,247.1,426
589,1,19950529,19950410,1,1,1,6,3,5,2,313500,308000,-5500,49,2630,4,3.5,1991,10050,0.026000000000000002,8008,6807,0,275,463
590,1,19950210,19941208,1,1,1,3,2,2,2,255500,250500,-5000,64,1890,4,3.5,1979,6100,0.025,6263,5324,0,242.1,436.1
591,1,19951008,19950808,1,1,1,2,1,2,2,269000,263000,-6000,61,2080,3,2.5,1972,6600,0.0245,6444,5477,0,220.6,446.5
592,1,19951119,19950930,1,1,2,2,1,4,1,215000,214500,-500,50,1950,4,3.5,1994,9450,0.029500000000000002,6328,5379,0,233.8,449.5
593,1,19951031,19950914,1,1,3,1,1,2,1,251000,241000,-10000,47,1910,2,2,1966,6550,0.0445,10725,9116,0,263.1,474
594,1,19950523,19950318,1,1,2,3,1,1,1,166000,164000,-2000,66,1500,3,2.5,1979,6100,0.03,4920,4182,0,238.2,462.4
595,1,19951025,19950907,1,1,3,1,2,1,1,205500,203500,-2000,48,1680,3,2.5,1975,5700,0.0495,10073,8562,0,233.7,454.1
596,1,19950930,19950803,1,1,2,2,4,2,2,253000,257000,4000,58,2260,4,3.5,1992,8050,0.0275,7068,6008,0,256.1,433.3
597,1,19950311,19950119,1,1,2,4,1,2,1,205500,203000,-2500,51,1900,4,3.5,1955,6950,0.025,5075,4314,0,246.2,474.3
598,1,19950617,19950430,1,1,2,5,4,3,1,229500,225000,-4500,48,1790,3,2.5,1983,6350,0.0265,5963,5069,0,264.4,489
599,1,19950819,19950702,1,1,2,4,1,2,1,223500,222500,-1000,48,1840,3,2.5,1976,7200,0.025500000000000002,5674,4823,0,269.4,451.3
600,1,19950226,19950107,1,1,2,5,1,2,2,285500,279500,-6000,50,2320,4,3.5,1986,9400,0.029,8106,6890,2000,251.9,451.5
601,1,19950113,19941117,1,1,3,1,1,2,1,218000,215500,-2500,57,1790,2,2,1960,7000,0.0485,10452,8884,0,269.6,475.4
602,1,19950608,19950330,1,1,2,3,1,2,2,327500,322500,-5000,70,2370,4,3.5,1966,9150,0.024,7740,6579,0,247.1,481.2
603,1,19950729,19950513,1,1,3,1,1,5,1,253500,238500,-15000,77,1880,3,2.5,1976,7250,0.045,10733,9123,0,263,445.2
604,1,19951018,19950828,1,1,2,9,2,1,1,241000,235000,-6000,51,1790,3,2.5,1980,8850,0.026000000000000002,6110,5194,0,246.4,432.8
605,1,19951004,19950719,1,1,1,2,1,5,1,212500,204500,-8000,77,1580,2,2,1967,7350,0.0235,4806,4085,1500,255.1,454
606,1,19950914,19950715,1,1,1,6,4,4,2,276000,267500,-8500,61,1960,3,2.5,1955,8150,0.0245,6554,5571,0,251.3,448
607,1,19950627,19950428,1,1,2,2,1,2,2,272500,270500,-2000,60,2320,3,2.5,1966,10950,0.0265,7168,6093,0,234.3,447.2
608,1,19950308,19950107,1,1,1,8,3,1,1,229500,226000,-3500,60,1720,3,2.5,1983,6900,0.0275,6215,5283,0,287,465.9
609,1,19950601,19950304,1,1,1,3,3,5,2,277500,265500,-12000,89,2190,4,3.5,1956,9700,0.028,7434,6319,0,238.3,440.5
610,1,19951216,19950930,1,1,2,3,6,1,1,165000,167500,2500,77,1630,2,2,1986,7050,0.025500000000000002,4271,3630,0,259.5,454.2
611,1,19950617,19950501,1,1,2,3,3,3,1,221500,222500,1000,47,2030,3,2.5,1993,5500,0.023,5118,4350,0,223.2,469.7
612,1,19950311,19950106,1,1,2,1,2,4,2,255000,252000,-3000,64,2130,4,3.5,1990,7800,0.028,7056,5998,0,241.6,460.2
613,1,19950430,19950307,1,1,1,5,1,5,1,183000,180500,-2500,54,1480,2,2,1964,4000,0.023,4152,3529,0,246.3,462.8
614,1,19950731,19950606,1,1,2,2,4,1,1,228500,230500,2000,55,1720,3,2.5,1962,5700,0.0225,5186,4408,0,251.5,437.7
615,1,19950414,19950130,1,1,1,3,1,5,1,207500,206000,-1500,74,1810,3,2.5,1966,5750,0.027,5562,4728,0,245.5,468.5
616,1,19951012,19950713,1,1,1,1,1,3,1,196000,192500,-3500,91,1550,2,2,1961,6250,0.027,5198,4418,0,272.7,462.9
617,1,19950801,19950519,1,1,1,1,2,5,1,207000,203000,-4000,74,1740,3,2.5,1970,4700,0.023,4669,3969,0,249.1,466.4
618,1,19950714,19950511,1,1,2,1,3,2,1,179000,174000,-5000,64,1470,3,2.5,1984,3800,0.029,5046,4289,2000,234.5,454.1
619,1,19951019,19950808,1,1,1,8,1,4,1,208000,200000,-8000,72,1690,3,2.5,1989,6400,0.028,5600,4760,0,245.7,480
620,1,19951018,19950810,1,1,1,4,1,1,1,233000,225500,-7500,69,1890,3,2.5,1984,7300,0.025,5638,4792,0,267.1,450
621,1,19950902,19950712,3,1,1,1,4,2,1,164500,170000,5500,52,2000,3,2.5,1983,9000,0.03,5100,4335,0,463.7,390.8
622,1,19950925,19950710,1,1,3,2,1,2,1,233500,234500,1000,77,2060,3,2.5,1970,6650,0.043500000000000004,10201,8671,0,244.8,475.4
623,1,19951205,19951007,1,1,1,7,4,1,2,253000,259000,6000,59,2030,3,2.5,1994,9450,0.0265,6864,5834,0,227.6,448
624,1,19950804,19950606,1,1,2,6,3,2,2,290000,287000,-3000,59,2250,4,3.5,1957,7450,0.028,8036,6831,0,243.9,490.3
625,1,19950423,19950304,1,1,1,8,4,1,2,267500,264000,-3500,50,2120,4,3.5,1978,9450,0.023,6072,5161,0,238.7,445.1
626,1,19950430,19950312,1,1,1,4,2,5,2,337500,341000,3500,49,2750,4,3.5,1980,10750,0.0245,8355,7102,0,243.5,455.7
627,1,19950316,19950117,1,1,2,4,4,2,1,187000,184000,-3000,58,1630,3,2.5,1988,6250,0.0285,5244,4457,0,235.9,454.2
628,1,19950425,19950307,1,1,3,8,3,5,2,261000,250000,-11000,49,2190,3,2.5,1957,8850,0.048,12000,10200,0,268.1,470.8
629,1,19951006,19950804,1,1,2,2,2,5,1,144000,145500,1500,63,1490,2,2,1985,4800,0.028,4074,3463,0,234.7,449.5
630,1,19951217,19951014,1,1,2,3,1,1,2,258000,261500,3500,64,1770,4,3.5,1987,8150,0.0225,5884,5001,0,271.8,460.6
631,1,19950427,19950302,3,1,1,3,2,1,1,237000,236000,-1000,56,2000,4,3.5,1973,9800,0.0275,6490,5517,0,471.1,411.6
632,1,19951229,19951031,1,1,2,1,2,5,1,240000,242000,2000,59,1910,3,2.5,1988,4850,0.022,5324,4525,0,248.7,484.8
633,1,19950408,19950215,3,1,1,3,1,5,1,206000,202000,-4000,52,1860,3,2.5,1987,4900,0.0265,5353,4550,0,469.3,399
634,1,19950212,19941122,1,1,1,1,1,2,1,247000,236000,-11000,82,1750,3,2.5,1977,5900,0.03,7080,6018,0,251.6,468.8
635,1,19950606,19950411,1,1,2,3,1,2,1,236000,236000,0,56,2370,4,3.5,1957,9900,0.0235,5546,4714,0,249.7,450.3
636,1,19950708,19950515,1,1,1,6,6,2,1,241500,235000,-6500,54,1460,2,2,1983,5550,0.0245,5758,4894,0,233.2,446
637,1,19951126,19950916,1,1,2,9,1,5,1,123000,117000,-6000,71,1160,2,2,1982,5200,0.025500000000000002,2984,2536,0,253.8,453.9
638,1,19951027,19950830,1,1,1,9,1,5,1,222000,220500,-1500,58,1860,3,2.5,1977,7100,0.0285,6284,5341,2500,239.1,460.1
639,1,19950120,19941118,1,1,1,4,3,1,1,221500,213500,-8000,63,1530,2,2,1978,4750,0.0245,5231,4446,0,256.4,449.5
640,1,19950424,19950225,1,1,2,1,3,1,1,146000,140500,-5500,58,1520,3,2.5,1984,4100,0.022,3091,2627,0,237.5,457.7
641,1,19950531,19950325,1,1,1,2,4,2,1,191500,194500,3000,67,1770,4,3.5,1965,6100,0.023,4474,3803,0,250.7,472.2
642,1,19950806,19950611,1,1,1,2,1,2,1,252500,246500,-6000,56,1600,3,2.5,1957,7250,0.026000000000000002,6409,5448,0,276.1,451.6
643,1,19950504,19950317,1,1,2,1,5,5,2,260500,262000,1500,48,2110,3,2.5,1994,9000,0.022,5764,4899,0,254.9,477
644,1,19951123,19950924,5,1,2,6,1,1,2,275500,263500,-12000,60,2080,4,3.5,1987,5550,0.023,6061,5152,0,531,447.4
645,1,19951127,19950828,1,1,2,2,1,2,1,243500,245000,1500,91,1880,2,2,1968,7000,0.027,6615,5623,0,264,457.9
646,1,19950712,19950517,1,1,1,9,1,2,1,197500,196000,-1500,56,1470,2,2,1977,4350,0.025500000000000002,4998,4248,0,252.3,451.6
647,1,19951127,19950924,3,1,2,1,5,5,1,233000,230500,-2500,64,2130,3,2.5,1991,8750,0.023,5302,4507,0,475.7,389.3
648,1,19950909,19950707,1,1,1,1,1,2,2,264000,252000,-12000,64,2020,4,3.5,1959,7950,0.0235,5922,5034,0,256,429.9
649,1,19950619,19950410,1,1,1,2,2,1,1,253500,246000,-7500,70,2090,4,3.5,1976,5400,0.023,5658,4809,0,275.2,509.1
650,1,19950130,19941212,1,1,2,6,1,6,1,237500,237000,-500,49,2270,4,3.5,1962,9100,0.0275,6518,5540,0,233.7,456.4
651,1,19950417,19950225,1,1,3,4,1,1,1,162500,159500,-3000,51,1890,3,2.5,1983,7600,0.0505,8055,6847,1250,259.8,432.4
652,1,19950712,19950514,1,1,2,2,3,1,2,306000,292000,-14000,59,2210,3,2.5,1966,8300,0.025,7300,6205,0,251,488.3
653,1,19950812,19950517,1,1,1,1,3,2,2,266500,263000,-3500,87,2370,3,2.5,1964,8900,0.0235,6181,5254,0,253.3,473.5
654,1,19951107,19950918,1,1,1,9,1,3,1,222500,225000,2500,50,1930,3,2.5,1970,7850,0.028,6300,5355,0,256.6,480.6
655,1,19951010,19950715,1,1,2,5,2,6,1,239500,226500,-13000,87,1540,2,2,1959,5000,0.024,5436,4621,0,243.5,454.6
656,1,19950114,19941120,1,1,2,2,1,5,2,269000,258500,-10500,55,2380,4,3.5,1981,9700,0.027,6980,5933,0,249,441
657,1,19950328,19950117,1,1,1,2,1,5,2,257500,257500,0,70,2190,4,3.5,1957,5300,0.023,5923,5035,0,233.7,456.4
658,1,19950428,19950302,1,1,1,1,2,5,1,196500,197500,1000,57,2020,3,2.5,1981,9950,0.03,5925,5036,0,247.3,476.6
659,1,19950605,19950406,1,1,1,3,4,1,1,251000,245000,-6000,60,2060,3,2.5,1959,9000,0.0265,6493,5519,0,250.4,468.7
660,1,19950405,19950202,1,1,2,9,1,2,2,272500,286500,14000,62,2480,5,4,1993,10450,0.0235,6733,5723,0,272.8,430.7
661,1,19951218,19951021,1,1,1,5,4,5,1,163500,158000,-5500,58,1340,2,2,1987,5900,0.03,4740,4029,0,243.2,479.9
662,1,19950719,19950530,1,1,1,2,4,2,2,257000,251000,-6000,50,2260,4,3.5,1971,8750,0.028,7028,5974,0,245.3,462.7
663,1,19961215,19960916,3,1,2,1,4,3,1,237500,230500,-7000,90,1860,2,2,1977,7200,0.0235,5417,4604,1250,452.8,412.2
664,1,19960419,19960220,1,1,1,1,3,2,1,243000,231000,-12000,59,2230,3,2.5,1984,7550,0.025,5775,4909,0,254.6,466.6
665,1,19960520,19960401,1,1,1,6,1,2,1,217500,213000,-4500,49,1600,2,2,1961,7550,0.029500000000000002,6284,5341,0,238.8,433.6
666,1,19960205,19951213,1,1,1,2,2,5,1,176500,171500,-5000,54,1690,3,2.5,1959,7300,0.023,3945,3353,0,250.6,457.2
667,1,19961224,19961016,1,1,2,2,2,4,2,260000,262500,2500,69,2040,3,2.5,1972,6300,0.0225,5906,5020,0,251.9,474.6
668,1,19961128,19961006,5,1,1,2,3,2,1,219000,211000,-8000,53,1720,2,2,1985,5750,0.027,5697,4842,0,545.8,449.2
669,1,19960322,19960123,1,1,2,3,1,5,2,296000,290000,-6000,59,1990,3,2.5,1965,8300,0.029,8410,7149,0,260.1,456.5
670,1,19961212,19961012,1,1,1,3,1,2,1,199000,196500,-2500,61,1940,4,3.5,1956,9350,0.026000000000000002,5109,4343,0,234.1,441.4
671,1,19961221,19961102,1,1,2,2,5,5,1,230500,218500,-12000,49,1950,3,2.5,1962,8450,0.03,6555,5572,0,268.3,486.9
672,1,19960821,19960608,1,1,2,9,1,1,1,181000,171000,-10000,74,1670,3,2.5,1984,5200,0.026000000000000002,4446,3779,0,250.6,454.9
673,1,19960617,19960416,1,1,1,1,4,5,2,281500,282000,500,62,2370,3,2.5,1965,11800,0.0245,6909,5873,0,223.6,472
674,1,19960303,19960113,1,1,1,2,4,3,1,218000,211000,-7000,50,1780,3,2.5,1962,8300,0.026000000000000002,5486,4663,0,237.9,470.4
675,1,19960818,19960628,1,1,2,2,2,3,2,342000,341000,-1000,51,2690,5,4,1968,11100,0.0235,8014,6812,4250,262.7,471.6
676,1,19960619,19960429,3,1,3,5,5,2,1,233500,227000,-6500,51,1770,2,2,1983,4550,0.044,9988,8490,0,465.2,417.6
677,1,19960428,19960225,1,1,2,3,5,5,1,191000,192000,1000,63,1910,2,2,1986,7500,0.03,5760,4896,0,240.6,460.2
678,1,19960722,19960518,1,1,1,4,2,5,1,220500,231500,11000,65,1780,3,2.5,1980,5550,0.0265,6135,5215,0,236.8,471.5
679,1,19960118,19951115,1,1,1,1,3,1,2,330000,325500,-4500,64,2410,4,3.5,1991,12000,0.029,9440,8024,0,262.5,439.4
680,1,19960427,19960307,1,1,2,1,2,1,2,273500,264000,-9500,51,2120,3,2.5,1961,7250,0.0275,7260,6171,0,249.9,458.3
681,1,19960226,19951218,1,1,1,3,2,4,1,213000,212000,-1000,70,2140,3,2.5,1963,10450,0.0265,5618,4775,0,262.5,465.9
682,1,19960219,19951221,1,1,1,4,1,5,2,312500,305000,-7500,60,2370,4,3.5,1957,5950,0.0265,8083,6871,0,221.8,454.6
683,1,19960514,19960321,1,1,1,1,3,2,1,210000,197500,-12500,54,2010,2,2,1968,6350,0.0285,5629,4785,0,247.9,465.1
684,1,19960918,19960722,1,1,2,1,1,2,2,249500,250000,500,58,2010,4,3.5,1977,5450,0.0265,6625,5631,0,259.8,465.7
685,1,19960322,19960123,1,1,1,2,3,3,1,193000,185500,-7500,59,1530,3,2.5,1995,3700,0.03,5565,4730,0,243.2,449.9
686,1,19960928,19960808,1,1,1,2,1,5,2,351500,337500,-14000,51,2380,4,3.5,1978,10400,0.029,9788,8320,0,267.5,454.6
687,1,19961216,19961023,1,1,1,1,4,2,2,259000,260000,1000,54,2210,4,3.5,1975,7750,0.0285,7410,6299,0,232.9,472.5
688,1,19960718,19960602,1,1,1,4,1,5,1,180500,174500,-6000,46,1550,3,2.5,1957,4000,0.03,5235,4450,0,232.2,478.2
689,1,19960407,19960214,1,1,2,1,5,1,1,183500,181000,-2500,53,1910,2,2,1990,7400,0.0235,4254,3616,3250,265.1,491.3
690,1,19960719,19960521,1,1,1,1,4,1,1,240000,234000,-6000,59,1830,3,2.5,1958,5250,0.025500000000000002,5967,5072,0,240.4,459
691,1,19960729,19960604,1,1,1,4,1,1,1,194500,188500,-6000,55,1520,3,2.5,1988,4150,0.029500000000000002,5561,4727,0,246.4,459.3
692,1,19960626,19960425,1,1,1,2,5,4,2,259000,255000,-4000,62,1900,3,2.5,1975,4600,0.029,7395,6286,0,261.4,450.9
693,1,19960330,19960123,1,1,1,1,1,5,1,231000,224500,-6500,67,2000,4,3.5,1992,8250,0.0235,5276,4485,0,235.9,458.8
694,1,19960930,19960805,1,1,2,2,1,5,1,262500,240500,-22000,56,1840,3,2.5,1989,5300,0.029500000000000002,7095,6031,0,238.1,477.3
695,1,19960714,19960515,1,1,1,2,1,3,1,249500,241500,-8000,60,2110,3,2.5,1959,5700,0.025500000000000002,6158,5234,0,253.6,473.5
696,1,19960324,19960205,1,1,2,6,4,3,1,213000,205500,-7500,48,1700,2,2,1986,4200,0.024,4932,4192,0,237.1,451.9
697,1,19960523,19960310,1,1,1,3,6,5,1,253000,241000,-12000,74,1940,4,3.5,1960,9400,0.0225,5423,4610,0,239.1,473.9
698,1,19960517,19960320,1,1,2,2,1,5,1,219500,216000,-3500,58,1780,3,2.5,1958,5100,0.0245,5292,4498,0,275.6,460.8
699,1,19961012,19960815,1,1,2,4,1,1,1,184500,184500,0,58,1420,2,2,1978,3750,0.028,5166,4391,0,256.3,447.1
700,1,19961227,19961020,1,1,1,3,6,1,2,314500,311500,-3000,68,2270,4,3.5,1974,6400,0.025500000000000002,7943,6752,0,234,463.3
701,1,19961110,19960914,1,1,2,2,5,1,1,253500,238000,-15500,57,2130,3,2.5,1977,7550,0.028,6664,5664,0,258.4,443.8
702,1,19960304,19951226,1,1,1,4,1,5,1,211500,208500,-3000,69,1660,3,2.5,1961,4250,0.027,5630,4786,0,235.1,462.2
703,1,19960412,19960125,1,1,2,2,1,1,2,299000,288000,-11000,78,1860,3,2.5,1961,6150,0.029500000000000002,8496,7222,0,254.4,454
704,1,19960408,19960210,1,1,1,1,4,5,1,141000,138500,-2500,58,1280,2,2,1976,4600,0.0225,3116,2649,0,256.6,469
705,1,19960717,19960515,1,1,1,2,1,5,2,258500,258000,-500,63,1930,4,3.5,1972,8450,0.0225,5805,4934,0,235.1,471.4
706,1,19960320,19960116,1,1,2,2,3,1,2,258500,256500,-2000,64,1910,3,2.5,1982,5200,0.0235,6028,5124,0,254.7,467.8
707,1,19960809,19960617,1,1,2,6,4,2,1,233500,216500,-17000,53,1880,4,3.5,1979,7900,0.029500000000000002,6387,5429,1250,258.7,446.1
708,1,19960417,19960220,1,1,2,3,1,1,1,240000,228500,-11500,57,2020,4,3.5,1985,7650,0.027,6170,5245,0,242.3,482.1
709,1,19960326,19960121,1,1,1,2,4,4,1,229500,228500,-1000,65,1800,2,2,1985,8100,0.0235,5370,4565,0,259.2,456.5
710,1,19960414,19960120,1,1,2,9,4,1,1,215000,210500,-4500,85,1830,4,3.5,1970,6700,0.025500000000000002,5368,4563,0,242.8,494.8
711,1,19960806,19960615,1,1,1,4,4,3,2,267000,260000,-7000,52,2170,3,2.5,1981,9900,0.026000000000000002,6760,5746,0,263.3,474
712,1,19960105,19951116,1,1,2,3,1,1,2,314000,307500,-6500,50,2460,4,3.5,1962,6000,0.027,8303,7058,0,236.1,468
713,1,19960430,19960315,1,1,1,5,1,2,1,179000,176000,-3000,46,1530,2,2,1958,5300,0.026000000000000002,4576,3890,0,253.7,480.4
714,1,19960822,19960626,1,1,3,1,1,3,1,152000,149500,-2500,57,1420,2,2,1973,5650,0.05,7475,6354,0,231,470.1
715,1,19960528,19960403,1,1,2,3,4,1,2,274500,269500,-5000,55,1900,2,2,1991,9150,0.022,5929,5040,0,235.6,483
716,1,19960530,19960324,1,1,3,3,3,1,1,263000,249500,-13500,67,1810,2,2,1977,7400,0.049,12226,10392,2250,244.5,455.8
717,1,19961011,19960807,1,1,1,6,1,2,2,285500,278500,-7000,65,1800,3,2.5,1960,8500,0.0245,6823,5800,0,269.9,452.4
718,1,19960328,19960210,1,1,2,1,3,1,2,276500,262500,-14000,47,1990,4,3.5,1965,9800,0.025500000000000002,6694,5690,0,262.6,468.2
719,1,19960805,19960521,1,1,1,2,1,1,1,165500,162000,-3500,76,1480,3,2.5,1966,5000,0.025,4050,3443,0,262.3,479.7
720,1,19960820,19960623,1,1,2,9,1,2,1,252500,246000,-6500,58,1950,3,2.5,1964,5050,0.022,5412,4600,0,254.1,443.6
721,1,19960723,19960606,3,1,2,3,1,1,1,224000,221500,-2500,47,1770,2,2,1989,6850,0.026000000000000002,5759,4895,0,490.3,387.3
722,1,19960911,19960715,1,1,2,1,1,5,1,230500,218500,-12000,58,1710,2,2,1965,4500,0.0225,4916,4179,0,251,458.4
723,1,19961007,19960815,1,1,2,2,1,1,1,194500,194000,-500,53,1690,3,2.5,1962,4750,0.029,5626,4782,2500,250.2,469.9
724,1,19960328,19960131,1,1,3,3,1,5,1,165000,159000,-6000,57,1320,2,2,1980,5600,0.0485,7712,6555,0,249.5,439.9
725,1,19960831,19960618,1,1,1,1,1,5,2,282000,284500,2500,74,2290,2,2,1968,8300,0.029500000000000002,8393,7134,0,231.6,459.7
726,1,19960323,19960202,1,1,1,2,4,5,1,170500,167000,-3500,50,1280,2,2,1955,3200,0.0225,3758,3194,0,241,474
727,1,19960607,19960420,1,1,2,3,5,4,1,225000,221000,-4000,48,1820,4,3.5,1986,7350,0.022,4862,4133,0,253.9,452.8
728,1,19961227,19961109,1,1,2,1,1,4,2,280000,276000,-4000,48,1890,4,3.5,1984,6850,0.025,6900,5865,0,245.1,468.5
729,1,19960522,19960402,1,1,2,2,3,4,1,148500,142500,-6000,50,1310,2,2,1968,5750,0.0265,3776,3210,0,251.4,486
730,1,19960514,19960322,1,1,1,1,6,2,2,258000,253000,-5000,53,2150,3,2.5,1985,8950,0.029500000000000002,7464,6344,0,241.2,459.1
731,1,19960727,19960607,1,1,1,1,1,1,1,207000,202500,-4500,50,1790,2,2,1984,6100,0.024,4860,4131,0,265.9,463.7
732,1,19961120,19960909,1,1,1,6,4,5,1,194000,191000,-3000,72,1800,3,2.5,1980,6500,0.024,4584,3896,0,252.1,460.8
733,1,19961007,19960811,1,1,1,4,1,2,1,206000,203000,-3000,57,1540,2,2,1981,6050,0.026000000000000002,5278,4486,0,246.8,455.9
734,1,19960102,19951004,1,1,1,6,1,3,1,218500,219000,500,90,1670,3,2.5,1963,5700,0.025500000000000002,5585,4747,0,231.1,448.2
735,1,19961203,19961005,1,1,1,1,1,1,1,237000,223000,-14000,59,1800,3,2.5,1968,8200,0.029500000000000002,6579,5592,0,225.9,472.1
736,1,19961209,19961008,1,1,1,8,5,5,1,252500,245000,-7500,62,2460,4,3.5,1988,9600,0.0265,6493,5519,0,234.9,462.2
737,1,19960304,19951226,1,1,1,1,1,2,2,290000,277000,-13000,69,2000,3,2.5,1985,9800,0.0265,7341,6240,0,237.3,473.8
738,1,19960506,19960317,1,1,1,3,3,5,2,270000,262000,-8000,50,2180,4,3.5,1973,7300,0.025,6550,5568,0,261.2,480.8
739,1,19960427,19960209,1,1,2,3,1,1,2,277500,275500,-2000,78,1980,4,3.5,1961,8550,0.027,7439,6323,0,230.8,478.1
740,1,19960822,19960620,1,1,1,4,1,2,1,214000,223000,9000,63,1550,2,2,1990,4950,0.0275,6133,5213,0,249,447.9
741,1,19960604,19960317,1,1,2,6,1,1,1,139500,140000,500,79,1250,2,2,1986,5600,0.029500000000000002,4130,3511,0,263.7,483.2
742,1,19970629,19970502,1,1,1,2,1,2,2,255500,258000,2500,58,1670,2,2,1965,4650,0.0265,6837,5811,0,259.4,466.9
743,1,19970820,19970616,1,1,1,2,1,1,2,302500,299000,-3500,65,1960,3,2.5,1981,7600,0.0225,6728,5719,0,248.6,479
744,1,19971022,19970919,1,1,1,2,3,5,2,285500,283000,-2500,33,2160,4,3.5,1971,9050,0.0285,8066,6856,0,266,463.7
745,1,19970601,19970410,1,1,1,1,1,1,1,253500,249500,-4000,52,1960,3,2.5,1990,9400,0.0235,5863,4984,0,251.9,461.9
746,1,19970720,19970613,1,1,2,8,4,2,2,279000,275000,-4000,37,1980,4,3.5,1960,5050,0.0225,6188,5260,0,250.1,457.2
747,1,19970211,19970110,1,1,2,1,2,5,1,207500,209000,1500,32,1880,3,2.5,1995,7450,0.029,6061,5152,0,255.2,474.7
748,1,19970602,19970422,1,1,2,4,2,4,2,250000,252500,2500,41,1930,3,2.5,1976,6650,0.0275,6944,5902,0,243,454.5
749,1,19971029,19970925,1,1,1,2,1,1,1,233000,234000,1000,34,1760,3,2.5,1986,4700,0.028,6552,5569,0,250.7,474.5
750,1,19970923,19970808,1,1,2,2,4,5,1,243500,238500,-5000,46,1830,4,3.5,1989,5650,0.028,6678,5676,0,242.7,481
751,1,19970426,19970309,5,1,1,8,5,5,2,314500,316500,2000,48,1940,3,2.5,1955,8550,0.029500000000000002,9337,7936,0,498.7,437.7
752,1,19970712,19970609,1,1,2,8,1,2,1,183000,177500,-5500,33,1600,2,2,1991,5950,0.026000000000000002,4615,3923,0,260,432.4
753,1,19970102,19961201,1,1,1,3,1,1,2,269500,260500,-9000,32,2030,2,2,1962,8450,0.028,7294,6200,0,249.9,441.1
754,1,19970404,19970214,1,1,1,1,1,5,1,176500,182500,6000,49,1460,2,2,1994,7100,0.027,4928,4189,0,240.6,477.4
755,1,19970711,19970523,1,1,1,2,1,5,1,237500,241000,3500,49,2080,3,2.5,1984,5750,0.025500000000000002,6146,5224,0,264.7,464.8
756,1,19970319,19970214,1,1,3,5,1,2,1,192500,193500,1000,33,1500,3,2.5,1981,3900,0.0465,8998,7648,2000,244.5,482.2
757,1,19970507,19970322,1,1,2,5,2,1,2,257500,250500,-7000,46,1950,2,2,1980,6850,0.03,7515,6388,0,237.7,471.5
758,1,19970412,19970306,1,1,1,1,1,5,2,311500,324500,13000,37,2300,4,3.5,1969,8350,0.029500000000000002,9573,8137,0,243.4,474.1
759,1,19970608,19970423,1,1,2,1,1,5,2,284500,291000,6500,46,1990,3,2.5,1993,5800,0.0245,7130,6061,0,272.9,477.9
760,1,19970810,19970701,1,1,3,3,4,3,1,226500,222500,-4000,40,1760,3,2.5,1987,8550,0.043500000000000004,9679,8227,0,272.9,448
761,1,19971105,19970930,1,1,1,1,1,3,2,311000,308000,-3000,36,2040,3,2.5,1996,8150,0.024,7392,6283,0,234.1,451.8
762,1,19970101,19961108,1,1,1,2,1,2,2,270000,277500,7500,54,1680,2,2,1983,7400,0.0275,7631,6486,0,223.8,468.5
763,1,19970727,19970610,5,1,2,2,1,1,1,232500,234500,2000,47,1800,4,3.5,1991,7800,0.025500000000000002,5980,5083,0,512.2,437
764,1,19970716,19970610,1,1,1,3,1,1,2,305000,303000,-2000,36,2000,3,2.5,1972,6900,0.0245,7424,6310,0,249.4,459.5
765,1,19970411,19970216,1,1,1,6,1,1,1,241500,238500,-3000,54,1740,3,2.5,1956,7400,0.0245,5843,4967,0,245.8,429.3
766,1,19970520,19970402,1,1,1,1,2,4,1,225000,224000,-1000,48,1590,2,2,1980,5500,0.0225,5040,4284,0,239.7,465.9
767,1,19970906,19970727,1,1,2,9,2,1,1,181000,181000,0,41,1510,3,2.5,1994,5700,0.0285,5159,4385,0,266.3,486.8
768,1,19970615,19970503,1,1,1,1,1,1,2,346000,340500,-5500,43,2150,4,3.5,1979,6800,0.024,8172,6946,0,227.3,469.9
769,1,19970630,19970524,1,1,1,9,1,4,1,217000,223000,6000,37,1500,3,2.5,1994,3800,0.025500000000000002,5687,4834,0,275.3,440
770,1,19970530,19970421,1,1,2,5,3,2,1,238000,233500,-4500,39,1570,3,2.5,1959,6450,0.024,5604,4763,0,253.3,480.4
771,1,19971003,19970822,1,1,1,3,1,1,1,150500,153000,2500,42,1290,2,2,1975,5500,0.028,4284,3641,0,230,464.2
772,1,19971016,19970827,1,1,2,3,1,4,1,147000,141500,-5500,50,1570,2,2,1979,4700,0.03,4245,3608,1750,230.5,464.3
773,1,19970321,19970131,1,1,1,3,1,1,2,260500,271500,11000,49,1780,3,2.5,1967,4450,0.03,8145,6923,0,241,459
774,1,19970425,19970308,1,1,2,1,1,2,2,284500,286000,1500,48,2110,4,3.5,1991,5450,0.0265,7579,6442,0,259.4,472.6
775,1,19970106,19961201,1,1,2,2,1,1,1,192000,196000,4000,36,1410,3,2.5,1955,5300,0.0285,5586,4748,0,247.3,470.9
776,1,19970319,19970131,1,1,2,3,1,2,1,236500,228500,-8000,47,1770,3,2.5,1996,5100,0.0245,5598,4758,0,258.6,477.2
777,1,19970214,19961229,1,1,2,8,1,2,2,263500,267000,3500,47,2070,4,3.5,1957,10350,0.025,6675,5674,0,265.1,484.4
778,1,19970304,19970123,1,1,1,2,5,1,2,284000,279500,-4500,40,1690,3,2.5,1993,5950,0.0275,7686,6533,0,255.3,467.8
779,1,19971204,19971012,1,1,1,2,1,1,2,266000,263000,-3000,53,1850,4,3.5,1983,9050,0.026000000000000002,6838,5812,2500,263.5,462.5
780,1,19970617,19970504,1,1,1,4,1,5,2,332500,329000,-3500,44,2160,4,3.5,1982,9400,0.028,9212,7830,0,255.5,466.7
781,1,19970409,19970220,1,1,1,4,1,2,2,309500,304500,-5000,48,1970,4,3.5,1967,6100,0.0275,8374,7118,0,227.3,480.2
782,1,19971207,19971103,1,1,2,3,3,3,2,300500,299500,-1000,34,2450,4,3.5,1984,8500,0.029,8686,7383,0,262.7,468.2
783,1,19970611,19970504,1,1,2,2,2,5,2,267000,261500,-5500,38,1810,3,2.5,1984,7250,0.0235,6145,5223,0,244.4,468.4
784,1,19970426,19970325,1,1,1,4,1,3,1,214500,213000,-1500,32,1680,3,2.5,1981,5550,0.0225,4793,4074,2750,246.3,442
785,1,19970930,19970827,1,1,1,1,1,6,1,218000,218500,500,34,1570,2,2,1961,3900,0.023,5026,4272,0,246.7,461.6
786,1,19970220,19970112,1,1,1,2,1,1,1,230500,225500,-5000,39,1540,2,2,1974,7350,0.0225,5074,4313,0,225.4,452.5
787,1,19971218,19971111,3,1,1,2,4,2,2,266000,271000,5000,37,1820,3,2.5,1971,7900,0.023,6233,5298,0,472.7,404.2
788,1,19970709,19970605,1,1,2,6,1,1,2,295500,298000,2500,34,2200,3,2.5,1986,10950,0.03,8940,7599,0,258.9,454.2
789,1,19970429,19970320,1,1,1,1,3,2,2,307500,308500,1000,40,1900,3,2.5,1992,4600,0.028,8638,7342,0,246.4,459.3
790,1,19970824,19970714,1,1,2,1,1,2,2,250500,251500,1000,41,1630,3,2.5,1988,8150,0.027,6791,5772,0,266.5,448.8
791,1,19970730,19970618,1,1,2,1,3,1,1,200000,198500,-1500,42,1360,2,2,1961,4900,0.024,4764,4049,0,263.4,475.1
792,1,19970318,19970208,1,1,1,2,2,1,1,113000,118000,5000,38,1040,2,2,1977,4450,0.03,3540,3009,0,253.3,498.8
793,1,19970721,19970607,1,1,2,3,1,2,2,252500,261500,9000,44,1980,3,2.5,1965,6800,0.025,6538,5557,0,242.4,448.8
794,1,19970525,19970422,3,1,1,3,5,4,1,183500,177000,-6500,33,1330,2,2,1980,4650,0.0265,4691,3987,0,463.1,411
795,1,19971128,19971017,1,1,1,8,1,2,2,274000,279000,5000,42,2000,3,2.5,1955,7450,0.024,6696,5692,4250,243.9,478.8
796,1,19970614,19970512,1,1,2,8,1,2,2,247000,250500,3500,33,1760,3,2.5,1962,4950,0.0285,7139,6068,0,244.7,458.1
797,1,19970630,19970520,1,1,2,1,1,1,1,198500,204000,5500,41,1760,3,2.5,1978,4900,0.026000000000000002,5304,4508,0,234.8,447.2
798,1,19970214,19970105,1,1,2,5,1,5,1,207500,209500,2000,40,1490,3,2.5,1981,6800,0.025500000000000002,5342,4541,0,232.8,458.6
799,1,19970625,19970511,1,1,1,2,4,1,2,290500,305500,15000,45,2170,3,2.5,1963,7300,0.029500000000000002,9012,7660,0,256.5,466.7
800,1,19970804,19970628,1,1,1,3,2,5,2,282500,277000,-5500,37,2160,4,3.5,1977,6500,0.0245,6787,5769,0,265.5,484.4
801,1,19970502,19970317,1,1,1,3,3,1,2,383000,382500,-500,46,2240,2,2,1972,7850,0.0275,10519,8941,0,245.7,474.2
802,1,19971126,19971019,1,1,1,2,2,2,1,251000,247500,-3500,38,2190,3,2.5,1965,8000,0.022,5445,4628,0,244.8,477.7
803,1,19970416,19970310,1,1,1,3,5,1,2,257000,254000,-3000,37,1730,3,2.5,1957,4900,0.025,6350,5398,0,265,491.3
804,1,19970517,19970404,5,1,1,1,1,4,1,206000,209000,3000,43,1810,2,2,1978,5650,0.027,5643,4797,0,535.2,446.7
805,1,19970923,19970727,1,1,1,2,3,1,1,203000,205500,2500,58,1620,4,3.5,1983,6300,0.0235,4829,4105,0,239.7,476.3
806,1,19971126,19971024,1,1,2,2,3,1,2,278000,278500,500,33,1670,3,2.5,1961,5200,0.0275,7659,6510,0,261.7,453.2
807,1,19970824,19970723,1,1,3,7,1,5,2,261000,260500,-500,32,1890,3,2.5,1983,6350,0.045,11723,9965,0,230,487.3
808,1,19970405,19970209,1,1,1,2,4,6,1,228000,226500,-1500,55,1800,3,2.5,1986,7050,0.029,6569,5584,0,232.5,464.4
809,1,19971128,19971023,1,1,1,5,1,5,2,278000,279500,1500,36,2180,3,2.5,1985,6250,0.0235,6568,5583,0,260,492.2
810,1,19970112,19961118,1,1,1,2,1,2,1,226500,230500,4000,55,1490,3,2.5,1993,7150,0.0245,5647,4800,0,237.9,475
811,1,19970105,19961113,1,1,2,2,3,2,2,265000,280000,15000,53,1980,4,3.5,1983,5200,0.0275,7700,6545,0,255,478.2
812,1,19970730,19970626,1,1,2,4,1,1,2,268500,270000,1500,34,1850,3,2.5,1973,6600,0.029,7830,6656,1500,252.5,448.1
813,1,19970219,19970111,1,1,2,7,1,2,1,212000,206000,-6000,39,1520,2,2,1976,3650,0.022,4532,3852,0,251.4,468.8
814,1,19970604,19970502,5,1,2,1,6,1,1,185500,192000,6500,33,1500,3,2.5,1962,6650,0.0245,4704,3998,0,533.4,453.5
815,1,19970328,19970217,1,1,2,1,4,1,1,228000,230500,2500,39,1790,2,2,1991,5500,0.027,6224,5290,0,253.5,464.3
816,1,19970101,19961123,1,1,2,2,1,1,2,277000,288500,11500,39,2150,5,4,1991,8650,0.0225,6491,5517,0,239,453.2
817,1,19971029,19970916,1,1,2,1,3,2,2,260500,265500,5000,43,1930,3,2.5,1975,6800,0.025500000000000002,6770,5755,0,237.1,435.8
818,1,19971030,19970915,1,1,1,5,1,3,2,338500,339000,500,45,2220,3,2.5,1975,7800,0.025500000000000002,8645,7348,0,235.6,453
819,1,19970330,19970207,1,1,1,1,1,3,1,231500,225500,-6000,51,1680,2,2,1968,6450,0.0245,5525,4696,0,248,472.1
820,1,19970917,19970813,1,1,1,2,1,4,2,262000,258000,-4000,35,2160,5,4,1971,8350,0.0235,6063,5154,0,271.1,485.9
821,1,19970506,19970307,1,1,1,3,5,1,2,248500,253000,4500,60,1910,3,2.5,1955,8050,0.0225,5693,4839,0,279.6,472.5
822,1,19970715,19970604,1,1,2,2,1,2,2,320500,319500,-1000,41,2000,4,3.5,1962,7750,0.024,7668,6518,0,237.6,466.9
823,1,19971021,19970911,1,1,2,2,1,1,2,307500,307000,-500,40,2210,3,2.5,1960,6800,0.0245,7522,6394,2500,261.3,468.1
824,1,19970205,19961130,1,1,3,1,1,4,1,240500,242500,2000,67,1840,2,2,1993,8150,0.044,10670,9070,0,242.8,454.5
825,1,19970507,19970406,1,1,1,2,1,4,1,220500,220500,0,31,1670,2,2,1976,4450,0.025,5513,4686,0,256.7,447.2
826,1,19970626,19970514,1,1,1,1,4,2,2,371500,378500,7000,43,2600,3,2.5,1982,7450,0.0285,10787,9169,0,230.8,485
827,1,19970802,19970530,1,1,3,2,3,5,1,245500,240000,-5500,64,1620,3,2.5,1977,6750,0.0485,11640,9894,0,244.3,485.7
828,1,19970421,19970317,1,1,2,2,1,5,2,340500,344000,3500,35,2240,4,3.5,1959,7850,0.0285,9804,8333,0,253.7,471.2
829,1,19970318,19970212,1,1,1,2,1,5,2,273500,270000,-3500,34,2020,4,3.5,1973,10050,0.0225,6075,5164,0,232.7,460.9
830,1,19970303,19970126,1,1,2,6,3,1,2,282500,283500,1000,36,1910,3,2.5,1961,8100,0.0275,7796,6627,0,248.2,488.2
831,1,19971212,19971016,1,1,3,1,1,5,1,219000,228000,9000,57,1730,3,2.5,1956,7150,0.0455,10374,8818,0,237,481.9
832,1,19970716,19970614,1,1,1,4,1,1,2,253000,258500,5500,32,1650,2,2,1975,5850,0.027,6980,5933,0,248.4,473.2
833,1,19980108,19971116,1,1,2,1,1,2,1,243500,242500,-1000,53,1720,3,2.5,1986,6950,0.029500000000000002,7154,6081,0,224.6,459.4
834,1,19980911,19980810,1,1,2,2,1,2,2,275500,268500,-7000,32,1660,3,2.5,1963,5150,0.03,8055,6847,0,267.3,477.6
835,1,19980620,19980516,5,1,1,5,1,1,2,247000,251500,4500,35,1800,4,3.5,1978,7100,0.0245,6162,5238,0,535.2,451.4
836,1,19981121,19980929,1,1,1,2,3,5,2,330500,335500,5000,53,2440,5,4,1968,6100,0.024,8052,6844,0,253.6,466.6
837,1,19980705,19980602,1,1,1,6,1,1,1,253000,247000,-6000,33,1740,3,2.5,1956,4600,0.028,6916,5879,0,239.2,434.8
838,1,19980218,19971231,1,1,1,3,1,2,2,252500,251500,-1000,49,1540,3,2.5,1968,3700,0.024,6036,5131,0,243.6,448.8
839,1,19980722,19980614,3,1,1,1,2,5,2,309500,310500,1000,38,1950,3,2.5,1970,8150,0.0275,8539,7258,0,464.2,396.6
840,1,19981221,19981118,1,1,1,2,1,2,1,243000,243000,0,33,1580,3,2.5,1989,3850,0.029500000000000002,7169,6094,0,241.1,431.4
841,1,19980508,19980329,1,1,1,2,1,2,2,285500,296000,10500,40,1890,3,2.5,1955,8200,0.0235,6956,5913,0,244.9,474.2
842,1,19981221,19981111,1,1,3,1,1,2,2,319500,313000,-6500,40,1900,3,2.5,1991,9150,0.043500000000000004,13616,11574,0,240.4,454.4
843,1,19980329,19980202,1,1,1,3,1,5,2,276000,278000,2000,55,2010,3,2.5,1988,6050,0.0245,6811,5789,0,248.1,465.2
844,1,19980611,19980417,3,1,1,8,1,3,1,227500,227500,0,55,1670,3,2.5,1960,7000,0.024,5460,4641,0,465.2,389.3
845,1,19980510,19980315,1,1,1,2,6,4,2,255500,252000,-3500,56,1940,3,2.5,1984,5000,0.029500000000000002,7434,6319,0,233.6,484
846,1,19981113,19981010,3,1,1,2,6,2,1,247000,248000,1000,34,1920,3,2.5,1964,7150,0.028,6944,5902,0,471.8,397.3
847,1,19980905,19980718,1,1,3,9,1,5,2,270500,268000,-2500,49,1830,3,2.5,1980,8200,0.048,12864,10934,0,283.5,466.9
848,1,19980426,19980312,1,1,1,1,1,3,2,284500,282500,-2000,45,2130,2,2,1981,8950,0.0285,8051,6843,0,243.5,461.5
849,1,19980529,19980331,1,1,1,9,1,2,1,254000,248500,-5500,59,1590,3,2.5,1963,3950,0.028,6958,5914,3750,247.3,453.6
850,1,19981118,19980927,1,1,1,3,2,1,2,299500,300000,500,52,1990,3,2.5,1994,4950,0.0235,7050,5993,0,247.7,469.7
851,1,19980601,19980321,1,1,2,2,3,1,2,333000,325000,-8000,72,2080,4,3.5,1965,5900,0.028,9100,7735,0,246.8,452.4
852,1,19980817,19980713,1,1,1,2,5,5,2,269000,273000,4000,35,1410,2,2,1997,3500,0.029500000000000002,8054,6846,0,257,448.3
853,1,19980726,19980614,1,1,1,5,1,5,2,325000,340000,15000,42,2260,3,2.5,1992,8500,0.0265,9010,7659,0,241.2,441.8
854,1,19980916,19980728,1,1,2,2,1,1,2,385500,368000,-17500,50,2030,3,2.5,1968,9850,0.0245,9016,7664,0,251.1,454.9
855,1,19980803,19980629,1,1,2,2,2,1,1,238000,240000,2000,35,1560,4,3.5,1975,5100,0.022,5280,4488,0,245.4,474.2
856,1,19980110,19971126,1,1,1,3,2,1,2,401000,398000,-3000,45,2200,4,3.5,1966,6600,0.029500000000000002,11741,9980,0,225.7,468.6
857,1,19980228,19980117,1,1,2,1,1,5,1,208000,215500,7500,42,1490,3,2.5,1978,6800,0.025,5388,4580,0,249.4,452.6
858,1,19980525,19980405,1,1,1,3,1,4,1,210500,208000,-2500,50,1540,3,2.5,1965,4350,0.025500000000000002,5304,4508,0,223.2,482.3
859,1,19980523,19980420,1,1,1,2,1,6,1,242000,246500,4500,33,1770,2,2,1962,7400,0.024,5916,5029,0,246.1,488.1
860,1,19980124,19971206,1,1,2,1,3,2,1,240000,243000,3000,49,1660,2,2,1995,6150,0.023,5589,4751,0,241.8,448.7
861,1,19980504,19980325,1,1,1,3,1,3,2,275500,276000,500,40,1910,3,2.5,1963,5050,0.022,6072,5161,0,272.8,462.9
862,1,19980719,19980607,1,1,1,3,4,2,2,333500,337500,4000,42,1920,3,2.5,1990,6150,0.029,9788,8320,0,228,479.1
863,1,19980214,19971217,1,1,2,4,3,3,2,341500,339500,-2000,59,2100,3,2.5,1979,6500,0.029,9846,8369,0,268.7,481.2
864,1,19980608,19980416,1,1,1,2,4,5,2,294000,296000,2000,53,1960,2,2,1985,7350,0.028,8288,7045,0,239.6,455.5
865,1,19981107,19981006,1,1,2,6,1,2,2,293500,298000,4500,32,1950,4,3.5,1960,5850,0.029,8642,7346,0,244.2,446.5
866,1,19981114,19980930,5,1,1,3,1,2,1,199500,194500,-5000,45,1710,3,2.5,1971,4150,0.0285,5543,4712,0,529,436.7
867,1,19981026,19980907,1,1,1,1,1,6,1,193500,196000,2500,49,1640,2,2,1971,8100,0.022,4312,3665,0,256.7,465.6
868,1,19980127,19971224,1,1,2,2,6,2,2,274000,284000,10000,34,2140,3,2.5,1957,5450,0.0285,8094,6880,0,268.9,448.9
869,1,19981003,19980805,5,1,1,2,1,1,1,200500,201500,1000,59,1870,4,3.5,1959,8800,0.026000000000000002,5239,4453,0,544.4,433.9
870,1,19980615,19980504,1,1,1,5,2,2,2,259000,261000,2000,42,1800,3,2.5,1960,4450,0.025,6525,5546,0,252.8,474.6
871,1,19980718,19980527,1,1,1,3,2,2,1,214000,213000,-1000,52,1320,2,2,1975,5600,0.028,5964,5069,0,253.3,489.6
872,1,19981113,19980927,1,1,2,1,5,2,2,260000,259000,-1000,47,1690,3,2.5,1969,5050,0.0245,6346,5394,0,260.1,472.7
873,1,19980506,19980403,1,1,2,8,1,1,2,345500,338500,-7000,33,2290,4,3.5,1975,7200,0.0225,7616,6474,0,266.7,471.8
874,1,19980719,19980525,1,1,2,4,2,1,2,341500,339000,-2500,55,2050,4,3.5,1975,8650,0.0285,9662,8213,0,227.2,459.5
875,1,19980708,19980510,1,1,2,2,3,4,2,336000,330000,-6000,59,1830,3,2.5,1994,5600,0.0235,7755,6592,0,276.4,481.5
876,1,19981014,19980822,1,1,1,5,3,1,2,286500,284000,-2500,53,1900,3,2.5,1956,6200,0.0275,7810,6639,0,237.2,453.1
877,1,19980323,19980218,1,1,1,2,1,5,2,310000,306000,-4000,33,1800,3,2.5,1964,8600,0.027,8262,7023,0,256.1,457.5
878,1,19980506,19980318,1,1,2,3,2,3,2,269500,272000,2500,49,1740,2,2,1990,5600,0.0265,7208,6127,0,253,468.9
879,1,19980301,19980101,1,1,2,4,4,3,2,379000,383500,4500,59,2490,4,3.5,1986,10950,0.0265,10163,8639,0,270.3,445.5
880,1,19980210,19971228,1,1,2,2,1,1,2,291500,293500,2000,44,2030,3,2.5,1975,6900,0.025,7338,6237,0,243.7,456.9
881,1,19980807,19980623,1,1,1,2,1,2,2,318500,312500,-6000,45,1800,3,2.5,1971,4750,0.024,7500,6375,0,249.5,452.6
882,1,19980621,19980429,1,1,2,2,1,5,2,313500,304500,-9000,53,1980,2,2,1956,7750,0.025500000000000002,7765,6600,0,262.5,472.8
883,1,19980312,19980203,1,1,1,6,1,3,2,301000,302000,1000,37,2230,4,3.5,1980,6100,0.029,8758,7444,0,244.1,452.3
884,1,19980512,19980323,1,1,1,5,1,5,2,294500,295000,500,50,2010,3,2.5,1994,10050,0.0265,7818,6645,0,258.2,454.1
885,1,19980510,19980405,1,1,1,5,4,4,2,253500,259000,5500,35,1610,4,3.5,1955,3900,0.03,7770,6605,0,247.5,437.5
886,1,19980704,19980529,1,1,2,5,4,5,2,293500,298500,5000,36,2170,4,3.5,1955,8750,0.0235,7015,5963,0,231.1,474.7
887,1,19980711,19980523,1,1,1,2,1,4,2,260000,258500,-1500,49,1610,3,2.5,1978,6600,0.0265,6850,5823,0,246.2,434
888,1,19980728,19980623,1,1,2,3,1,1,2,299500,302500,3000,35,1870,3,2.5,1967,6150,0.025500000000000002,7714,6557,0,261.2,467
889,1,19980206,19971229,1,1,2,2,3,5,2,309500,309000,-500,39,1900,2,2,1956,5600,0.023,7107,6041,3500,258.2,427.7
890,1,19981002,19980829,1,1,1,1,6,5,2,401500,401000,-500,34,2090,3,2.5,1957,10250,0.0245,9825,8351,0,230.7,452.8
891,1,19980214,19971231,1,1,1,2,3,2,1,264000,249500,-14500,45,1590,3,2.5,1959,5800,0.0245,6113,5196,0,234.7,480.6
892,1,19980109,19971204,1,1,2,3,4,1,2,314000,312500,-1500,36,2040,4,3.5,1979,9900,0.023,7188,6110,0,248,442.1
893,1,19980116,19971204,1,1,2,1,3,3,2,281500,274500,-7000,43,1900,3,2.5,1997,6650,0.029,7961,6767,2500,244.3,475.3
894,1,19980917,19980812,1,1,3,9,2,2,1,244000,244000,0,36,1700,3,2.5,1985,7200,0.043500000000000004,10614,9022,0,266.6,473
895,1,19980903,19980723,5,1,2,7,1,1,2,261500,270500,9000,42,1830,3,2.5,1977,4900,0.024,6492,5518,0,534.9,468.7
896,1,19980530,19980422,1,1,2,9,3,6,2,276500,274000,-2500,38,1920,3,2.5,1959,7700,0.024,6576,5590,0,255.3,457.5
897,1,19980404,19980214,1,1,2,2,3,4,1,216500,216500,0,49,1540,2,2,1986,5550,0.0235,5088,4325,0,264.8,477.5
898,1,19980628,19980516,1,1,2,7,2,5,2,412000,415500,3500,43,2220,4,3.5,1989,7000,0.023,9557,8123,0,240.2,445.2
899,1,19980303,19980130,1,1,1,9,3,2,2,288500,287500,-1000,32,1890,3,2.5,1996,8550,0.0245,7044,5987,0,236.9,457.7
900,1,19980517,19980327,1,1,1,1,1,1,2,292000,293000,1000,51,2230,3,2.5,1997,6850,0.029,8497,7222,0,226.7,461.8
901,1,19980402,19980301,1,1,1,8,3,2,2,281000,286500,5500,32,2170,4,3.5,1962,5400,0.025,7163,6089,0,242.2,461.4
902,1,19980625,19980510,1,1,1,6,1,3,2,253500,256500,3000,46,1820,2,2,1955,8750,0.022,5643,4797,0,226.4,467.5
903,1,19980725,19980623,1,1,1,1,1,2,2,387000,397000,10000,32,2410,4,3.5,1991,11100,0.028,11116,9449,0,271.9,471
904,1,19990507,19990324,1,1,2,2,1,5,2,314500,305500,-9000,44,1980,3,2.5,1971,7150,0.0245,7485,6362,0,246,473.1
905,1,19990820,19990630,1,1,1,9,1,2,1,211000,209500,-1500,51,1480,3,2.5,1984,5750,0.022,4609,3918,0,233.3,470.2
906,1,19990819,19990703,1,1,2,3,4,1,2,276000,278000,2000,47,1880,3,2.5,1971,5950,0.027,7506,6380,0,257.8,455.3
907,1,19990529,19990426,3,1,2,1,1,2,2,279500,279500,0,33,1810,2,2,1978,7900,0.0285,7966,6771,0,467.8,394.7
908,1,19990701,19990524,1,1,2,1,1,5,2,270500,270000,-500,38,1570,3,2.5,1967,6800,0.0225,6075,5164,0,232.9,449.4
909,1,19990614,19990513,1,1,2,4,4,3,2,261500,265000,3500,32,1630,3,2.5,1985,6100,0.028,7420,6307,0,253.7,497.7
910,1,19990816,19990714,1,1,1,3,1,3,1,222000,217000,-5000,33,1390,2,2,1972,6200,0.025500000000000002,5534,4704,0,261.2,461.2
911,1,19991228,19991113,1,1,2,1,4,5,2,359500,369000,9500,45,2210,4,3.5,1971,10450,0.0275,10148,8626,0,252.2,453.8
912,1,19990226,19990121,1,1,3,6,3,5,2,262500,264000,1500,36,1970,4,3.5,1978,6950,0.0455,12012,10210,0,243.2,462.6
913,1,19990220,19990116,1,1,1,1,1,5,2,290500,285500,-5000,35,1900,4,3.5,1994,5600,0.0275,7851,6673,0,243.1,487.9
914,1,19990514,19990329,1,1,2,1,1,3,2,316500,314500,-2000,46,2080,4,3.5,1980,10050,0.029,9121,7753,0,258.1,469.1
915,1,19990506,19990314,1,1,1,3,2,2,2,300000,298000,-2000,53,1920,3,2.5,1959,6800,0.0275,8195,6966,0,236.1,468
916,1,19990214,19981229,5,1,1,2,2,5,1,219000,224500,5500,47,1570,3,2.5,1992,6600,0.025500000000000002,5725,4866,0,516.1,446.8
917,1,19991027,19990921,1,1,2,8,2,1,1,202500,200500,-2000,36,1370,2,2,1965,3900,0.025,5013,4261,0,256.7,490.9
918,1,19990530,19990424,1,1,1,3,3,5,2,310000,314500,4500,36,1870,3,2.5,1965,8200,0.024,7548,6416,0,267.7,440.8
919,1,19990921,19990810,1,1,1,5,3,3,2,362000,377000,15000,42,2440,3,2.5,1989,10950,0.0245,9237,7851,0,246.2,466.2
920,1,19991118,19991012,1,1,2,2,3,4,2,269500,270500,1000,37,1750,3,2.5,1979,5750,0.0245,6627,5633,0,241.7,461.4
921,1,19990212,19990110,1,1,2,3,3,3,1,212500,212500,0,33,1140,2,2,1979,3300,0.025,5313,4516,0,248.8,456
922,1,19990807,19990703,1,1,1,5,4,5,2,288500,288000,-500,35,2090,2,2,1982,5700,0.028,8064,6854,0,275.4,453.9
923,1,19990529,19990417,1,1,1,5,1,2,3,473500,477500,4000,42,2600,5,4,1975,9200,0.028,13370,11365,0,217.9,452.1
924,1,19990528,19990320,1,1,2,9,1,1,2,273500,266000,-7500,69,1530,2,2,1978,6950,0.029500000000000002,7847,6670,0,233.2,439.1
925,1,19990716,19990610,1,1,2,1,1,2,2,294000,300500,6500,36,2190,3,2.5,1973,6550,0.0265,7963,6769,0,243.2,481
926,1,19990715,19990531,1,1,1,3,1,2,2,350500,349500,-1000,45,1970,3,2.5,1967,8500,0.0235,8213,6981,0,246.4,446.6
927,1,19990523,19990416,1,1,2,3,2,5,2,405500,405500,0,37,2120,4,3.5,1957,10350,0.025,10138,8617,0,260,449.6
928,1,19990827,19990703,1,1,1,3,4,5,2,341500,339500,-2000,55,2110,3,2.5,1993,6050,0.0245,8318,7070,0,262.5,463.6
929,1,19990906,19990731,1,1,1,1,1,4,2,285000,289000,4000,37,1960,3,2.5,1963,5950,0.029500000000000002,8526,7247,0,253.2,474.6
930,1,19990822,19990720,1,1,1,1,5,2,2,252000,259500,7500,33,1660,3,2.5,1964,5750,0.029500000000000002,7655,6507,0,255.6,456.3
931,1,19990810,19990629,1,1,1,3,3,2,2,272000,273500,1500,42,1780,3,2.5,1975,8650,0.029500000000000002,8068,6858,0,264.4,479.8
932,1,19991218,19991113,1,1,2,2,1,2,2,294000,302000,8000,35,1820,3,2.5,1997,7900,0.029,8758,7444,0,225.3,466.3
933,1,19990426,19990312,1,1,1,4,3,3,2,279000,274000,-5000,45,1770,3,2.5,1990,6500,0.025500000000000002,6987,5939,0,269.3,477.7
934,1,19990421,19990320,5,1,1,2,3,1,1,172000,177500,5500,32,1020,2,2,1988,4700,0.0225,3994,3395,0,520.1,454.2
935,1,19990726,19990621,1,1,1,2,3,2,2,272500,286000,13500,35,1650,3,2.5,1970,6300,0.029,8294,7050,0,222.5,436.2
936,1,19991221,19991111,1,1,3,2,1,2,2,405500,405000,-500,40,2140,4,3.5,1962,7950,0.0475,19238,16352,0,265.9,463.7
937,1,19990510,19990407,1,1,2,1,3,2,2,311000,312000,1000,33,2110,3,2.5,1979,6000,0.029,9048,7691,0,237,450.8
938,1,19990914,19990731,1,1,1,2,1,3,2,264000,270500,6500,45,1730,3,2.5,1994,4200,0.0245,6627,5633,0,247.9,484.7
939,1,19990902,19990703,1,1,1,1,1,5,2,400000,402500,2500,61,2470,4,3.5,1960,8600,0.0285,11471,9750,0,235,499
940,1,19990927,19990815,1,1,1,1,2,5,1,154000,157000,3000,43,1000,2,2,1993,4550,0.025500000000000002,4004,3403,0,268,435.1
941,1,19990510,19990329,1,1,2,2,4,2,1,242500,244000,1500,42,1830,3,2.5,1956,6300,0.0265,6466,5496,0,227.4,473.3
942,1,19990302,19990104,1,1,2,5,1,1,2,272500,280500,8000,57,2090,3,2.5,1989,9550,0.0265,7433,6318,0,283.4,491.1
943,1,19990801,19990626,1,1,2,7,1,1,2,309000,298000,-11000,36,1600,2,2,1976,7200,0.029,8642,7346,0,249.9,474.5
944,1,19990820,19990719,1,1,1,3,1,5,1,218000,227500,9500,32,1580,3,2.5,1998,4050,0.0225,5119,4351,0,242.1,472.9
945,1,19991006,19990903,1,1,1,1,2,2,2,309500,321500,12000,33,1820,3,2.5,1967,4450,0.0275,8841,7515,0,244.4,469.6
946,1,19990815,19990714,1,1,2,1,4,4,2,288000,285500,-2500,32,1780,3,2.5,1973,4500,0.03,8565,7280,0,232.8,473.6
947,1,19990217,19990110,1,1,1,4,1,2,2,367000,378500,11500,38,2320,4,3.5,1961,5800,0.024,9084,7721,0,247.9,452.5
948,1,19990103,19981130,1,1,1,3,1,2,2,359500,355500,-4000,34,2130,4,3.5,1983,5800,0.0285,10132,8612,0,244.2,499.5
949,1,19990811,19990710,1,1,1,3,1,2,1,217500,217000,-500,32,1400,3,2.5,1993,3900,0.028,6076,5165,3750,230.5,470
950,1,19990519,19990414,1,1,1,3,1,2,2,359000,358000,-1000,35,2240,3,2.5,1957,8800,0.0235,8413,7151,0,228.4,474.5
951,1,19990211,19990108,5,1,1,2,4,2,1,249000,244500,-4500,34,1770,3,2.5,1973,4250,0.0265,6479,5507,0,533,425.6
952,1,19990214,19990104,1,1,2,1,1,4,2,338000,333500,-4500,41,2070,4,3.5,1956,8250,0.0225,7504,6378,6000,238.9,427.9
953,1,19991223,19991018,1,1,1,1,4,5,2,323500,334000,10500,66,2100,3,2.5,1984,9500,0.0285,9519,8091,0,247.7,455.9
954,1,19990118,19981122,3,1,1,3,1,4,2,386000,377000,-9000,57,2120,3,2.5,1988,6800,0.023,8671,7370,0,474.2,393.2
955,1,19991005,19990829,1,1,1,3,3,1,2,293500,295000,1500,37,1720,3,2.5,1963,6250,0.024,7080,6018,0,250.4,446.8
956,1,19990924,19990804,1,1,1,1,5,1,2,258500,260000,1500,51,1690,3,2.5,1955,7600,0.0285,7410,6299,0,238.1,440.5
957,1,19990416,19990228,1,1,2,4,4,4,1,234000,227500,-6500,47,1270,3,2.5,1971,4200,0.025500000000000002,5801,4931,0,259.9,451.9
958,1,19991011,19990902,1,1,1,1,3,1,2,290000,284000,-6000,39,1990,3,2.5,1964,7100,0.0285,8094,6880,0,252.5,465.4
959,1,19991104,19990923,1,1,1,2,3,5,2,374000,378000,4000,42,2240,2,2,1955,6900,0.0245,9261,7872,0,264.3,469.4
960,1,19990301,19990128,1,1,2,1,1,5,2,321000,319500,-1500,32,1940,3,2.5,1996,6650,0.0225,7189,6111,3250,246.9,465.1
961,1,19990622,19990511,1,1,1,3,1,5,2,308500,306000,-2500,42,1690,2,2,1992,6150,0.0285,8721,7413,0,245.3,470.8
962,1,19991107,19990929,1,1,1,4,1,4,2,366000,353500,-12500,39,2110,2,2,1966,8550,0.0265,9368,7963,0,229.1,450.4
963,1,19991220,19991103,1,1,3,3,1,1,2,301000,299000,-2000,47,1970,3,2.5,1966,7700,0.045,13455,11437,0,238.6,486.6
964,1,19991024,19990922,1,1,2,2,1,5,2,279500,282500,3000,32,1620,3,2.5,1978,5200,0.024,6780,5763,0,228.1,445.7
965,1,19991028,19990903,1,1,1,2,1,5,2,379000,375500,-3500,55,2060,3,2.5,1988,6500,0.029,10890,9257,0,254.7,462
966,1,19990618,19990517,1,1,2,2,5,1,2,309500,310000,500,32,1820,3,2.5,1955,5400,0.022,6820,5797,0,272.6,474.4
967,1,19991016,19990914,1,1,3,4,4,1,2,399000,398500,-500,32,2070,2,2,1972,9650,0.044,17534,14904,0,261.4,484.2
968,1,19990822,19990623,1,1,2,4,2,1,2,282000,280500,-1500,60,1510,2,2,1976,6700,0.023,6452,5484,0,265.8,467.2
969,1,19990522,19990407,1,1,1,4,2,1,2,285000,286500,1500,45,1700,3,2.5,1955,7850,0.029,8309,7063,0,241.3,445.2
970,1,19990422,19990322,1,1,1,3,1,1,2,320500,330000,9500,31,1720,3,2.5,1998,7800,0.025,8250,7013,5000,241.7,454.5
971,1,19991021,19990917,1,1,3,3,4,3,2,274000,277500,3500,34,1870,3,2.5,1958,7100,0.043500000000000004,12071,10260,0,234.3,440.3
972,1,19990429,19990326,1,1,1,5,3,5,2,262000,256000,-6000,34,1510,3,2.5,1988,3850,0.0235,6016,5114,0,252.6,466.5
973,1,19991224,19991101,1,1,1,2,1,1,2,411500,412000,500,53,2190,2,2,1991,8600,0.023,9476,8055,0,231,447
974,1,19991011,19990905,1,1,1,4,3,2,2,349500,354000,4500,36,2310,4,3.5,1972,7300,0.028,9912,8425,0,230.4,460.8
975,1,19990528,19990408,1,1,2,3,1,1,2,319000,318000,-1000,50,1740,3,2.5,1977,6500,0.028,8904,7568,0,234.8,457.6
976,1,19990922,19990819,1,1,1,3,5,3,1,231000,234000,3000,34,1430,2,2,1989,6700,0.0245,5733,4873,0,244.2,467.3
977,1,19991125,19991010,1,1,1,2,2,1,2,299000,311000,12000,46,1780,3,2.5,1956,6650,0.025,7775,6609,5000,255.8,437.9
978,1,19990604,19990430,1,1,1,2,3,2,2,345500,352000,6500,35,2010,3,2.5,1981,5050,0.025,8800,7480,0,238.4,461.2
979,1,20001101,20000923,5,1,1,3,1,1,2,258500,268000,9500,39,1670,3,2.5,1986,7850,0.025,6700,5695,0,518.1,449.3
980,1,20000501,20000305,1,1,1,2,1,5,2,350500,347500,-3000,57,2080,4,3.5,1967,10000,0.027,9383,7976,0,243.1,482.2
981,1,20000710,20000602,1,1,1,3,1,2,2,329000,341500,12500,38,1820,2,2,1959,6300,0.0245,8367,7112,5250,230.3,457.4
982,1,20000426,20000316,1,1,1,1,1,5,2,311500,313000,1500,41,1970,4,3.5,1970,6000,0.0245,7669,6519,0,248.8,464
983,1,20000520,20000416,1,1,1,3,1,3,2,369000,376000,7000,34,2170,3,2.5,1975,8350,0.0275,10340,8789,0,258.4,500.2
984,1,20000812,20000626,1,1,1,2,4,6,2,259000,261500,2500,47,1570,3,2.5,1995,5500,0.0285,7453,6335,0,276.5,466.6
985,1,20000603,20000502,1,1,1,2,1,1,2,368000,373000,5000,32,2270,4,3.5,1968,11000,0.0285,10631,9036,0,232.9,434.5
986,1,20000517,20000409,1,1,1,1,4,1,3,448000,450000,2000,38,2340,3,2.5,1989,5800,0.023,10350,8798,3250,258.3,485.2
987,1,20000522,20000414,1,1,1,8,4,2,2,267500,263500,-4000,38,1430,3,2.5,1978,5200,0.0265,6983,5936,0,247.2,478.9
988,1,20000113,19991127,1,1,1,2,5,4,2,425000,409000,-16000,47,1930,4,3.5,1982,4800,0.023,9407,7996,0,239.4,460.1
989,1,20001016,20000910,1,1,1,1,1,2,2,303500,298500,-5000,36,1520,3,2.5,1984,4050,0.028,8358,7104,0,261.2,449.7
990,1,20000822,20000719,3,1,2,3,1,2,2,350000,355500,5500,34,1980,4,3.5,1993,7550,0.026000000000000002,9243,7857,0,466.2,400.9
991,1,20001216,20001104,3,1,1,1,4,2,2,291000,303000,12000,42,1890,3,2.5,1998,9050,0.025,7575,6439,0,478.6,398.1
992,1,20000107,19991129,1,1,1,5,4,2,2,273500,276000,2500,39,2310,3,2.5,1984,9750,0.025500000000000002,7038,5982,0,232.5,450.6
993,1,20000521,20000410,1,1,3,6,6,1,2,306500,315500,9000,41,1860,3,2.5,1986,8400,0.043500000000000004,13724,11665,0,262.7,461.3
994,1,20001027,20000921,1,1,3,6,3,1,2,391000,376000,-15000,36,1930,3,2.5,1990,7300,0.045,16920,14382,0,252.4,474.6
995,1,20000625,20000524,3,1,2,4,1,1,2,296000,306500,10500,32,1760,3,2.5,1995,8400,0.0225,6896,5862,0,463,392.2
996,1,20000512,20000324,1,1,1,8,1,5,2,413500,418500,5000,49,2260,4,3.5,1960,9650,0.023,9626,8182,0,249.9,476.8
997,1,20000226,20000113,1,1,1,2,2,5,2,348000,355000,7000,44,1660,3,2.5,1994,7650,0.0285,10118,8600,0,241.2,437.2
998,1,20000329,20000226,1,1,2,3,6,2,2,295500,292500,-3000,32,1620,3,2.5,1978,6300,0.0265,7751,6588,0,234,462.1
999,1,20000124,19991130,1,1,2,1,3,5,1,209000,213000,4000,55,1440,2,2,1989,5100,0.026000000000000002,5538,4707,0,239.3,445.1
1000,1,20000911,20000723,1,1,2,3,4,2,2,301500,298000,-3500,50,2090,4,3.5,1975,8000,0.029500000000000002,8791,7472,0,237.3,464.6
1001,1,20000827,20000726,1,1,1,2,2,6,2,366500,365000,-1500,32,1770,2,2,1967,5800,0.03,10950,9308,0,244.5,453.5
1002,1,20000218,19991230,1,1,1,9,1,1,2,337000,334000,-3000,50,1980,4,3.5,1964,7600,0.0275,9185,7807,0,252.7,463.1
1003,1,20000506,20000331,1,1,1,3,3,3,2,400000,407000,7000,36,2290,5,4,1966,10500,0.029,11803,10033,0,261.2,442.8
1004,1,20000221,20000111,1,1,1,3,2,3,2,349000,348000,-1000,41,2140,3,2.5,1998,10050,0.028,9744,8282,0,256,489.7
1005,1,20000810,20000622,1,1,3,5,4,2,2,343500,339000,-4500,49,2000,3,2.5,1968,8900,0.0475,16103,13688,2000,236.7,478.4
1006,1,20000602,20000424,1,1,1,9,2,4,2,338500,344000,5500,39,2190,4,3.5,1995,10400,0.025500000000000002,8772,7456,0,225,466.3
1007,1,20000826,20000718,1,1,1,4,5,5,2,369000,367500,-1500,39,2090,3,2.5,1981,9600,0.0245,9004,7653,0,245.5,470.8
1008,1,20001119,20001015,1,1,1,2,3,2,1,239500,243500,4000,35,1490,2,2,1971,6850,0.022,5357,4553,0,264.6,469.4
1009,1,20000330,20000220,5,1,2,2,3,2,2,290500,288000,-2500,39,2330,4,3.5,1983,9850,0.027,7776,6610,0,515.2,429.3
1010,1,20000310,20000208,1,1,3,1,3,2,2,382000,377500,-4500,31,1820,3,2.5,1976,5400,0.043000000000000003,16233,13798,0,257.2,444.9
1011,1,20000612,20000504,1,1,2,3,1,1,2,297000,294000,-3000,39,1840,2,2,1972,4600,0.0245,7203,6123,0,239.5,471.6
1012,1,20000114,19991210,1,1,1,5,1,1,2,288000,294500,6500,35,2070,4,3.5,1979,8650,0.028,8246,7009,0,254.8,493.1
1013,1,20000107,19991202,1,1,1,9,1,1,2,416000,419000,3000,36,2280,4,3.5,1960,10200,0.026000000000000002,10894,9260,0,258.6,458.8
1014,1,20000505,20000316,1,1,2,5,2,2,2,380000,378000,-2000,50,1880,3,2.5,1986,8550,0.029500000000000002,11151,9478,6500,248.4,482.4
1015,1,20000216,19991231,1,1,3,2,1,5,1,227500,227500,0,47,1290,2,2,1956,5500,0.043500000000000004,9896,8412,0,227.5,450.3
1016,1,20000728,20000513,5,1,2,2,1,1,2,332000,332000,0,76,1910,3,2.5,1964,5800,0.022,7304,6208,0,538.4,450.6
1017,1,20000410,20000219,1,1,1,3,1,2,2,367000,370000,3000,51,2000,2,2,1993,6650,0.0245,9065,7705,0,245.6,475.4
1018,1,20000703,20000524,1,1,3,4,1,2,1,221000,220000,-1000,40,1290,2,2,1991,4900,0.048,10560,8976,0,256.4,463.3
1019,1,20001111,20000825,1,1,1,6,1,2,2,316000,323000,7000,78,1710,3,2.5,1958,5350,0.027,8721,7413,0,257.7,476
1020,1,20000121,19991212,1,1,2,2,4,1,2,312000,319500,7500,40,2090,3,2.5,1998,9200,0.023,7349,6247,0,224.1,489.3
1021,1,20000909,20000802,1,1,1,3,5,5,2,348000,348500,500,38,2280,3,2.5,1975,8450,0.0265,9235,7850,0,264.8,472.9
1022,1,20000625,20000521,1,1,2,1,1,2,2,294500,308000,13500,35,1570,2,2,1977,5550,0.028,8624,7330,0,253.5,467.7
1023,1,20000619,20000502,1,1,1,7,1,2,2,276000,293500,17500,48,1930,3,2.5,1974,5600,0.027,7925,6736,0,255.5,473.6
1024,1,20001015,20000912,1,1,1,3,1,4,2,337500,346500,9000,33,2140,4,3.5,1962,9150,0.023,7970,6775,0,242.3,477.5
1025,1,20000621,20000507,1,1,1,3,1,4,2,300500,317000,16500,45,1470,3,2.5,1955,3900,0.025500000000000002,8084,6871,0,226.1,434.1
1026,1,20000226,20000123,1,1,1,2,2,1,2,368000,378000,10000,34,2280,4,3.5,1973,7700,0.025500000000000002,9639,8193,0,262,470.5
1027,1,20000616,20000426,1,1,2,1,1,1,2,384000,380000,-4000,51,2130,3,2.5,1971,9050,0.0275,10450,8883,0,271.2,458.3
1028,1,20001121,20001001,1,1,1,2,2,4,2,302500,305000,2500,51,1820,4,3.5,1964,8750,0.028,8540,7259,0,242.5,474.1
1029,1,20000625,20000514,1,1,1,3,1,5,1,227500,228000,500,42,1620,3,2.5,1995,8100,0.0265,6042,5136,0,253.8,479.3
1030,1,20000410,20000310,1,1,2,2,1,2,2,357500,364500,7000,31,2050,2,2,1959,8650,0.029,10571,8985,0,253.7,457.4
1031,1,20000912,20000704,1,1,2,9,1,2,2,314000,327000,13000,70,2390,4,3.5,1970,11950,0.0275,8993,7644,0,244.5,453.5
1032,1,20000507,20000401,1,1,2,1,1,2,1,234500,235000,500,36,1670,3,2.5,1999,5450,0.0285,6698,5693,0,255.7,469
1033,1,20000229,20000108,1,1,3,1,1,3,2,389000,386000,-3000,52,2030,3,2.5,1980,8350,0.043500000000000004,16791,14272,0,251.7,473.4
1034,1,20000416,20000312,5,1,3,3,1,2,2,285000,289500,4500,35,1770,2,2,1997,8400,0.0455,13172,11196,0,530.4,450.8
1035,1,20000825,20000710,3,1,1,5,5,4,1,241500,238500,-3000,46,1600,2,2,1972,4100,0.0235,5605,4764,0,479.1,399.2
1036,1,20000824,20000621,1,1,2,1,1,2,1,214000,211000,-3000,64,1560,2,2,1962,4450,0.023,4853,4125,0,250.4,469.9
1037,1,20000510,20000323,1,1,2,3,1,3,2,428500,430000,1500,48,2050,3,2.5,1991,5600,0.025500000000000002,10965,9320,0,231.1,479.3
1038,1,20000405,20000224,1,1,1,2,3,1,2,341500,343500,2000,41,1740,2,2,1996,6850,0.0285,9790,8322,0,246.9,478.9
1039,1,20001015,20000819,3,1,1,3,1,4,2,297000,292000,-5000,57,1930,3,2.5,1984,4650,0.025,7300,6205,0,486.4,392.8
1040,1,20000603,20000411,1,1,1,2,4,2,2,365000,369500,4500,53,2170,3,2.5,1982,10650,0.029500000000000002,10900,9265,0,259.5,435.8
1041,1,20000418,20000225,1,1,1,2,2,3,2,409500,399000,-10500,53,2090,3,2.5,1980,8550,0.0285,11372,9666,0,265.7,487.9
1042,1,20000213,19991215,1,1,1,2,4,2,2,307000,297500,-9500,60,1770,3,2.5,1970,4800,0.025,7438,6322,0,253,452.7
1043,1,20000731,20000630,1,1,2,4,1,2,2,261000,263000,2000,31,1650,2,2,1957,4550,0.03,7890,6707,0,233.2,458.7
1044,1,20000327,20000131,1,1,1,4,2,5,1,188000,189500,1500,56,1040,2,2,1957,4000,0.028,5306,4510,0,251.6,445.8
1045,1,20000615,20000509,1,1,1,2,1,5,2,401500,411500,10000,37,2330,3,2.5,1983,6450,0.029,11934,10144,0,234.1,446
1046,1,20000410,20000308,1,1,1,3,1,5,2,383000,394000,11000,33,2270,4,3.5,1985,8500,0.025,9850,8373,0,259.2,488.7
1047,1,20000421,20000320,1,1,1,2,1,2,2,310000,306000,-4000,32,1420,3,2.5,1968,6200,0.026000000000000002,7956,6763,0,232.2,467.8
1048,1,20000528,20000408,1,1,1,4,5,2,2,351500,355500,4000,50,1990,3,2.5,1984,5150,0.029500000000000002,10487,8914,0,235.4,469.1
1049,1,20000908,20000725,1,1,1,2,5,6,2,317000,320500,3500,45,1730,3,2.5,1987,7550,0.023,7372,6266,0,252.6,456.2
1050,1,20001028,20000914,5,1,1,4,4,2,2,294000,295000,1000,44,1790,3,2.5,1981,5550,0.024,7080,6018,0,517.6,431.9
1051,1,20000824,20000625,1,1,1,4,4,4,2,409000,414500,5500,60,1720,2,2,1977,8100,0.0235,9741,8280,0,248,472.1
1052,1,20000921,20000810,1,1,1,5,2,5,2,338000,345500,7500,42,1960,3,2.5,1984,9050,0.023,7947,6755,0,245.6,454.7
1053,1,20000428,20000314,5,1,1,3,1,2,1,231000,235500,4500,45,1940,4,3.5,1988,8200,0.026000000000000002,6123,5205,0,527.6,426.1
1054,1,20000603,20000416,1,1,1,4,3,1,2,300000,301000,1000,48,1980,4,3.5,1986,5100,0.029,8729,7420,0,256.3,475.9
1055,1,20000622,20000519,1,1,2,1,1,2,2,372500,364000,-8500,34,1700,2,2,1974,7500,0.0265,9646,8199,0,215.1,435.9
1056,1,20000701,20000522,1,1,1,2,1,1,2,302000,300000,-2000,40,1740,3,2.5,1977,6400,0.022,6600,5610,0,260.8,439.3
1057,1,20001229,20001114,1,1,1,2,1,3,2,273500,279500,6000,45,1420,2,2,1986,6150,0.028,7826,6652,0,275.3,488.4
1058,1,20000914,20000807,1,1,1,6,5,1,2,360500,355000,-5500,38,1770,4,3.5,1960,4500,0.0235,8343,7092,0,240.6,462.5
1059,1,20000605,20000427,1,1,1,1,3,2,1,247500,246000,-1500,39,1940,4,3.5,1963,7250,0.029500000000000002,7257,6168,4000,232.1,482.8
1060,1,20000411,20000306,1,1,1,3,1,1,1,177000,175500,-1500,36,1290,2,2,1965,5350,0.024,4212,3580,0,254.2,491.9
1061,1,20000417,20000304,1,1,2,2,1,5,1,210500,213500,3000,44,1500,3,2.5,1973,6950,0.024,5124,4355,0,244.6,460.4
1062,1,20000806,20000627,1,1,1,6,6,2,2,335000,342000,7000,40,1870,2,2,1965,5000,0.024,8208,6977,0,249.3,451.4
1063,1,20000920,20000806,1,1,3,5,1,2,2,327500,337000,9500,45,2140,3,2.5,1983,8950,0.0475,16008,13607,0,246.2,480
1064,1,20000418,20000224,1,1,2,1,1,5,1,184500,179500,-5000,54,1130,2,2,1994,4150,0.022,3949,3357,0,251.7,465.3
1065,1,20000415,20000312,1,1,2,4,3,2,2,420500,423000,2500,34,2610,4,3.5,1961,10650,0.0245,10364,8809,0,259,461.1
1066,1,20000928,20000813,1,1,1,5,3,2,2,297000,304000,7000,46,2100,4,3.5,1977,6050,0.023,6992,5943,0,244.9,455.8
1067,1,20000630,20000521,1,1,1,1,5,5,2,312500,321000,8500,40,1870,3,2.5,1989,8000,0.024,7704,6548,0,240.3,464.8
1068,1,20001215,20001110,1,1,2,6,1,4,1,239500,239500,0,35,1440,2,2,1996,4100,0.025,5988,5090,0,240.6,453.3
1069,1,20000726,20000608,1,1,2,2,1,5,2,294000,297500,3500,48,1840,4,3.5,1960,8800,0.029,8628,7334,0,256.8,469
1070,1,20000818,20000624,1,1,2,5,1,1,2,349000,346500,-2500,55,1680,3,2.5,1963,5900,0.025,8663,7364,0,285.3,470.5
1071,1,20000903,20000803,1,1,1,4,1,5,1,226500,226500,0,31,1140,2,2,1969,4650,0.0265,6002,5102,0,238.4,456.6
1072,1,20000125,19991213,1,1,2,2,4,5,2,301500,310500,9000,43,1940,3,2.5,1982,9550,0.028,8694,7390,0,270.2,445.5
1073,1,20000817,20000716,1,1,1,4,3,1,2,331500,326500,-5000,32,1870,3,2.5,1962,6500,0.029500000000000002,9632,8187,3250,272.6,450.3
1074,1,20010221,20010113,1,1,2,5,1,2,2,352000,350000,-2000,39,1890,3,2.5,1971,5800,0.0275,9625,8181,0,242.4,446.4
1075,1,20010408,20010227,1,1,2,2,1,5,2,298000,303000,5000,40,1840,3,2.5,1974,8200,0.03,9090,7727,0,235.8,461.1
1076,1,20010908,20010708,2,1,1,7,1,2,3,491000,495500,4500,62,2560,4,3.5,2001,10500,0.022,10901,9266,0,236.9,411.2
1077,1,20010207,20010103,2,1,2,1,3,4,2,437000,443000,6000,35,2550,5,4,2001,11200,0.029500000000000002,13069,11109,0,236.5,409.5
1078,1,20010326,20010220,1,1,1,2,1,2,2,338000,336500,-1500,34,1550,3,2.5,1968,4800,0.025500000000000002,8581,7294,0,241.7,491.3
1079,1,20011025,20010912,1,1,2,2,4,5,2,450000,442000,-8000,43,2160,3,2.5,1973,10800,0.0275,12155,10332,0,255,455.1
1080,1,20010707,20010522,1,1,1,2,5,3,2,410000,404500,-5500,46,1960,4,3.5,1973,4800,0.0245,9910,8424,0,268.2,446.6
1081,1,20010818,20010623,1,1,1,4,3,1,3,479500,483000,3500,56,2470,3,2.5,1964,9300,0.023,11109,9443,0,284.8,461.2
1082,1,20010322,20010213,5,1,1,1,4,6,2,321500,322000,500,37,1800,3,2.5,1963,8600,0.027,8694,7390,0,519.4,461.1
1083,1,20010323,20010201,1,1,1,1,1,2,2,323500,324500,1000,50,1700,3,2.5,1999,4450,0.029,9411,7999,0,239.3,460.1
1084,1,20011112,20011011,1,1,1,1,4,5,2,374500,385000,10500,32,1840,3,2.5,1971,5650,0.0235,9048,7691,0,250.6,456.1
1085,1,20011206,20011031,1,1,1,3,2,5,1,163500,162500,-1000,36,1120,2,2,1958,4950,0.026000000000000002,4225,3591,0,254.6,449.4
1086,1,20010630,20010518,1,1,2,1,1,4,2,317000,325000,8000,43,1780,3,2.5,1959,6050,0.0275,8938,7597,0,253.5,443.5
1087,1,20010809,20010613,1,1,1,2,2,1,2,348500,352500,4000,57,1660,2,2,1957,7050,0.023,8108,6892,0,274.3,476.8
1088,1,20010412,20010311,1,1,1,2,4,1,2,393500,395500,2000,32,2340,4,3.5,1998,6450,0.029500000000000002,11667,9917,0,256.6,448.3
1089,1,20010314,20010205,1,1,1,3,1,2,2,276000,280500,4500,37,1730,4,3.5,1963,5750,0.0235,6592,5603,0,250,476.8
1090,1,20010729,20010527,1,1,1,3,3,1,2,325000,325500,500,63,1850,2,2,1985,4900,0.0285,9277,7885,0,228.4,479.1
1091,1,20010728,20010603,1,1,1,2,4,1,3,487000,480000,-7000,55,2370,4,3.5,1982,9600,0.0285,13680,11628,0,251.2,461.9
1092,1,20010316,20010121,1,1,1,2,4,1,2,350500,356500,6000,54,1790,3,2.5,1976,5800,0.0285,10160,8636,2250,247.2,477.8
1093,1,20010710,20010603,1,1,3,4,2,2,2,322000,326500,4500,37,1740,4,3.5,1990,5850,0.043500000000000004,14203,12073,0,243.5,456.9
1094,1,20010302,20010129,1,1,1,2,1,1,2,427000,415500,-11500,32,2400,4,3.5,1956,7800,0.0245,10180,8653,0,232.6,463.2
1095,1,20010314,20010209,1,1,2,8,1,5,2,414000,409500,-4500,33,1840,3,2.5,1967,6350,0.024,9828,8354,0,245,469.6
1096,1,20010919,20010806,1,1,1,1,3,2,2,359000,378500,19500,44,1730,3,2.5,1998,5050,0.0285,10787,9169,0,225.4,445.6
1097,1,20011216,20011030,1,1,2,3,1,5,2,345500,352500,7000,47,1890,4,3.5,1995,7450,0.024,8460,7191,0,229,446.9
1098,1,20010131,20001221,2,1,1,1,4,5,3,586000,579500,-6500,41,2710,4,3.5,2001,9600,0.025,14488,12315,7250,228.9,412.6
1099,1,20010920,20010804,1,1,1,3,1,1,2,365500,363000,-2500,47,1920,3,2.5,1957,8900,0.0245,8894,7560,0,258.9,435.8
1100,1,20010406,20010223,1,1,3,6,3,2,2,371000,370500,-500,42,1830,3,2.5,1998,8250,0.047,17414,14802,0,253.3,471.2
1101,1,20010728,20010626,3,1,3,4,1,2,2,318500,317500,-1000,32,1790,3,2.5,1977,5700,0.043500000000000004,13811,11739,0,467,398.4
1102,1,20010630,20010519,1,1,1,4,1,1,2,329500,346500,17000,42,1870,3,2.5,1974,4600,0.025,8663,7364,0,251.7,452.7
1103,1,20010119,20001209,1,1,1,2,1,1,2,398500,405000,6500,41,1870,3,2.5,1975,5850,0.025,10125,8606,0,244.7,438.5
1104,1,20010915,20010809,1,1,1,3,1,1,2,441500,444500,3000,37,1910,4,3.5,1986,8900,0.022,9779,8312,8000,257.2,462.2
1105,1,20010324,20010209,1,1,2,2,1,2,2,318500,323500,5000,43,1780,4,3.5,1979,5600,0.0235,7602,6462,0,223.3,486.9
1106,1,20011027,20010918,5,1,1,5,1,1,2,467000,446000,-21000,39,2480,4,3.5,1984,9850,0.023,10258,8719,0,532.3,444.1
1107,1,20011125,20011022,1,1,1,2,1,1,1,214000,214000,0,34,1460,2,2,1993,5800,0.024,5136,4366,0,247.2,447.8
1108,1,20010716,20010523,1,1,1,1,4,5,2,401500,403000,1500,54,1920,3,2.5,1956,7650,0.026000000000000002,10478,8906,0,265.3,467.2
1109,1,20010507,20010405,1,1,1,5,3,1,2,395500,412000,16500,32,2090,3,2.5,1997,7750,0.025,10300,8755,0,233.5,477.1
1110,1,20010901,20010723,1,1,2,1,3,1,2,412000,403000,-9000,40,1960,2,2,1979,8150,0.0245,9874,8393,0,253.4,442.4
1111,1,20010414,20010312,1,1,1,2,1,5,2,378500,376500,-2000,33,2030,3,2.5,1983,5800,0.029500000000000002,11107,9441,0,250.6,458.4
1112,1,20010621,20010515,1,1,1,3,2,5,2,385000,385000,0,37,1660,3,2.5,1985,8250,0.025,9625,8181,0,264,452.1
1113,1,20010727,20010622,1,1,1,1,3,1,2,343500,337000,-6500,35,2290,3,2.5,1992,8500,0.0225,7583,6446,0,228,475.7
1114,1,20010822,20010720,2,1,3,4,1,5,3,636000,629500,-6500,33,2380,5,4,2001,7100,0.045,28328,24079,0,244.4,406.7
1115,1,20011229,20011127,1,1,1,2,3,2,2,315000,315500,500,32,1420,3,2.5,1969,4950,0.026000000000000002,8203,6973,0,256.5,467.9
1116,1,20010915,20010726,1,1,1,5,1,5,2,372000,378000,6000,51,1940,3,2.5,1962,7000,0.0245,9261,7872,0,225.3,462.9
1117,1,20010117,20001213,1,1,1,5,1,2,2,358000,355500,-2500,35,1810,3,2.5,1987,6450,0.0225,7999,6799,0,234.7,471.4
1118,1,20010826,20010719,1,1,1,2,1,1,2,317000,319000,2000,38,1900,3,2.5,1990,5850,0.023,7337,6236,0,237,442.7
1119,1,20010404,20010213,1,1,1,1,3,1,2,288500,286000,-2500,50,1710,2,2,1995,5450,0.0225,6435,5470,0,227.4,467.6
1120,1,20011015,20010908,1,1,2,2,1,5,2,387500,388000,500,37,1880,2,2,1985,5450,0.027,10476,8905,0,259.6,449.6
1121,1,20010113,20001124,1,1,1,4,1,1,2,434000,426000,-8000,50,2100,4,3.5,1998,6150,0.023,9798,8328,0,252.9,419.3
1122,1,20010917,20010729,1,1,2,1,1,1,2,291000,299000,8000,50,1450,2,2,1956,4850,0.029500000000000002,8821,7498,0,249.4,468.7
1123,1,20010608,20010429,1,1,2,3,6,2,3,583000,583500,500,40,2390,4,3.5,1996,10500,0.0285,16630,14136,0,221.4,460.4
1124,1,20010128,20001219,1,1,2,3,1,2,2,354500,357500,3000,40,1790,3,2.5,1962,7650,0.028,10010,8509,0,269,443.2
1125,1,20010224,20010111,1,1,3,7,2,4,2,341000,340500,-500,44,1570,3,2.5,1984,7450,0.0485,16514,14037,0,250.5,459.5
1126,1,20010705,20010514,1,1,1,6,1,2,3,507500,499500,-8000,52,2110,3,2.5,1997,7200,0.0245,12238,10402,0,250.5,452.6
1127,1,20010430,20010315,1,1,2,1,4,2,2,444500,440000,-4500,46,2080,3,2.5,1990,7950,0.0275,12100,10285,0,236.1,460
1128,1,20010810,20010614,1,1,1,1,1,1,2,437500,444000,6500,57,1700,2,2,1977,4750,0.025500000000000002,11322,9624,0,243,456.8
1129,1,20010921,20010814,1,1,2,1,1,5,2,357000,353000,-4000,38,1760,3,2.5,1965,7450,0.025,8825,7501,0,251,458.4
1130,1,20010616,20010507,1,1,1,3,1,3,2,332500,341500,9000,40,1800,3,2.5,1960,6500,0.029500000000000002,10074,8563,0,261.7,482
1131,1,20010110,20001128,1,1,2,1,1,1,3,492500,513500,21000,43,2190,3,2.5,1961,7350,0.0265,13608,11567,0,247,427.1
1132,1,20010323,20010131,5,1,1,2,1,2,2,398500,398000,-500,51,2180,3,2.5,1986,5850,0.023,9154,7781,0,510.2,457.6
1133,1,20010218,20010102,1,1,2,6,1,2,2,322500,315000,-7500,47,1450,2,2,1998,4600,0.025,7875,6694,4500,253.4,491.9
1134,1,20011014,20010824,1,1,1,4,4,5,2,412500,417500,5000,51,1950,3,2.5,1987,5150,0.025,10438,8872,0,255.6,440.2
1135,1,20010912,20010804,5,1,1,3,1,1,2,295500,306000,10500,39,1760,2,2,1964,5500,0.0225,6885,5852,0,537.2,466.7
1136,1,20011124,20011017,1,1,1,4,4,2,2,358500,356500,-2000,38,1930,3,2.5,1967,7150,0.023,8200,6970,0,250.6,450.3
1137,1,20010302,20010123,1,1,1,2,4,1,2,351000,341500,-9500,38,1700,3,2.5,1995,8350,0.022,7513,6386,0,221.1,452.3
1138,1,20010810,20010702,1,1,2,1,4,2,2,424500,426500,2000,39,2210,3,2.5,1968,9600,0.029500000000000002,12582,10695,0,240.9,462.5
1139,1,20010330,20010224,1,1,1,2,1,3,2,292500,300000,7500,34,1380,3,2.5,1986,3900,0.026000000000000002,7800,6630,3250,233.5,442.5
1140,1,20010924,20010815,1,1,1,1,1,1,2,298000,299000,1000,40,1630,2,2,1994,7500,0.0285,8522,7244,0,264.3,447.5
1141,1,20010225,20010109,1,1,1,1,3,5,3,529000,529000,0,47,2270,4,3.5,1997,8800,0.0275,14548,12366,0,254,425.2
1142,1,20010522,20010411,1,1,1,3,1,4,2,284000,291000,7000,41,2050,4,3.5,1985,7700,0.0245,7130,6061,0,247.4,443.2
1143,1,20010623,20010519,1,1,1,2,1,1,2,368000,384500,16500,35,1960,3,2.5,1991,6850,0.0225,8651,7353,0,257.4,474.8
1144,1,20010725,20010619,1,1,1,3,3,5,2,289000,298500,9500,36,1420,2,2,1984,4400,0.026000000000000002,7761,6597,2500,235.7,472.6
1145,1,20011104,20010925,1,1,2,2,4,5,1,252500,246000,-6500,40,1350,2,2,1967,3850,0.023,5658,4809,0,247.7,483.6
1146,1,20010121,20001216,1,1,2,4,3,2,3,557000,557500,500,36,2230,3,2.5,1969,9400,0.0245,13659,11610,0,253.5,487.3
1147,1,20010830,20010727,1,1,1,2,2,1,2,370500,376000,5500,34,1960,4,3.5,1970,6900,0.022,8272,7031,0,245.2,429.3
1148,1,20011014,20010911,1,1,2,2,6,3,2,293000,295000,2000,33,1350,2,2,1992,5950,0.024,7080,6018,3750,258,470.3
1149,1,20011121,20011012,1,1,1,8,2,1,2,276500,280500,4000,40,1440,3,2.5,1999,5150,0.0265,7433,6318,0,230,489.6
1150,1,20011205,20011021,1,1,1,2,3,1,2,255500,253000,-2500,45,1220,2,2,1996,5650,0.0245,6199,5269,0,245.6,455.8
1151,1,20010624,20010513,1,1,1,7,4,1,2,336000,344500,8500,42,1770,2,2,1983,6000,0.025,8613,7321,0,281.2,480.6
1152,1,20010901,20010724,1,1,1,6,4,5,2,342000,338000,-4000,39,1550,3,2.5,1962,4600,0.0235,7943,6752,0,254.5,471.2
1153,1,20010908,20010723,2,1,1,2,1,1,2,408500,419000,10500,47,1530,3,2.5,2001,7300,0.023,9637,8191,0,230.8,413.9
1154,1,20010517,20010403,1,1,1,6,1,1,3,447500,453000,5500,44,2060,3,2.5,1976,8700,0.0235,10646,9049,0,253.4,464.3
1155,1,20010312,20010120,1,1,3,3,1,5,2,422000,431000,9000,51,1960,4,3.5,1957,5250,0.0485,20904,17768,0,274.6,461.9
1156,1,20011006,20010805,1,1,1,4,1,2,2,352000,346000,-6000,62,2040,3,2.5,1966,9000,0.027,9342,7941,0,242.5,451.1
1157,1,20010302,20010127,1,1,1,7,1,3,2,308000,313500,5500,34,1480,2,2,1978,5150,0.0245,7681,6529,0,280.1,487.5
1158,1,20010709,20010530,1,1,2,5,4,5,2,367500,366500,-1000,40,1980,3,2.5,1961,6250,0.028,10262,8723,0,250.8,484.9
1159,1,20010814,20010711,1,1,1,3,1,5,2,360500,359000,-1500,34,2090,2,2,1996,6650,0.023,8257,7018,0,231.1,467.8
1160,1,20011001,20010827,5,1,2,2,4,1,2,257000,268000,11000,35,1530,2,2,1980,6550,0.022,5896,5012,0,525,457.1
1161,1,20010719,20010610,1,1,2,3,1,2,2,454500,447000,-7500,39,1800,3,2.5,1978,7150,0.029500000000000002,13187,11209,0,259.9,469.2
1162,1,20010125,20001205,1,1,1,1,1,2,2,387000,387000,0,51,1820,2,2,1957,4450,0.0285,11030,9376,0,239.3,461.3
1163,1,20010706,20010516,3,1,2,1,2,2,2,342500,342000,-500,51,1900,3,2.5,1985,8550,0.028,9576,8140,0,479.2,413.3
1164,1,20020503,20020325,1,1,1,6,1,2,2,430500,438500,8000,39,2070,4,3.5,1963,5400,0.023,10086,8573,0,238.9,468.2
1165,1,20020629,20020509,3,1,1,3,1,3,2,388500,402000,13500,51,2140,4,3.5,1983,8950,0.0225,9045,7688,0,475.4,407.1
1166,1,20020606,20020502,1,1,2,1,2,2,3,513000,512500,-500,35,2020,4,3.5,1958,9500,0.0285,14606,12415,0,256.9,443.7
1167,1,20021205,20021014,1,1,2,2,3,1,3,447000,456000,9000,52,1930,3,2.5,1964,9050,0.026000000000000002,11856,10078,0,246,466.2
1168,1,20020720,20020614,1,1,1,1,5,1,2,359000,359500,500,36,1510,3,2.5,1996,5700,0.0235,8448,7181,0,264.7,463.7
1169,1,20020310,20020201,1,1,1,6,2,2,3,483500,500500,17000,37,2240,4,3.5,1989,6950,0.025,12513,10636,0,263.6,418.7
1170,1,20020609,20020426,1,1,2,1,1,1,3,445000,452000,7000,44,1840,3,2.5,1978,9000,0.0245,11074,9413,0,239.3,460.1
1171,1,20020428,20020328,1,1,1,2,3,2,4,663000,670500,7500,31,2870,5,4,1956,10900,0.028,18774,15958,0,242.5,456.8
1172,1,20021020,20020910,5,1,2,1,4,2,3,468500,471500,3000,40,2110,4,3.5,1959,7150,0.029500000000000002,13909,11823,0,533.3,444.2
1173,1,20020608,20020504,2,1,1,1,2,5,2,454500,444000,-10500,35,1670,3,2.5,2002,4250,0.0245,10878,9246,0,235.3,412.9
1174,1,20020409,20020217,1,1,2,3,2,5,2,326000,338000,12000,51,1610,3,2.5,1980,5050,0.0245,8281,7039,0,263.6,432.5
1175,1,20020527,20020327,1,1,2,4,3,1,3,546000,550500,4500,61,1970,3,2.5,1972,6250,0.0265,14588,12400,0,244.5,474.2
1176,1,20020625,20020428,1,1,3,2,3,6,2,389500,385500,-4000,58,1490,2,2,1968,5350,0.0495,19082,16220,0,228.2,464.2
1177,1,20020417,20020304,1,1,1,3,4,5,2,382000,376500,-5500,44,1970,4,3.5,1973,9600,0.0245,9224,7840,0,227.5,467.6
1178,1,20020727,20020605,5,1,3,2,1,2,3,533000,517000,-16000,52,2300,2,2,1971,7750,0.0445,23007,19556,0,527.1,443.5
1179,1,20020424,20020310,1,1,2,3,1,3,2,422500,420000,-2500,45,1790,4,3.5,1962,5700,0.0225,9450,8033,0,243.2,508.7
1180,1,20021216,20021108,1,1,1,1,1,3,2,415000,426000,11000,38,1800,3,2.5,1985,5500,0.029,12354,10501,0,269.1,466.2
1181,1,20021216,20021113,1,1,2,7,1,3,2,417000,420500,3500,33,1580,2,2,1956,5450,0.0245,10302,8757,0,242.4,484.4
1182,1,20020928,20020815,1,1,2,2,1,1,2,438500,445500,7000,44,2090,4,3.5,1983,8500,0.0225,10024,8520,0,249.9,462.9
1183,1,20020201,20011227,1,1,2,2,3,2,2,441500,435500,-6000,36,1700,2,2,1962,5750,0.0265,11541,9810,0,246.5,451.3
1184,1,20020519,20020415,1,1,1,3,1,2,3,459500,470000,10500,34,2110,4,3.5,1961,6700,0.026000000000000002,12220,10387,0,227.8,488.3
1185,1,20020713,20020524,1,1,1,2,4,5,3,477000,482000,5000,50,2020,3,2.5,1991,7300,0.029500000000000002,14219,12086,0,249.3,459.5
1186,1,20020714,20020605,1,1,1,1,5,5,2,288000,288000,0,39,1410,2,2,1958,5650,0.0235,6768,5753,1250,254.7,458.6
1187,1,20020115,20011206,1,1,1,6,1,2,3,547500,544500,-3000,40,2110,4,3.5,1958,9300,0.03,16335,13885,0,271.7,449.1
1188,1,20020521,20020417,1,1,1,2,1,5,2,447500,441000,-6500,34,1900,2,2,1968,7300,0.0225,9923,8435,0,232.7,452.9
1189,1,20020916,20020721,1,1,2,2,3,2,2,356500,362500,6000,57,1800,3,2.5,1989,6650,0.0265,9606,8165,0,242.2,463.7
1190,1,20020406,20020221,1,1,1,4,2,1,2,402000,401500,-500,44,2030,4,3.5,1962,8850,0.023,9235,7850,0,238.1,465.8
1191,1,20020824,20020712,1,1,2,2,1,1,3,533000,515500,-17500,43,2210,4,3.5,1999,10950,0.0285,14692,12488,2500,266.4,452.3
1192,1,20020328,20020201,1,1,2,9,4,1,2,353500,365500,12000,55,1450,2,2,1981,3600,0.0265,9686,8233,0,236.9,450.8
1193,1,20020515,20020320,1,1,1,1,1,1,3,463500,453000,-10500,56,1760,2,2,1971,8300,0.0235,10646,9049,0,260.4,460
1194,1,20020701,20020527,1,1,1,2,2,2,2,391500,416000,24500,35,1460,2,2,1987,6250,0.025,10400,8840,3500,259,445
1195,1,20020223,20011220,1,1,1,2,6,3,2,337500,338500,1000,65,1620,3,2.5,1970,6250,0.0285,9647,8200,0,252.3,440
1196,1,20021231,20021127,1,1,3,1,5,3,2,414000,416000,2000,34,1560,3,2.5,1973,4400,0.043500000000000004,18096,15382,0,227.6,474.5
1197,1,20020314,20020129,1,1,2,2,3,5,2,267000,257500,-9500,44,1310,2,2,1998,3600,0.023,5923,5035,0,264,455.6
1198,1,20020818,20020715,1,1,1,1,1,5,2,460000,447500,-12500,34,1890,2,2,1960,5550,0.026000000000000002,11635,9890,2500,260.1,475
1199,1,20021008,20020902,1,1,2,3,1,5,2,431500,426500,-5000,36,2060,4,3.5,1984,5200,0.0245,10449,8882,0,245.3,474.2
1200,1,20020520,20020415,1,1,2,9,1,1,2,431500,433000,1500,35,2000,3,2.5,1995,8850,0.029,12557,10673,4750,266.5,459.2
1201,1,20020413,20020310,1,1,1,7,3,3,2,418000,409500,-8500,34,1870,4,3.5,1999,8900,0.026000000000000002,10647,9050,0,240.7,470.5
1202,1,20021003,20020823,1,1,1,3,1,2,3,444500,453500,9000,41,2140,3,2.5,1962,9950,0.0275,12471,10600,0,268.5,469.6
1203,1,20020407,20020215,1,1,2,3,1,5,2,292000,281000,-11000,51,1690,3,2.5,1965,8450,0.027,7587,6449,0,253.3,459.7
1204,1,20021208,20021101,1,1,1,3,3,5,3,469500,461000,-8500,37,2030,4,3.5,1978,5450,0.025500000000000002,11756,9993,0,237.6,452
1205,1,20020530,20020416,5,1,2,1,2,2,2,289500,288500,-1000,44,1370,2,2,1970,6750,0.024,6924,5885,0,526.1,448
1206,1,20020605,20020501,1,1,3,2,2,5,2,369000,373500,4500,35,1690,2,2,1968,6750,0.0445,16621,14128,0,250.1,461.8
1207,1,20020509,20020323,1,1,1,3,1,1,2,285500,285000,-500,47,1900,4,3.5,1995,4950,0.0285,8123,6905,0,244.4,423.5
1208,1,20021001,20020811,1,1,3,6,1,5,2,302500,303000,500,51,1630,3,2.5,1984,4650,0.046,13938,11847,0,249,462.9
1209,1,20020913,20020807,1,1,2,3,3,1,2,417500,415500,-2000,37,2030,3,2.5,1957,5900,0.0265,11011,9359,0,266.3,473
1210,1,20020425,20020325,1,1,1,1,1,1,3,479000,477000,-2000,31,2040,3,2.5,1998,5800,0.025,11925,10136,0,265.5,466
1211,1,20020315,20020130,1,1,1,3,1,1,2,335500,332000,-3500,44,1770,3,2.5,1999,5000,0.025,8300,7055,0,239.2,456.6
1212,1,20020831,20020711,1,1,1,3,3,6,2,393500,396000,2500,51,1820,4,3.5,1963,8150,0.026000000000000002,10296,8752,0,249.6,449.1
1213,1,20020725,20020622,1,1,2,3,1,2,3,544000,529000,-15000,33,1980,4,3.5,1960,4850,0.029,15341,13040,0,259.5,464.6
1214,1,20020203,20011226,1,1,1,1,1,2,2,289500,294000,4500,39,1280,2,2,1977,5200,0.025500000000000002,7497,6372,0,235,493.3
1215,1,20020313,20020128,1,1,1,1,2,2,2,350000,350500,500,44,1620,3,2.5,1993,6600,0.0245,8587,7299,0,229.4,466.5
1216,1,20020513,20020406,1,1,2,2,1,2,3,478500,480000,1500,37,2090,4,3.5,1959,6700,0.0245,11760,9996,0,237.4,446.2
1217,1,20021027,20020914,1,1,1,2,2,2,2,335500,332000,-3500,43,1470,3,2.5,1985,6150,0.029,9628,8184,0,268,458.1
1218,1,20020406,20020217,2,1,1,3,1,3,3,640500,644000,3500,48,2550,4,3.5,2002,8300,0.024,15456,13138,0,240.1,413.5
1219,1,20020202,20011223,1,1,2,9,1,2,2,336000,330500,-5500,41,1800,3,2.5,1972,5200,0.028,9254,7866,0,226.6,482.5
1220,1,20020811,20020620,1,1,1,5,1,2,2,349000,342000,-7000,52,1550,2,2,1974,3750,0.0275,9405,7994,0,248.4,477.8
1221,1,20020417,20020228,1,1,1,9,4,1,3,460000,465500,5500,48,2160,4,3.5,1969,7000,0.027,12569,10684,0,267.5,454.6
1222,1,20020510,20020404,1,1,1,2,1,1,2,405000,401000,-4000,36,2040,3,2.5,1982,8600,0.025,10025,8521,0,231.6,465.5
1223,1,20020616,20020513,1,1,2,2,1,5,2,271500,279000,7500,34,1490,3,2.5,1972,4250,0.024,6696,5692,0,250.8,467.6
1224,1,20020201,20011223,1,1,2,1,1,5,2,272000,275500,3500,40,1560,3,2.5,1981,4950,0.0285,7852,6674,0,269.1,461.6
1225,1,20021104,20020926,2,1,1,9,5,5,3,569500,577000,7500,39,2260,4,3.5,2002,7550,0.0245,14137,12016,0,229.7,413.1
1226,1,20021116,20021001,1,1,2,2,4,2,3,587000,563000,-24000,46,2240,5,4,1970,9550,0.026000000000000002,14638,12442,0,238.4,486.5
1227,1,20020615,20020504,1,1,1,2,2,1,2,357500,363000,5500,42,1470,3,2.5,1970,5850,0.0275,9983,8486,0,263.1,456.7
1228,1,20020227,20020114,1,1,2,1,1,5,2,403000,402500,-500,44,1910,4,3.5,1976,6950,0.026000000000000002,10465,8895,2250,228.9,472.3
1229,1,20021001,20020828,1,1,1,9,1,5,3,533500,540500,7000,34,2240,4,3.5,1989,6350,0.025,13513,11486,0,253.1,470
1230,1,20020610,20020503,1,1,1,2,1,1,2,404000,394000,-10000,38,1840,3,2.5,1986,9000,0.022,8668,7368,0,227.9,467.6
1231,1,20020409,20020303,1,1,2,2,1,3,2,355500,356000,500,37,1810,3,2.5,1963,5200,0.025,8900,7565,0,269.9,480.1
1232,1,20020715,20020602,1,1,2,3,1,5,3,514000,538500,24500,43,2330,4,3.5,1955,8250,0.0275,14809,12588,4750,247.4,450.2
1233,1,20020510,20020330,1,1,2,1,3,1,2,316500,312500,-4000,41,1660,2,2,1985,5750,0.025,7813,6641,0,244.1,468.4
1234,1,20020324,20020220,3,1,2,5,1,1,3,537500,532500,-5000,32,2210,3,2.5,1960,7600,0.0265,14111,11994,0,451.6,398.3
1235,1,20020829,20020726,1,1,1,2,3,6,2,267000,272000,5000,34,1290,2,2,1956,3450,0.0235,6392,5433,0,252.4,441.2
1236,1,20020720,20020613,1,1,1,2,3,2,2,358500,365500,7000,37,1690,3,2.5,1997,5400,0.029500000000000002,10782,9165,0,253.4,462
1237,1,20020604,20020502,1,1,1,5,1,5,3,541000,548500,7500,33,2260,4,3.5,1969,8450,0.024,13164,11189,0,257.8,439.2
1238,1,20020525,20020409,1,1,2,2,1,5,2,376500,375500,-1000,46,2030,3,2.5,1960,7050,0.027,10139,8618,0,254.4,502.3
1239,1,20020611,20020428,1,1,1,1,2,5,3,460000,456500,-3500,44,2010,3,2.5,1972,5450,0.023,10500,8925,0,238.7,479.7
1240,1,20020506,20020401,1,1,1,3,1,2,2,431000,424500,-6500,35,2110,3,2.5,1975,5700,0.029,12311,10464,0,225.5,439.8
1241,1,20020112,20011125,1,1,1,2,1,5,2,350000,356000,6000,48,1710,2,2,1972,8400,0.024,8544,7262,0,283.7,484.2
1242,1,20020831,20020712,1,1,2,3,5,1,2,424000,422000,-2000,50,1760,3,2.5,1982,4500,0.022,9284,7891,0,241.5,471.7
1243,1,20020726,20020602,1,1,2,2,3,2,3,502500,521500,19000,54,2450,4,3.5,1976,10550,0.024,12516,10639,6500,236.2,454.2
1244,1,20030915,20030803,1,1,2,2,1,1,4,687500,672000,-15500,43,2370,4,3.5,1988,11700,0.0235,15792,13423,0,264.2,451
1245,1,20030711,20030605,1,1,1,6,1,1,4,715500,719000,3500,36,2480,4,3.5,1956,11350,0.0235,16897,14362,0,235.6,457.6
1246,1,20031112,20031001,2,1,2,4,1,5,4,721500,729500,8000,42,2580,4,3.5,2003,10350,0.026000000000000002,18967,16122,0,243.6,404.7
1247,1,20030104,20021112,1,1,1,3,6,5,3,512000,516500,4500,53,1990,2,2,1980,5700,0.0235,12138,10317,2000,225.4,462.9
1248,1,20030426,20030320,1,1,1,5,1,5,3,498000,505000,7000,37,1870,3,2.5,1979,4850,0.025500000000000002,12878,10946,0,239,501.5
1249,1,20030907,20030730,1,1,2,5,5,1,2,394000,392000,-2000,39,1470,2,2,1964,5950,0.0235,9212,7830,0,243.1,461.5
1250,1,20030625,20030508,1,1,1,4,3,5,2,345500,344000,-1500,48,1500,4,3.5,1981,5450,0.026000000000000002,8944,7602,0,248.9,477.9
1251,1,20030905,20030720,1,1,1,1,3,5,3,648500,642500,-6000,47,2500,3,2.5,1989,9950,0.0265,17026,14472,0,233.4,459.8
1252,1,20030613,20030509,1,1,1,2,1,2,3,469500,466000,-3500,35,1880,2,2,2001,9350,0.022,10252,8714,0,240.2,453.2
1253,1,20031129,20031021,1,1,1,1,1,1,2,380500,382500,2000,39,1320,2,2,2002,4300,0.029,11093,9429,0,258,466.8
1254,1,20030622,20030517,1,1,1,2,1,2,2,263000,265500,2500,36,1150,2,2,1956,3050,0.029,7700,6545,1500,245.9,455.8
1255,1,20030120,20021129,1,1,1,8,1,1,2,423000,417500,-5500,52,1630,2,2,1961,5400,0.0275,11481,9759,0,247.2,481.2
1256,1,20031115,20031014,1,1,2,2,1,2,2,435500,425000,-10500,32,1510,4,3.5,1972,7500,0.0285,12113,10296,0,222.5,462.7
1257,1,20030803,20030626,1,1,1,1,4,5,3,505000,507500,2500,38,2020,3,2.5,1975,8050,0.029,14718,12510,0,226,459.4
1258,1,20030506,20030328,1,1,1,1,1,1,3,623000,605500,-17500,39,2740,5,4,1974,10200,0.023,13927,11838,0,237.7,483.1
1259,1,20030817,20030708,1,1,1,1,4,2,3,560500,572000,11500,40,2210,4,3.5,1998,6850,0.029500000000000002,16874,14343,0,279.9,446
1260,1,20030513,20030408,1,1,2,1,4,2,3,488000,504500,16500,35,1870,3,2.5,1998,5800,0.03,15135,12865,0,253.2,453.9
1261,1,20031014,20030901,1,1,1,1,1,2,2,256000,253500,-2500,43,1270,2,2,1955,5400,0.028,7098,6033,1750,250.8,456.1
1262,1,20030725,20030622,1,1,2,2,3,2,3,594500,604000,9500,33,2250,4,3.5,1964,10750,0.025500000000000002,15402,13092,0,222.7,480
1263,1,20031123,20031018,2,1,3,2,2,1,3,603500,602500,-1000,36,2380,3,2.5,2003,7050,0.046,27715,23558,0,233.1,412.7
1264,1,20030524,20030415,1,1,1,5,3,3,2,423000,420000,-3000,39,1560,2,2,1970,5400,0.029,12180,10353,0,257.6,473.7
1265,1,20030717,20030611,1,1,1,1,1,3,2,412000,420500,8500,36,1440,2,2,1993,6400,0.028,11774,10008,0,222.3,485.7
1266,1,20030409,20030223,1,1,2,3,1,5,3,513000,500000,-13000,45,2180,4,3.5,1991,6500,0.022,11000,9350,0,247.4,455.9
1267,1,20030413,20030228,1,1,1,1,1,1,3,589000,566500,-22500,44,2170,3,2.5,1972,6350,0.028,15862,13483,0,246.2,475.4
1268,1,20030809,20030625,2,1,3,1,1,5,4,665500,665000,-500,45,2190,3,2.5,2003,6450,0.045,29925,25436,0,240.9,407
1269,1,20030602,20030424,1,1,1,3,1,2,3,493500,512500,19000,39,2180,4,3.5,1971,10250,0.0265,13581,11544,0,262.5,477.4
1270,1,20030321,20030216,1,1,1,1,2,5,3,471000,476000,5000,33,1810,4,3.5,1987,7550,0.0235,11186,9508,0,268,471.9
1271,1,20030419,20030306,1,1,1,6,1,2,2,443500,442500,-1000,44,1830,3,2.5,1990,8500,0.027,11948,10156,0,251.6,464.2
1272,1,20030722,20030531,1,1,1,1,4,2,2,379000,395500,16500,52,1660,3,2.5,1957,5750,0.0265,10481,8909,0,263.9,479.8
1273,1,20030315,20030206,1,1,2,5,2,5,3,526500,530500,4000,37,2170,4,3.5,1987,9400,0.024,12732,10822,0,251.8,496.4
1274,1,20030518,20030415,1,1,2,5,1,3,2,310500,308500,-2000,33,1710,3,2.5,1982,7950,0.025500000000000002,7867,6687,0,247.5,481.2
1275,1,20030924,20030810,2,1,1,3,1,2,3,469000,475000,6000,45,1700,2,2,2003,8400,0.029,13775,11709,0,230.2,412.1
1276,1,20030326,20030212,1,1,2,6,3,5,2,416000,417000,1000,42,1600,4,3.5,1997,6850,0.025,10425,8861,0,248.4,470.9
1277,1,20031009,20030903,1,1,2,9,1,2,3,563500,568500,5000,36,1940,4,3.5,1971,7450,0.025500000000000002,14497,12322,0,208.6,443.6
1278,1,20031010,20030822,1,1,1,3,1,2,3,458500,450000,-8500,49,1840,3,2.5,1993,7850,0.024,10800,9180,0,261.6,479.6
1279,1,20030214,20021226,1,1,2,2,1,5,4,696000,707500,11500,50,2300,4,3.5,1970,9450,0.025500000000000002,18041,15335,0,230.9,466.6
1280,1,20030627,20030524,1,1,1,2,1,5,3,445000,461500,16500,34,2120,4,3.5,2000,7050,0.0245,11307,9611,0,281.4,464.5
1281,1,20031103,20030905,1,1,2,2,1,2,3,470000,469000,-1000,59,1710,3,2.5,1978,6250,0.026000000000000002,12194,10365,0,250,462.9
1282,1,20031115,20030926,1,1,1,5,1,1,2,352500,352500,0,50,1800,2,2,1996,4900,0.022,7755,6592,3250,260.9,486.5
1283,1,20031129,20031011,1,1,2,7,1,4,2,331000,333500,2500,49,1530,3,2.5,1999,5750,0.029500000000000002,9838,8362,0,232.7,437.9
1284,1,20030329,20030221,1,1,1,3,1,1,3,499500,513000,13500,36,2200,4,3.5,1972,10100,0.025500000000000002,13082,11120,0,259.5,455.4
1285,1,20030207,20021206,1,1,2,2,2,5,2,445500,449000,3500,63,1780,3,2.5,1980,5650,0.029,13021,11068,0,225.8,465.2
1286,1,20030830,20030727,1,1,1,4,1,4,2,362000,356500,-5500,34,1580,3,2.5,1958,5750,0.0235,8378,7121,0,255.8,465.5
1287,1,20030319,20030213,1,1,2,6,1,5,3,536500,513000,-23500,34,1810,3,2.5,1984,8100,0.025,12825,10901,0,241.7,451
1288,1,20030725,20030623,1,1,1,3,3,2,2,333000,334000,1000,32,1250,2,2,1987,3350,0.025,8350,7098,0,254.5,487.4
1289,1,20031110,20030928,1,1,1,5,3,3,2,423000,434500,11500,43,1520,3,2.5,1975,4000,0.027,11732,9972,0,232.6,472.4
1290,1,20030325,20030205,1,1,2,1,1,2,2,422000,428500,6500,48,1650,2,2,1992,4350,0.028,11998,10198,0,263.4,476.3
1291,1,20030719,20030612,1,1,1,2,3,1,3,566500,559500,-7000,37,2250,5,4,1960,7100,0.022,12309,10463,9250,262.2,478.5
1292,1,20030518,20030401,1,1,1,4,1,1,3,472500,464000,-8500,47,1880,3,2.5,1961,6350,0.029500000000000002,13688,11635,0,247,473.2
1293,1,20030302,20030125,2,1,3,2,1,6,3,589500,581000,-8500,36,2190,4,3.5,2003,10400,0.049,28469,24199,0,243.2,417.1
1294,1,20030308,20030203,1,1,2,1,3,5,2,445500,436000,-9500,33,1610,2,2,1980,4500,0.023,10028,8524,0,253.3,463.1
1295,1,20030405,20030227,2,1,1,1,2,2,3,631000,634500,3500,37,2670,4,3.5,2001,8700,0.029,18401,15641,0,233.4,408.7
1296,1,20030613,20030420,1,1,1,2,4,1,2,343500,350500,7000,54,1300,2,2,1960,4500,0.024,8412,7150,0,250.6,458.4
1297,1,20031013,20030911,1,1,1,1,3,2,2,400000,410500,10500,32,1790,2,2,1970,5750,0.025,10263,8724,4250,253.2,459.7
1298,1,20030922,20030731,1,1,1,2,1,5,2,420000,417000,-3000,53,1830,3,2.5,1965,8850,0.023,9591,8152,0,230.9,452.8
1299,1,20031213,20031023,1,1,2,2,6,3,2,347500,348000,500,51,1560,2,2,1983,6950,0.029500000000000002,10266,8726,0,249.2,438.7
1300,1,20031230,20031028,1,1,3,2,3,1,2,285500,294500,9000,63,1280,2,2,1973,3350,0.0505,14872,12641,0,249.4,452.6
1301,1,20031010,20030824,1,1,2,7,5,2,2,423000,425500,2500,47,1850,3,2.5,1958,8050,0.0235,9999,8499,0,245.2,458.1
1302,1,20030717,20030609,1,1,1,3,5,5,3,462500,464000,1500,38,1890,4,3.5,1982,6950,0.026000000000000002,12064,10254,0,248.1,474.4
1303,1,20030430,20030320,1,1,1,4,1,1,2,405000,405000,0,41,1730,2,2,1966,6600,0.0275,11138,9467,0,251.6,472.2
1304,1,20030508,20030406,1,1,1,7,1,4,2,387000,391000,4000,32,1980,3,2.5,1992,7900,0.0245,9580,8143,0,257,466.8
1305,1,20030302,20030123,5,1,2,2,1,3,3,462500,468000,5500,38,1900,3,2.5,1977,9400,0.027,12636,10741,0,536.1,435.3
1306,1,20031213,20031103,1,1,2,2,2,2,2,331500,336000,4500,40,1510,2,2,1958,4700,0.025500000000000002,8568,7283,4250,243.7,469.5
1307,1,20030615,20030512,2,1,1,2,3,2,4,763000,755000,-8000,34,2430,3,2.5,2003,6400,0.0245,18498,15723,0,239.2,410
1308,1,20030323,20030220,1,1,1,3,1,2,2,397000,409000,12000,31,1560,2,2,1956,6600,0.024,9816,8344,0,241,492.4
1309,1,20030524,20030419,1,1,1,2,1,2,2,357500,368000,10500,35,1570,3,2.5,1984,7150,0.024,8832,7507,0,222.9,457
1310,1,20030312,20030123,1,1,2,3,1,1,3,492000,486000,-6000,48,1850,3,2.5,1970,5300,0.027,13122,11154,0,216.3,438.2
1311,1,20030804,20030621,1,1,2,9,3,5,3,578500,581500,3000,44,2210,4,3.5,1966,5650,0.025,14538,12357,0,237.9,463.5
1312,1,20030120,20021218,1,1,1,1,1,1,2,298500,296000,-2500,33,1170,2,2,1977,3250,0.027,7992,6793,0,239.7,453.2
1313,1,20030127,20021219,1,1,2,1,2,5,3,557500,528000,-29500,39,1710,3,2.5,1983,8050,0.0275,14520,12342,0,237.4,457.7
1314,1,20030210,20030102,1,1,1,1,1,1,3,531000,535500,4500,39,1760,3,2.5,1961,5000,0.029500000000000002,15797,13427,0,249.1,441
1315,1,20030625,20030515,1,1,3,4,1,2,2,413000,419500,6500,41,1550,2,2,2001,4450,0.0505,21185,18007,0,261.8,470.4
1316,1,20030422,20030301,1,1,2,4,2,5,3,550500,556500,6000,52,2160,4,3.5,1981,8500,0.0245,13634,11589,0,263.2,485.5
1317,1,20030828,20030705,1,1,2,3,1,5,2,380000,370000,-10000,54,1700,2,2,1963,4600,0.029,10730,9121,0,230.9,466.6
1318,1,20030606,20030423,1,1,2,1,3,1,2,448000,443000,-5000,44,1850,2,2,1996,4650,0.025,11075,9414,0,264.1,448.7
1319,1,20030331,20030217,2,1,1,1,4,1,4,741500,735500,-6000,42,2570,5,4,2003,6800,0.023,16917,14379,0,240.9,402.8
1320,1,20030412,20030304,1,1,1,2,1,6,2,440500,444500,4000,39,1880,2,2,1967,6250,0.0235,10446,8879,0,238,432.4
1321,1,20030304,20030116,1,1,2,2,1,2,2,378500,392000,13500,47,1680,4,3.5,1979,5300,0.022,8624,7330,0,254.9,479.3
1322,1,20030927,20030824,5,1,2,1,1,4,3,533500,541500,8000,34,2040,3,2.5,1971,6050,0.029500000000000002,15974,13578,0,537,414.5
1323,1,20030818,20030716,1,1,1,1,1,2,3,473000,480500,7500,33,1940,3,2.5,1955,7200,0.0225,10811,9189,6250,231.7,472.4
1324,1,20030503,20030304,1,1,2,2,3,5,3,565500,562500,-3000,60,2130,2,2,1957,10500,0.0265,14906,12670,0,251.6,448.1
1325,1,20031021,20030919,1,1,1,1,1,1,3,452000,462000,10000,32,2120,3,2.5,1977,9500,0.024,11088,9425,0,233.4,487.4
1326,1,20030524,20030421,1,1,1,1,2,5,3,540000,547500,7500,33,2090,3,2.5,1992,8500,0.03,16425,13961,6250,249.2,477.9
1327,1,20031118,20031008,2,1,1,3,1,5,4,760500,799500,39000,41,3030,4,3.5,2001,13900,0.027,21587,18349,0,221.8,413.2
1328,1,20030703,20030601,1,1,2,5,4,3,3,564500,570500,6000,32,2130,3,2.5,2001,7450,0.0225,12836,10911,4750,247.8,467.4
1329,1,20030411,20030224,1,1,3,3,4,5,3,451000,453500,2500,46,1950,3,2.5,1983,5700,0.051000000000000004,23129,19660,0,254.4,454
1330,1,20030120,20021210,1,1,1,9,1,5,2,423500,420500,-3000,41,1450,2,2,1988,5300,0.0225,9461,8042,0,246.4,454.7
1331,1,20030805,20030701,1,1,2,1,2,6,3,578000,580500,2500,35,2150,4,3.5,1970,6300,0.029500000000000002,17125,14556,0,262.8,422.1
1332,1,20030505,20030319,1,1,1,1,1,2,2,287500,285000,-2500,47,1450,3,2.5,1967,6300,0.024,6840,5814,0,231.3,462
1333,1,20030915,20030803,1,1,1,1,3,1,2,286000,289500,3500,43,1120,2,2,1997,2900,0.023,6659,5660,1750,264,472.9
1334,1,20030729,20030608,1,1,1,1,4,1,2,452000,444000,-8000,51,1770,3,2.5,1989,7100,0.028,12432,10567,0,258.4,501.4
1335,1,20030424,20030313,1,1,1,2,3,5,3,526500,532500,6000,42,2190,4,3.5,1959,9250,0.0265,14111,11994,0,253,475.8
1336,1,20030604,20030418,3,1,1,1,3,5,2,421500,416500,-5000,47,1960,3,2.5,1988,5300,0.0265,11037,9381,0,469,401.4
1337,1,20031117,20031011,1,1,1,1,1,2,2,298000,294500,-3500,37,1710,3,2.5,1974,7350,0.029500000000000002,8688,7385,0,242.9,499.4
1338,1,20030827,20030703,5,1,1,2,1,3,2,416000,422000,6000,55,1750,4,3.5,1984,7600,0.028,11816,10044,0,534.8,425.8
1339,1,20031212,20031023,1,1,1,2,4,1,3,617000,617500,500,50,2220,4,3.5,1974,7250,0.025,15438,13122,0,275.7,453.9
1340,1,20030511,20030322,5,1,2,1,2,1,3,494500,508500,14000,50,1830,2,2,1972,5750,0.028,14238,12102,0,553,443.1
1341,1,20030427,20030326,1,1,1,8,1,5,2,313500,315500,2000,32,1740,3,2.5,1969,7350,0.0235,7414,6302,0,262.3,465.9
1342,1,20031026,20030910,1,1,2,7,2,1,2,336500,349500,13000,46,1400,3,2.5,1979,6150,0.0245,8563,7279,0,252.8,451.6
1343,1,20030423,20030310,2,1,1,1,1,5,3,505000,523000,18000,44,2160,4,3.5,2003,5400,0.0245,12814,10892,4500,241.3,414.4
1344,1,20031220,20031118,1,1,2,2,2,1,2,373000,370000,-3000,32,1430,2,2,1979,6000,0.0225,8325,7076,0,262.9,444
1345,1,20031019,20030915,1,1,2,3,4,1,3,467000,455500,-11500,34,1820,3,2.5,1977,8150,0.0235,10704,9098,0,231.7,493.1
1346,1,20030608,20030427,1,1,1,1,1,1,3,468000,470000,2000,42,1910,2,2,1989,6300,0.0265,12455,10587,0,228.2,475.7
1347,1,20030424,20030313,1,1,1,2,1,5,3,539000,541000,2000,42,2170,4,3.5,1998,7550,0.027,14607,12416,0,254.9,444.8
1348,1,20030406,20030222,1,1,1,1,1,1,3,614000,622500,8500,43,2520,4,3.5,1973,8200,0.023,14318,12170,0,262.1,462.4
1349,1,20030227,20030118,1,1,3,2,1,2,3,494500,498500,4000,40,1970,3,2.5,1987,6900,0.0465,23180,19703,0,225.4,480.1
1350,1,20030605,20030502,1,1,1,5,4,2,2,390500,405500,15000,34,1760,2,2,1961,6250,0.03,12165,10340,0,237.9,481.9
1351,1,20030506,20030325,1,1,2,2,1,1,2,364000,381500,17500,42,1830,3,2.5,1997,7800,0.0245,9347,7945,0,252.5,474.6
1352,1,20030806,20030620,1,1,3,3,5,5,3,460000,450500,-9500,47,2070,3,2.5,1963,10050,0.05,22525,19146,0,246,462.8
1353,1,20030924,20030822,1,1,2,2,1,4,3,523500,537500,14000,33,2210,3,2.5,1973,8650,0.0265,14244,12107,0,248,468.6
1354,1,20040616,20040507,1,1,1,4,1,2,2,378500,393500,15000,40,1550,2,2,1966,5250,0.0285,11215,9533,0,225.5,462.9
1355,1,20040108,20031116,1,1,2,2,1,6,3,572500,600500,28000,53,2220,4,3.5,1987,10400,0.0275,16514,14037,0,244.9,477.7
1356,1,20040420,20040314,1,1,1,2,3,4,3,570000,573000,3000,37,1890,3,2.5,1984,8050,0.0225,12893,10959,0,236.4,453.1
1357,1,20040214,20040106,1,1,1,1,1,2,3,661000,648000,-13000,39,2080,3,2.5,1974,7250,0.0235,15228,12944,0,229.8,466.5
1358,1,20040427,20040326,1,1,1,2,3,1,3,563000,543500,-19500,32,2190,3,2.5,1972,5800,0.0235,12772,10856,0,226.3,447.9
1359,1,20040702,20040522,1,1,1,2,1,1,2,288500,291500,3000,41,1500,3,2.5,1979,4350,0.025500000000000002,7433,6318,0,264.7,461.4
1360,1,20041102,20040911,1,1,1,4,2,5,3,525000,545500,20500,52,1890,4,3.5,1997,7300,0.0285,15547,13215,0,252.3,446.9
1361,1,20040328,20040224,1,1,1,4,3,5,3,627000,638500,11500,33,2200,4,3.5,1982,8350,0.0225,14366,12211,0,243.7,469.5
1362,1,20040903,20040722,1,1,2,8,2,1,1,229000,232500,3500,43,890,2,2,1962,4100,0.029,6743,5732,0,265,459.1
1363,1,20040402,20040203,3,1,2,6,4,5,3,535000,527500,-7500,59,1630,3,2.5,1981,5250,0.023,12133,10313,0,459,403.7
1364,1,20040327,20040214,5,1,1,8,2,5,3,471500,480000,8500,42,1870,3,2.5,1982,5250,0.025500000000000002,12240,10404,0,524.5,446.6
1365,1,20040423,20040303,1,1,1,3,1,1,2,397500,411000,13500,51,1860,4,3.5,1980,5450,0.023,9453,8035,0,254.9,509.3
1366,1,20040413,20040302,1,1,2,1,1,5,3,499000,513000,14000,42,1810,3,2.5,2002,6550,0.0235,12056,10248,6250,247.2,457.1
1367,1,20040413,20040223,1,1,2,3,2,5,3,526500,528500,2000,50,1830,3,2.5,2002,5650,0.0245,12948,11006,8250,255.8,437.9
1368,1,20041106,20041006,1,1,3,6,1,2,3,554500,576000,21500,31,2070,4,3.5,1955,6800,0.0445,25632,21787,0,250.6,435.3
1369,1,20040712,20040608,1,1,1,4,2,1,2,397000,402000,5000,34,1630,2,2,1993,4200,0.025500000000000002,10251,8713,0,251.7,460.7
1370,1,20040119,20031216,1,1,2,5,1,1,3,519000,515000,-4000,34,2150,4,3.5,1959,10500,0.025,12875,10944,0,251.8,483.8
1371,1,20041012,20040831,1,1,1,4,1,1,2,405500,399000,-6500,42,1600,3,2.5,1966,5650,0.023,9177,7800,0,247.7,493.9
1372,1,20040813,20040706,5,1,1,9,1,3,3,520500,532000,11500,38,2210,4,3.5,2001,9750,0.0245,13034,11079,0,519.9,435.6
1373,1,20040621,20040509,1,1,2,2,1,2,2,450000,449500,-500,43,1690,3,2.5,1955,6450,0.029500000000000002,13260,11271,0,242.9,453.4
1374,1,20040713,20040527,5,1,1,2,2,2,2,428500,429000,500,47,1860,2,2,1970,8850,0.029,12441,10575,0,523.7,433.8
1375,1,20041119,20040913,1,1,1,2,1,6,3,499000,494000,-5000,67,1930,3,2.5,1967,8200,0.0285,14079,11967,0,240.4,445.2
1376,1,20040206,20031217,1,1,1,1,1,1,3,468000,465000,-3000,51,1650,3,2.5,1985,6100,0.0245,11393,9684,0,236.7,474.9
1377,1,20040409,20040227,1,1,3,2,5,1,2,375000,386500,11500,42,1800,3,2.5,1983,4500,0.0495,19132,16262,0,237.7,468.1
1378,1,20040529,20040408,1,1,3,3,2,1,3,627500,645000,17500,51,2190,4,3.5,1957,9850,0.05,32250,27413,0,235.6,450.7
1379,1,20040427,20040322,1,1,3,5,2,4,3,441000,453500,12500,36,1650,3,2.5,1963,7750,0.0455,20634,17539,0,254.6,464.3
1380,1,20040620,20040518,1,1,1,4,1,5,2,449000,443500,-5500,33,1580,4,3.5,1996,3850,0.023,10201,8671,0,253,457.3
1381,1,20040411,20040223,1,1,1,5,4,1,2,407000,411000,4000,48,1540,2,2,1957,6450,0.024,9864,8384,0,259.1,453
1382,1,20041026,20040907,1,1,2,3,1,5,3,505000,498500,-6500,49,2050,3,2.5,1956,6500,0.028,13958,11864,0,236.5,463.4
1383,1,20041019,20040903,1,1,1,5,4,4,3,546500,545000,-1500,46,2030,2,2,1965,8250,0.022,11990,10192,0,245.4,433.9
1384,1,20040410,20040303,1,1,1,3,1,5,3,464500,471000,6500,38,1670,4,3.5,1960,7200,0.025500000000000002,12011,10209,0,237.1,465.8
1385,1,20040729,20040623,1,1,1,3,1,5,2,262000,266000,4000,36,1190,3,2.5,2000,4800,0.028,7448,6331,0,247.4,451.3
1386,1,20040627,20040523,1,1,1,2,4,5,3,534000,550000,16000,35,2230,3,2.5,1955,9300,0.0225,12375,10519,0,258.3,442.6
1387,1,20040420,20040311,1,1,2,3,1,1,3,604500,598500,-6000,40,2240,4,3.5,2002,10350,0.023,13766,11701,0,247,473.2
1388,1,20040816,20040708,1,1,2,1,1,2,3,627500,630000,2500,39,2140,3,2.5,1980,7100,0.03,18900,16065,0,253.9,453.9
1389,1,20040325,20040116,1,1,1,4,1,2,3,452500,474000,21500,69,1870,3,2.5,1981,7700,0.0235,11139,9468,0,251.8,452.7
1390,1,20040624,20040503,1,1,1,3,1,2,2,433000,439500,6500,52,1710,3,2.5,1986,5400,0.029500000000000002,12965,11020,0,252.6,476.9
1391,1,20040602,20040420,1,1,3,1,2,5,3,640500,635000,-5500,43,2290,3,2.5,2003,6200,0.0465,29528,25099,0,265.4,449.9
1392,1,20040331,20040226,1,1,2,3,1,1,2,376000,374500,-1500,34,1520,2,2,1996,6800,0.024,8988,7640,0,240.1,490.1
1393,1,20040815,20040712,1,1,1,1,1,3,3,491500,484500,-7000,34,1820,2,2,1997,8950,0.0235,11386,9678,0,274.2,471.1
1394,1,20040126,20031216,1,1,2,6,1,5,3,512500,519500,7000,41,1910,3,2.5,1982,9550,0.0225,11689,9936,0,265.4,470.6
1395,1,20040827,20040720,1,1,2,4,1,3,3,483500,453500,-30000,38,1830,2,2,1993,8900,0.027,12245,10408,0,235.3,453
1396,1,20040906,20040728,1,1,3,1,3,2,3,619000,616500,-2500,40,1920,3,2.5,1962,9200,0.049,30209,25678,0,243.1,498.3
1397,1,20040329,20040216,1,1,1,2,1,3,2,431500,427500,-4000,42,1520,3,2.5,1979,4650,0.03,12825,10901,0,251.8,459.6
1398,1,20040622,20040520,1,1,1,2,1,1,3,574000,590500,16500,33,2090,4,3.5,1981,7450,0.0235,13877,11795,0,257.6,453
1399,1,20040403,20040301,1,1,2,2,1,2,2,432500,423000,-9500,33,1720,3,2.5,1968,8200,0.023,9729,8270,0,277.4,466.6
1400,1,20040710,20040515,1,1,1,4,1,2,3,550500,518500,-32000,56,1900,3,2.5,1978,9050,0.027,14000,11900,0,244.9,459.2
1401,1,20040528,20040409,2,1,1,2,2,5,4,760000,755500,-4500,49,2090,4,3.5,2004,6500,0.022,16621,14128,0,225.9,413.2
1402,1,20040502,20040331,1,1,2,2,1,5,2,372000,381000,9000,32,1720,3,2.5,1955,4900,0.0285,10859,9230,0,284.1,472.7
1403,1,20040528,20040408,1,1,1,2,1,6,3,599500,613000,13500,50,1950,3,2.5,1959,8400,0.029,17777,15110,0,257.2,455.2
1404,1,20040601,20040426,1,1,2,4,1,5,2,398500,397500,-1000,36,1540,2,2,1969,4650,0.023,9143,7772,0,265.8,456.8
1405,1,20040508,20040326,1,1,1,4,1,2,2,408000,410000,2000,43,1450,2,2,1963,6950,0.029,11890,10107,0,222.9,442
1406,1,20041229,20041115,1,1,1,2,4,2,2,432000,426000,-6000,44,1820,3,2.5,1989,6500,0.03,12780,10863,6500,245.4,478.8
1407,1,20040915,20040730,1,1,1,4,1,3,3,437500,452000,14500,47,1950,3,2.5,1964,5650,0.0235,10622,9029,0,264.9,476.4
1408,1,20040630,20040518,1,1,2,2,1,2,2,432000,438000,6000,43,1700,2,2,1984,6100,0.023,10074,8563,0,225.9,484.8
1409,1,20041026,20040925,1,1,1,2,1,5,2,383000,384500,1500,31,1280,2,2,1968,5350,0.029500000000000002,11343,9642,0,238.4,470.4
1410,1,20040227,20040104,1,1,1,2,1,5,4,729500,734000,4500,54,2580,4,3.5,1968,9550,0.0275,20185,17157,0,254.3,439
1411,1,20040127,20031227,1,1,1,4,3,5,3,546000,536000,-10000,31,1950,2,2,1963,6600,0.0265,14204,12073,0,257.9,482.9
1412,1,20040215,20040101,3,1,1,1,1,4,3,508500,514000,5500,45,1960,3,2.5,1991,5250,0.024,12336,10486,0,484.4,421.6
1413,1,20040928,20040817,1,1,1,2,3,3,2,347500,354500,7000,42,1150,2,2,1991,2800,0.0235,8331,7081,0,229.5,461.9
1414,1,20040515,20040327,1,1,3,1,1,5,3,485000,490500,5500,49,1580,2,2,1955,5200,0.043500000000000004,21337,18136,8500,246.3,470.8
1415,1,20041019,20040911,1,1,1,9,3,5,3,518000,508500,-9500,38,2210,4,3.5,1987,9150,0.029500000000000002,15001,12751,0,257.7,479.5
1416,1,20040820,20040623,1,1,2,3,1,6,2,426000,429000,3000,58,1750,2,2,1986,5850,0.0285,12227,10393,0,258.3,462.2
1417,1,20040604,20040502,1,1,1,3,2,5,3,555500,558000,2500,33,2000,3,2.5,1973,9850,0.028,15624,13280,0,266.7,456.9
1418,1,20040327,20040224,1,1,1,5,1,1,2,388500,393000,4500,32,1650,3,2.5,1985,4300,0.0245,9629,8185,0,235.2,464.5
1419,1,20040302,20040122,1,1,1,1,1,5,3,560000,566000,6000,40,2000,3,2.5,2003,8150,0.03,16980,14433,0,241.4,483.2
1420,1,20040720,20040611,1,1,2,9,1,4,3,490000,497500,7500,39,1650,2,2,1969,4800,0.026000000000000002,12935,10995,0,238.3,455.5
1421,1,20041121,20041019,1,1,2,4,3,2,3,507500,510500,3000,33,2020,4,3.5,1970,8400,0.0275,14039,11933,0,238.5,484.2
1422,1,20040701,20040528,1,1,2,2,4,2,3,519000,517000,-2000,34,2070,3,2.5,1999,6900,0.0225,11633,9888,0,245.8,485.8
1423,1,20040914,20040804,1,1,2,5,4,5,3,565500,562000,-3500,41,1770,3,2.5,1969,7550,0.0275,15455,13137,0,221.6,485.7
1424,1,20041122,20041020,2,1,2,5,1,1,4,750000,743500,-6500,33,2150,3,2.5,2002,7000,0.026000000000000002,19331,16431,0,237.4,414.4
1425,1,20040206,20040102,1,1,2,4,4,1,3,468500,472500,4000,35,1760,2,2,2003,6050,0.029,13703,11648,0,276,451.6
1426,1,20040123,20031218,1,1,2,9,1,5,2,397500,401000,3500,36,1640,3,2.5,1980,4800,0.028,11228,9544,0,237.3,457.7
1427,1,20040726,20040604,1,1,2,2,2,2,3,491500,487500,-4000,52,1560,3,2.5,1967,3750,0.0285,13894,11810,5500,234.2,469.1
1428,1,20040808,20040621,1,1,2,2,5,5,3,567000,569500,2500,48,1960,3,2.5,1962,5950,0.023,13099,11134,0,219.9,454.5
1429,1,20040405,20040229,1,1,2,1,1,5,3,537500,524500,-13000,36,2230,3,2.5,2002,9350,0.027,14162,12038,2750,231.8,458.6
1430,1,20040624,20040509,1,1,1,2,1,1,2,424500,446000,21500,46,1500,3,2.5,1986,7350,0.026000000000000002,11596,9857,0,243.5,456.9
1431,1,20040724,20040612,1,1,2,6,2,2,3,633500,639000,5500,42,2070,4,3.5,1984,7950,0.025,15975,13579,0,251.6,458.4
1432,1,20040413,20040311,1,1,1,2,1,4,3,559500,568500,9000,33,2340,4,3.5,1962,9150,0.025,14213,12081,0,256.6,456.4
1433,1,20040604,20040502,1,1,1,2,1,1,4,664500,678500,14000,33,2100,4,3.5,1976,6200,0.029500000000000002,20016,17014,0,230.2,462
1434,1,20040602,20040420,2,1,1,6,1,1,4,745500,749500,4000,43,2510,4,3.5,2004,6050,0.0275,20611,17519,0,235.7,410.4
1435,1,20040621,20040504,1,1,1,2,2,1,3,508000,503500,-4500,48,1760,3,2.5,1969,7400,0.0285,14350,12198,0,252.4,467.7
1436,1,20040314,20040208,1,1,2,3,1,1,3,536000,531000,-5000,35,1790,3,2.5,1961,4900,0.0245,13010,11059,0,245.3,481.1
1437,1,20040316,20040130,1,1,1,2,2,2,3,548000,549000,1000,46,2230,3,2.5,1968,10050,0.0225,12353,10500,0,259.4,460
1438,1,20040801,20040628,3,1,1,2,2,4,3,534500,521000,-13500,34,2050,4,3.5,1972,9400,0.027,14067,11957,0,452.1,402.9
1439,1,20040122,20031206,1,1,2,2,3,4,3,603000,610000,7000,47,2050,3,2.5,1977,8350,0.025,15250,12963,0,242.2,478.7
1440,1,20041020,20040903,1,1,2,2,3,1,3,521500,519000,-2500,47,1880,3,2.5,1971,8750,0.028,14532,12352,9250,246.9,453.6
1441,1,20040630,20040519,1,1,2,5,1,3,3,633000,631500,-1500,42,1860,3,2.5,2000,8850,0.028,17682,15030,5250,232.5,463.2
1442,1,20040609,20040429,1,1,2,2,3,1,3,625000,635500,10500,41,2080,3,2.5,1987,5250,0.027,17159,14585,0,264.7,447.6
1443,1,20041205,20041021,1,1,2,5,3,4,3,588500,582500,-6000,45,2070,4,3.5,1965,7450,0.0235,13689,11636,9000,244.7,473
1444,1,20041012,20040906,1,1,2,2,2,4,3,455500,468000,12500,36,1640,2,2,1993,3950,0.026000000000000002,12168,10343,0,245.3,455.8
1445,1,20040301,20040118,3,1,2,2,2,3,3,595500,620500,25000,43,2120,4,3.5,1981,7700,0.029,17995,15296,0,469.7,396.6
1446,1,20040822,20040620,1,1,2,1,1,3,3,489000,482000,-7000,63,1530,3,2.5,1974,6800,0.0285,13737,11676,0,255,480.5
1447,1,20041004,20040901,1,1,3,2,3,2,3,533000,535000,2000,33,1940,3,2.5,1987,9000,0.049,26215,22283,0,253.1,485
1448,1,20040331,20040206,2,1,1,3,1,5,3,527000,534500,7500,54,1480,2,2,2004,3950,0.0225,12026,10222,0,244.8,414
1449,1,20040721,20040603,1,1,1,2,1,2,2,417500,411000,-6500,48,1620,2,2,1999,6700,0.025500000000000002,10481,8909,0,238.2,447.4
1450,1,20040219,20040101,2,1,1,6,1,5,4,713000,691500,-21500,49,2340,4,3.5,2004,9100,0.022,15213,12931,0,243.1,404.3
1451,1,20040427,20040321,1,1,2,3,2,1,2,384500,369500,-15000,37,1340,2,2,2003,5900,0.024,8868,7538,0,240.9,469.4
1452,1,20040430,20040322,1,1,1,1,1,1,3,463500,467500,4000,39,2280,4,3.5,1966,9850,0.0245,11454,9736,0,259.5,438.1
1453,1,20040505,20040227,1,1,1,2,4,2,4,667500,658500,-9000,68,2390,4,3.5,1999,11400,0.0265,17450,14833,0,272.5,445.7
1454,1,20040603,20040414,1,1,1,2,1,4,2,435000,449000,14000,50,1670,3,2.5,1994,5950,0.025500000000000002,11450,9733,0,244.1,461.5
1455,1,20040713,20040527,1,1,2,3,2,5,2,350000,350000,0,47,1350,2,2,1972,3600,0.026000000000000002,9100,7735,0,261.8,454.3
1456,1,20040525,20040410,1,1,1,2,1,5,3,482000,475500,-6500,45,1650,3,2.5,1971,5500,0.025500000000000002,12125,10306,0,270.2,490.4
1457,1,20040731,20040622,1,1,2,1,3,2,2,439500,439000,-500,39,1780,3,2.5,2002,8650,0.024,10536,8956,0,246,460.4
1458,1,20040222,20031231,1,1,1,9,1,5,3,613000,625000,12000,53,2370,3,2.5,1984,7600,0.024,15000,12750,0,269.8,443.2
1459,1,20040617,20040425,1,1,1,6,1,4,3,554500,559000,4500,53,1630,3,2.5,2000,5400,0.0245,13696,11642,0,259.9,465.7
1460,1,20041116,20041014,1,1,1,2,5,1,4,683500,665500,-18000,33,2330,4,3.5,1977,9700,0.0235,15639,13293,0,223.2,462.8
1461,1,20040410,20040217,1,1,1,2,3,4,3,547500,548000,500,53,2130,3,2.5,1971,8400,0.029500000000000002,16166,13741,7000,220.4,455.7
1462,1,20040112,20031121,1,1,1,1,1,4,4,633500,651000,17500,52,1860,4,3.5,1976,5400,0.026000000000000002,16926,14387,0,233.3,473.6
1463,1,20040617,20040511,1,1,1,2,1,5,3,470500,467000,-3500,37,1980,2,2,1973,4900,0.0245,11442,9726,0,232.8,465.5
1464,1,20040209,20031226,1,1,2,3,2,5,2,408000,415500,7500,45,1690,3,2.5,1976,4850,0.025500000000000002,10595,9006,6000,237.5,458.9
1465,1,20040729,20040622,3,1,2,2,3,5,3,568500,600000,31500,37,1990,3,2.5,2001,7450,0.026000000000000002,15600,13260,0,467.8,401.7
1466,1,20040603,20040502,1,1,1,1,1,3,3,562500,576500,14000,32,1870,3,2.5,1995,8450,0.0235,13548,11516,0,250.3,459.5
1467,1,20050922,20050830,1,1,2,7,1,1,4,755500,751000,-4500,23,2580,4,3.5,1958,7550,0.024,18024,15320,0,268.5,473.1
1468,1,20050228,20050202,1,1,2,3,6,4,3,484000,497000,13000,26,1680,3,2.5,1957,6800,0.026000000000000002,12922,10984,0,237.5,454.3
1469,1,20051107,20051014,1,1,1,3,1,3,3,636000,645000,9000,24,2160,3,2.5,1978,8800,0.025,16125,13706,0,252,459.6
1470,1,20050507,20050414,1,1,2,3,4,5,3,458000,467500,9500,23,1830,3,2.5,1964,6850,0.03,14025,11921,0,272.1,475.6
1471,1,20051015,20050913,1,1,1,3,1,5,3,532500,549000,16500,32,2120,4,3.5,1984,6550,0.0285,15647,13300,0,261.5,471.6
1472,1,20050531,20050504,3,1,1,2,2,1,3,536500,528500,-8000,27,1890,3,2.5,1981,5800,0.025,13213,11231,0,468.5,408.6
1473,1,20050710,20050615,1,1,1,5,1,2,3,538500,543500,5000,25,2100,4,3.5,1975,10400,0.023,12501,10626,0,239.4,461.3
1474,1,20050904,20050810,1,1,2,3,2,1,3,515000,516500,1500,25,1790,3,2.5,1996,7100,0.025500000000000002,13171,11195,8250,261.2,449.7
1475,1,20050331,20050304,5,1,2,5,1,2,3,504000,508000,4000,27,2180,3,2.5,1956,6450,0.0225,11430,9716,0,523,446.4
1476,1,20050411,20050316,1,1,1,1,1,5,3,636500,621500,-15000,26,1990,3,2.5,1993,5900,0.028,17402,14792,0,240.9,457.9
1477,1,20050703,20050611,1,1,1,9,1,3,3,604000,600500,-3500,22,1980,3,2.5,1967,5850,0.0235,14112,11995,0,268.4,461.6
1478,1,20050615,20050521,1,1,2,2,1,5,3,600500,614500,14000,25,2130,3,2.5,1981,8050,0.0265,16284,13841,0,261.7,465.8
1479,1,20050825,20050802,1,1,1,2,1,5,3,506000,507500,1500,23,1720,2,2,1989,4600,0.029500000000000002,14971,12725,0,241.3,456.8
1480,1,20050211,20050118,1,1,1,2,1,2,1,234500,239000,4500,24,1040,3,2.5,1962,2950,0.0235,5617,4774,0,240.3,470.5
1481,1,20050406,20050312,1,1,3,9,1,5,4,656500,661000,4500,25,2310,4,3.5,2004,9200,0.0465,30737,26126,0,252.4,467.7
1482,1,20050523,20050429,1,1,1,6,1,1,4,730500,737000,6500,24,2090,3,2.5,1964,8400,0.029500000000000002,21742,18481,10250,240.1,457.8
1483,1,20051216,20051125,1,1,2,1,6,1,3,446000,462500,16500,21,2010,3,2.5,1956,6850,0.0275,12719,10811,0,268.9,444.3
1484,1,20051025,20050913,1,1,1,3,6,4,2,358500,364500,6000,42,1260,2,2,1967,6000,0.0245,8930,7591,0,255,481.6
1485,1,20050719,20050626,1,1,3,2,1,6,3,527500,548500,21000,23,1800,3,2.5,1990,8150,0.044,24134,20514,0,248.1,443.3
1486,1,20050603,20050513,1,1,1,2,1,5,3,567000,591000,24000,21,2160,3,2.5,1975,5950,0.0235,13889,11806,0,274.2,467.6
1487,1,20050122,20041229,1,1,1,1,1,4,3,542000,557500,15500,24,2310,4,3.5,1964,8250,0.026000000000000002,14495,12321,0,220.5,430.4
1488,1,20050625,20050605,1,1,1,2,1,2,3,562500,593000,30500,20,1810,2,2,2002,8900,0.023,13639,11593,0,239.1,467
1489,1,20050708,20050529,1,1,2,3,1,5,4,803000,806500,3500,40,2480,4,3.5,1980,11400,0.026000000000000002,20969,17824,0,252.1,457.3
1490,1,20050514,20050416,3,1,1,1,1,6,3,452500,461500,9000,28,1640,3,2.5,1957,7800,0.0265,12230,10396,0,467.8,410
1491,1,20050211,20050118,1,1,2,2,1,2,3,519500,529000,9500,24,1810,3,2.5,1982,8000,0.0265,14019,11916,0,224,439.8
1492,1,20050507,20050416,1,1,2,9,1,3,3,468000,470000,2000,21,1500,3,2.5,1984,4700,0.026000000000000002,12220,10387,0,246,480
1493,1,20051217,20051115,1,1,1,1,1,6,2,418500,436000,17500,32,1780,2,2,2000,7700,0.029500000000000002,12862,10933,0,257.4,496.7
1494,1,20050611,20050511,1,1,1,3,2,5,3,516000,532500,16500,31,2300,4,3.5,1996,7550,0.0265,14111,11994,0,242.8,467.2
1495,1,20050629,20050526,1,1,2,1,1,1,4,661500,685000,23500,34,2390,4,3.5,1986,8050,0.024,16440,13974,0,244.1,476.5
1496,1,20050618,20050511,1,1,2,2,1,4,3,536500,554000,17500,38,1930,3,2.5,1956,6000,0.0265,14681,12479,0,252.9,478.1
1497,1,20050528,20050508,1,1,1,2,1,4,3,513000,526000,13000,20,1660,3,2.5,2000,6250,0.0275,14465,12295,0,235.8,454.2
1498,1,20050209,20050107,1,1,2,3,1,2,2,365000,380000,15000,33,1250,2,2,1991,3250,0.027,10260,8721,3250,264.6,474
1499,1,20050612,20050512,1,1,1,3,4,2,3,607000,611500,4500,31,1930,3,2.5,2004,8500,0.029500000000000002,18039,15333,0,248.7,458.3
1500,1,20051102,20051006,1,1,2,6,1,2,3,447500,461500,14000,27,1680,2,2,1973,6600,0.023,10615,9023,6000,267.8,430.4
1501,1,20051106,20051007,1,1,1,2,2,2,3,564500,550500,-14000,30,1840,2,2,1999,7800,0.025500000000000002,14038,11932,0,268.4,446.6
1502,1,20050418,20050325,1,1,1,1,1,2,3,435000,451000,16000,24,1860,4,3.5,1959,7100,0.023,10373,8817,0,250.8,484.9
1503,1,20050724,20050629,1,1,1,2,1,1,4,635000,669000,34000,25,2220,4,3.5,1993,9700,0.026000000000000002,17394,14785,0,244.9,468.4
1504,1,20050818,20050729,1,1,2,2,1,1,3,558000,581000,23000,20,1990,3,2.5,1999,5550,0.025500000000000002,14816,12594,0,258.6,471.4
1505,1,20050119,20041227,1,1,3,2,2,1,4,664500,681500,17000,23,1860,3,2.5,1957,7950,0.046,31349,26647,0,256.6,501.3
1506,1,20050320,20050225,1,1,1,2,1,1,3,476000,475500,-500,23,1500,3,2.5,1960,5800,0.0235,11174,9498,0,275.7,443.5
1507,1,20050925,20050828,1,1,2,3,3,1,3,586500,593500,7000,28,1880,4,3.5,1965,5350,0.029,17212,14630,0,264.3,486.7
1508,1,20050729,20050708,1,1,2,9,1,5,2,370000,386500,16500,21,1580,3,2.5,2002,7400,0.028,10822,9199,4750,258.7,459.9
1509,1,20051128,20051105,3,1,1,1,2,1,3,545000,555500,10500,23,1820,3,2.5,1988,8600,0.023,12777,10860,0,489.5,412.2
1510,1,20050705,20050608,1,1,2,1,1,2,3,556500,564000,7500,27,2030,3,2.5,1956,5200,0.0285,16074,13663,0,260.4,475
1511,1,20050124,20041221,1,1,2,3,5,5,3,612000,625000,13000,34,2180,3,2.5,1974,5750,0.028,17500,14875,0,250.3,463
1512,1,20050625,20050603,3,1,1,1,1,5,2,325000,328000,3000,22,1590,3,2.5,2001,7750,0.026000000000000002,8528,7249,0,468.4,400.4
1513,1,20050629,20050602,1,1,1,3,1,3,4,731500,769000,37500,27,2420,4,3.5,1966,10200,0.029500000000000002,22686,19283,0,251.8,451.5
1514,1,20050405,20050312,1,1,2,1,1,5,3,429000,454500,25500,24,1620,3,2.5,1981,4700,0.0245,11135,9465,0,266.7,447.7
1515,1,20050419,20050326,5,1,2,2,3,5,3,446500,466500,20000,24,1520,2,2,1991,4700,0.022,10263,8724,0,522.8,440.6
1516,1,20050409,20050309,2,1,1,1,1,2,4,765500,786000,20500,31,2390,3,2.5,2005,9150,0.027,21222,18039,0,240.4,406.6
1517,1,20050415,20050308,1,1,1,1,1,5,2,338500,350500,12000,38,1390,2,2,1962,5900,0.025500000000000002,8938,7597,0,249.4,454.9
1518,1,20051013,20050918,1,1,1,2,1,5,3,440000,464500,24500,25,1670,2,2,1978,6300,0.026000000000000002,12077,10265,0,245,456.9
1519,1,20051106,20051016,1,1,2,3,5,2,3,506000,517500,11500,21,1540,2,2,1987,7650,0.029,15008,12757,0,258.1,433.4
1520,1,20051114,20051023,1,1,3,2,3,5,3,500000,499500,-500,22,1640,2,2,1980,4350,0.044,21978,18681,0,231.4,502.3
1521,1,20050330,20050304,1,1,1,3,1,3,4,748500,763000,14500,26,2410,4,3.5,1992,7150,0.0235,17931,15241,0,227.8,433.1
1522,1,20050415,20050323,1,1,2,9,1,5,3,534500,532500,-2000,23,1630,3,2.5,1984,8150,0.0265,14111,11994,0,268.1,461.6
1523,1,20051211,20051115,1,1,1,4,1,5,3,593000,607500,14500,26,2100,3,2.5,1973,10050,0.029,17618,14975,7750,277.3,454
1524,1,20050204,20050107,1,1,1,2,1,2,4,648500,679000,30500,28,2100,3,2.5,1988,8450,0.0275,18673,15872,0,238.6,465.8
1525,1,20051201,20051104,1,1,2,3,1,5,3,483000,480000,-3000,27,1670,3,2.5,1998,5650,0.0275,13200,11220,0,242,482.1
1526,1,20051213,20051120,2,1,1,1,1,5,4,832000,830000,-2000,23,2740,4,3.5,2005,7950,0.0285,23655,20107,0,238.8,423.8
1527,1,20050529,20050502,1,1,2,1,1,6,2,380500,377000,-3500,27,1440,2,2,1963,3850,0.023,8671,7370,0,224.8,460.5
1528,1,20051030,20051003,5,1,1,1,3,1,3,472000,478500,6500,27,2070,3,2.5,2004,9800,0.0265,12680,10778,0,518.4,438.9
1529,1,20050501,20050408,1,1,1,1,1,1,3,612000,626000,14000,23,2250,3,2.5,1955,6350,0.023,14398,12238,0,247.2,454.7
1530,1,20050909,20050809,1,1,1,2,2,1,3,588000,612000,24000,31,2170,3,2.5,1955,10550,0.024,14688,12485,0,247.7,452.5
1531,1,20051120,20051018,1,1,2,4,3,4,3,484000,495500,11500,33,1880,2,2,1986,7850,0.0225,11149,9477,0,267.9,465
1532,1,20051028,20051003,1,1,2,2,3,1,3,539500,550000,10500,25,2050,4,3.5,1990,6900,0.0245,13475,11454,0,246.6,463.9
1533,1,20050624,20050518,1,1,2,5,1,3,3,530000,527500,-2500,37,1860,4,3.5,1959,8450,0.0235,12396,10537,0,242.9,456.8
1534,1,20050323,20050218,1,1,1,1,1,5,3,606500,635500,29000,33,1930,3,2.5,1991,6300,0.028,17794,15125,10500,245.1,485.7
1535,1,20050401,20050309,1,1,1,1,3,5,3,493000,486000,-7000,23,1600,2,2,1999,3850,0.025500000000000002,12393,10534,0,264.3,457.9
1536,1,20050627,20050531,1,1,1,2,1,5,3,513500,507000,-6500,27,1860,3,2.5,1994,4600,0.023,11661,9912,0,256.9,458.7
1537,1,20050823,20050801,1,1,2,2,1,2,3,439500,460500,21000,22,1650,2,2,1965,4600,0.023,10592,9003,0,251.5,466.5
1538,1,20050510,20050420,1,1,1,2,3,4,4,678500,704000,25500,20,2100,3,2.5,1956,6600,0.029,20416,17354,0,249.4,437.6
1539,1,20050531,20050511,1,1,2,1,4,5,4,681500,710000,28500,20,1900,3,2.5,1984,8350,0.024,17040,14484,0,229.4,468.8
1540,1,20050127,20050107,1,1,2,5,1,5,3,599000,617500,18500,20,2280,4,3.5,1974,9700,0.0285,17599,14959,0,247.8,470.9
1541,1,20050404,20050223,1,1,1,1,1,1,3,548500,574500,26000,40,1710,3,2.5,1957,7000,0.0225,12926,10987,0,244.9,448.9
1542,1,20050819,20050714,1,1,1,3,1,2,2,417500,418500,1000,36,2000,3,2.5,1984,6200,0.023,9626,8182,0,251.3,460.7
1543,1,20050724,20050626,2,1,1,2,1,5,4,856000,898000,42000,28,2620,5,4,2001,12250,0.027,24246,20609,0,231.8,400.5
1544,1,20050601,20050513,1,1,2,6,1,5,3,477500,492500,15000,19,1670,3,2.5,1976,5400,0.0265,13051,11093,7500,245.1,455.8
1545,1,20050111,20041220,5,1,2,1,3,5,2,434500,431500,-3000,22,1690,3,2.5,1987,5700,0.026000000000000002,11219,9536,0,520.9,450.8
1546,1,20050122,20041222,1,1,2,2,1,2,2,321000,337500,16500,31,1270,2,2,1964,4300,0.027,9113,7746,0,256.5,485.2
1547,1,20050922,20050815,1,1,1,1,1,1,3,566500,596000,29500,38,1940,4,3.5,1988,8100,0.0235,14006,11905,5250,253.6,473.5
1548,1,20051128,20051107,1,1,1,2,1,1,3,535000,530500,-4500,21,2030,4,3.5,1956,7500,0.025,13263,11274,0,243.3,454.6
1549,1,20050428,20050404,1,1,2,5,1,2,2,431500,440000,8500,24,1420,3,2.5,1989,3850,0.022,9680,8228,0,262.7,468.2
1550,1,20050711,20050621,1,1,1,8,1,5,3,545500,544500,-1000,20,1680,2,2,1996,5350,0.028,15246,12959,9000,271.3,459.4
1551,1,20050517,20050418,2,1,1,2,4,2,4,757500,802500,45000,29,2390,4,3.5,2004,6000,0.0285,22871,19440,0,238.8,425.3
1552,1,20050508,20050416,1,1,1,4,2,5,3,481500,486000,4500,22,1860,3,2.5,1992,9050,0.022,10692,9088,0,238.3,440.5
1553,1,20050911,20050815,1,1,1,2,1,5,3,562000,565500,3500,27,1720,3,2.5,1976,4850,0.0285,16117,13699,0,241.9,483.3
1554,1,20050216,20050119,1,1,2,8,4,5,3,517000,520500,3500,28,1660,4,3.5,1990,6300,0.024,12492,10618,0,263.6,433.7
1555,1,20051126,20051025,1,1,1,6,4,5,2,349500,357500,8000,32,1300,2,2,1990,5450,0.024,8580,7293,0,218.3,456.8
1556,1,20051014,20050913,1,1,3,1,2,5,3,469500,470500,1000,31,1680,3,2.5,1973,6850,0.05,23525,19996,0,252.9,467.7
1557,1,20051219,20051127,1,1,1,1,2,5,2,399000,403500,4500,22,1190,2,2,1979,4500,0.0285,11500,9775,0,259.2,461.1
1558,1,20050515,20050423,1,1,1,1,1,4,3,462500,459000,-3500,22,1690,4,3.5,1958,7600,0.028,12852,10924,0,229.2,429.7
1559,1,20050320,20050227,1,1,2,8,5,5,3,512000,537500,25500,21,1690,3,2.5,2001,6350,0.0245,13169,11194,0,254.2,486.2
1560,1,20050226,20050127,1,1,1,4,3,1,2,452000,449000,-3000,30,1840,3,2.5,1995,6700,0.0265,11899,10114,0,249,442.2
1561,1,20050323,20050223,1,1,1,3,1,5,3,636000,644000,8000,28,1910,3,2.5,1998,8100,0.0275,17710,15054,0,249.9,482.5
1562,1,20050613,20050521,3,1,1,1,1,2,4,689000,704000,15000,23,2430,4,3.5,1979,10550,0.0275,19360,16456,0,485.4,400.1
1563,1,20050716,20050621,1,1,1,2,1,1,3,531500,536000,4500,25,1900,3,2.5,1986,9050,0.022,11792,10023,0,255.1,485.1
1564,1,20051201,20051110,1,1,1,1,5,5,3,542500,547500,5000,21,1730,2,2,1995,5700,0.028,15330,13031,0,231.2,470.1
1565,1,20051205,20051115,1,1,1,4,3,2,2,379500,400000,20500,20,1480,3,2.5,1999,5000,0.026000000000000002,10400,8840,0,261,456.6
1566,1,20051214,20051106,1,1,1,1,3,2,4,647000,665000,18000,38,2150,4,3.5,2000,8850,0.026000000000000002,17290,14697,0,251.5,466.5
1567,1,20050823,20050730,1,1,1,9,1,2,3,504000,531500,27500,24,1750,2,2,1993,4650,0.028,14882,12650,0,245.3,484.6
1568,1,20050401,20050310,1,1,1,6,3,5,2,439000,444000,5000,22,1790,3,2.5,1974,5350,0.022,9768,8303,0,271.7,466.3
1569,1,20051031,20051012,1,1,3,4,1,4,3,600500,608500,8000,19,1810,2,2,1997,6650,0.045,27383,23276,0,230.2,460.8
1570,1,20050428,20050402,1,1,3,2,1,5,3,608000,624500,16500,26,2020,3,2.5,1973,9850,0.046,28727,24418,0,229.3,436.6
1571,1,20050518,20050417,1,1,2,1,1,5,3,543500,555000,11500,31,1880,4,3.5,1980,6800,0.025500000000000002,14153,12030,0,243,498.3
1572,1,20050109,20041206,1,1,1,1,1,3,3,626000,648000,22000,34,2430,4,3.5,1965,6700,0.028,18144,15422,0,253.1,464.3
1573,1,20051227,20051130,1,1,3,7,1,6,3,496000,488000,-8000,27,2240,3,2.5,1971,6950,0.045,21960,18666,0,232.4,492
1574,1,20050224,20050126,1,1,2,2,1,2,3,492000,483500,-8500,29,1530,2,2,1990,6500,0.029500000000000002,14263,12124,0,223.6,485.8
1575,1,20060417,20060329,1,1,2,3,1,5,2,404000,414500,10500,19,1310,2,2,1979,5400,0.0235,9741,8280,0,230.9,468.9
1576,1,20060402,20060313,1,1,2,2,4,5,3,552500,566500,14000,20,2030,3,2.5,1956,5300,0.023,13030,11076,0,230.1,444.7
1577,1,20060731,20060703,1,1,2,2,3,5,2,427500,430500,3000,28,1500,3,2.5,1955,6950,0.029500000000000002,12700,10795,0,261.4,454.3
1578,1,20060712,20060611,1,1,1,5,1,4,3,492500,504000,11500,31,1640,4,3.5,1958,6400,0.029500000000000002,14868,12638,0,236.9,491.1
1579,1,20060624,20060603,1,1,2,2,1,5,2,438500,447500,9000,21,1780,3,2.5,1964,7700,0.024,10740,9129,0,249.4,483.6
1580,1,20060320,20060226,1,1,1,7,1,2,3,639000,646500,7500,22,2100,3,2.5,1994,8250,0.0265,17132,14562,0,260,466.9
1581,1,20060819,20060730,1,1,2,2,2,4,4,725000,735000,10000,20,1770,4,3.5,1986,7800,0.022,16170,13745,11750,230.1,466.6
1582,1,20060212,20060108,1,1,1,4,1,1,3,512500,537000,24500,35,1690,2,2,1963,8400,0.0245,13157,11183,5250,234,450.6
1583,1,20060606,20060511,1,1,1,3,1,2,4,695500,692000,-3500,26,2310,4,3.5,1993,6550,0.026000000000000002,17992,15293,4000,230.3,445.8
1584,1,20060620,20060528,5,1,3,1,1,4,3,515500,539500,24000,23,2090,4,3.5,1975,8600,0.0475,25626,21782,0,513.6,447.6
1585,1,20060903,20060803,2,1,1,2,1,5,4,865000,897500,32500,31,2510,3,2.5,2006,6200,0.029500000000000002,26476,22505,0,231.7,404.7
1586,1,20060531,20060429,1,1,2,1,1,6,3,472500,502500,30000,32,1770,3,2.5,1986,8550,0.029500000000000002,14824,12600,0,228.9,486.1
1587,1,20060629,20060529,1,1,1,2,1,1,3,615000,609000,-6000,31,1860,4,3.5,1993,7250,0.027,16443,13977,3250,246.3,446.6
1588,1,20060624,20060524,1,1,1,4,4,2,3,596500,612500,16000,31,1980,3,2.5,1977,7350,0.028,17150,14578,0,244.3,440.8
1589,1,20060717,20060623,1,1,1,1,1,1,3,541000,570500,29500,24,2140,3,2.5,1962,10300,0.0265,15118,12850,0,254.6,456.3
1590,1,20060330,20060223,1,1,1,3,1,2,4,740000,770000,30000,35,2360,5,4,1988,8000,0.029,22330,18981,7000,282.3,481.8
1591,1,20060524,20060415,1,1,1,3,1,2,3,583500,585000,1500,39,1890,4,3.5,1985,8950,0.023,13455,11437,0,228.2,468.8
1592,1,20060101,20051208,2,1,2,3,1,3,4,684500,708500,24000,24,2000,3,2.5,2006,5400,0.025,17713,15056,0,253.6,410.4
1593,1,20060805,20060717,1,1,1,6,1,5,3,522500,520500,-2000,19,1880,3,2.5,1981,4950,0.025500000000000002,13273,11282,0,234.1,449.5
1594,1,20061127,20061107,1,1,1,2,1,2,3,453500,470000,16500,20,1440,3,2.5,1970,6900,0.0245,11515,9788,0,239.2,461.3
1595,1,20061024,20060927,1,1,1,3,1,2,3,543000,553000,10000,27,1870,3,2.5,2003,7350,0.03,16590,14102,0,237.8,473.9
1596,1,20061231,20061210,1,1,2,2,1,5,4,628500,659000,30500,21,2070,3,2.5,1996,5600,0.023,15157,12883,0,277.6,450.5
1597,1,20060619,20060521,1,1,2,2,2,1,4,662000,674000,12000,29,2220,3,2.5,1967,6250,0.022,14828,12604,0,263,462.4
1598,1,20060508,20060418,1,1,2,1,1,5,3,589500,616000,26500,20,2010,3,2.5,1983,8250,0.0285,17556,14923,0,243.2,487.9
1599,1,20060416,20060305,1,1,1,1,1,2,4,783000,818500,35500,42,2240,4,3.5,1999,10750,0.0235,19235,16350,0,258.1,454.1
1600,1,20061211,20061114,1,1,1,4,1,2,3,620500,622500,2000,27,1930,4,3.5,1961,5150,0.022,13695,11641,0,242.8,467.2
1601,1,20060411,20060322,1,1,1,3,1,4,3,494000,505000,11000,20,1840,3,2.5,1960,4950,0.0265,13383,11376,0,233.4,440.2
1602,1,20060308,20060215,1,1,1,3,4,2,2,324500,327000,2500,21,1160,2,2,1960,5200,0.0235,7685,6532,4250,241.3,452.1
1603,1,20060511,20060421,1,1,1,6,1,5,3,589000,599500,10500,20,1960,3,2.5,1966,7950,0.026000000000000002,15587,13249,0,270.2,480.1
1604,1,20061206,20061105,1,1,1,2,1,1,3,575500,584500,9000,31,1960,3,2.5,2000,5650,0.0275,16074,13663,0,260.7,470.4
1605,1,20060312,20060219,1,1,1,2,3,4,3,528500,538500,10000,21,1590,2,2,1991,4200,0.0285,15347,13045,0,258.8,443.8
1606,1,20060520,20060415,5,1,2,1,1,3,3,554000,559500,5500,35,2010,3,2.5,1980,5300,0.027,15107,12841,7500,532.6,443
1607,1,20060709,20060606,1,1,2,4,1,5,2,386500,399000,12500,33,1320,2,2,1979,4200,0.0225,8978,7631,0,237.6,455.4
1608,1,20060306,20060210,1,1,1,2,3,2,4,699000,706000,7000,24,2190,3,2.5,1960,5600,0.024,16944,14402,0,223.4,472
1609,1,20060322,20060224,2,1,3,1,1,5,4,867000,867000,0,26,2570,4,3.5,2006,12800,0.0465,40316,34269,8250,241.3,421.5
1610,1,20060414,20060324,1,1,1,1,1,2,3,584000,607000,23000,21,1990,3,2.5,1989,9100,0.027,16389,13931,0,231.4,456.3
1611,1,20060805,20060701,1,1,2,8,6,1,2,361500,371000,9500,35,1310,2,2,1978,5600,0.028,10388,8830,0,268.7,442
1612,1,20060413,20060324,1,1,3,2,4,1,3,525500,533500,8000,20,1630,3,2.5,1989,6000,0.046,24541,20860,0,228.1,437.7
1613,1,20061109,20061011,1,1,2,5,3,2,3,573500,580500,7000,29,1740,2,2,1988,4400,0.0275,15964,13569,0,236.6,466.9
1614,1,20060324,20060226,1,1,1,2,4,2,2,359000,377500,18500,26,1570,2,2,1964,5800,0.027,10193,8664,0,247.3,430.6
1615,1,20061104,20061014,1,1,1,6,1,1,3,531000,556500,25500,21,1740,2,2,1998,4500,0.029,16139,13718,0,240.3,453.3
1616,1,20060302,20060130,1,1,1,2,3,5,3,634500,628000,-6500,31,2140,3,2.5,1991,6750,0.0235,14758,12544,11250,238.7,484.3
1617,1,20060206,20060106,1,1,1,3,1,1,4,650000,684000,34000,31,2250,4,3.5,1994,9600,0.0245,16758,14244,12000,237.4,483
1618,1,20060815,20060722,1,1,2,6,1,1,3,441500,459000,17500,24,1340,2,2,1982,3700,0.028,12852,10924,0,259.2,448.4
1619,1,20060626,20060602,1,1,1,3,1,3,3,487000,488500,1500,24,1800,3,2.5,1964,7500,0.027,13190,11212,0,228.5,463
1620,1,20061125,20061016,1,1,1,2,1,4,3,545500,541000,-4500,40,1620,2,2,1964,5900,0.0235,12714,10807,0,244.6,468.4
1621,1,20060918,20060826,3,1,1,1,1,1,4,667500,682000,14500,23,2090,4,3.5,1960,8600,0.028,19096,16232,0,477.9,397.1
1622,1,20060206,20060112,1,1,1,9,2,5,4,688500,680000,-8500,25,1850,4,3.5,1959,5550,0.025,17000,14450,0,261,427.8
1623,1,20060509,20060418,1,1,1,4,3,2,4,647500,655000,7500,21,2030,2,2,1965,8750,0.0245,16048,13641,0,243.1,453.4
1624,1,20060424,20060321,1,1,1,2,1,2,4,645000,680500,35500,34,1850,2,2,2001,8400,0.0245,16672,14171,0,234.9,450.7
1625,1,20060429,20060409,1,1,1,3,1,5,3,589500,590500,1000,20,1990,2,2,1959,9000,0.029,17125,14556,0,241.8,468.3
1626,1,20061008,20060909,2,1,1,5,1,2,4,785500,809000,23500,29,2500,5,4,2003,7500,0.025,20225,17191,11500,238.8,401.2
1627,1,20060910,20060810,1,1,2,3,2,2,3,613000,629500,16500,31,2060,3,2.5,1990,6000,0.025,15738,13377,0,251.3,461.9
1628,1,20060911,20060820,1,1,1,2,2,2,3,570500,552000,-18500,22,1870,3,2.5,1988,7650,0.0245,13524,11495,0,247,491.6
1629,1,20060123,20060102,1,1,2,4,4,4,3,620500,635500,15000,21,1990,4,3.5,2000,8300,0.0245,15570,13235,0,261.4,475
1630,1,20060706,20060615,3,1,1,2,1,1,3,550000,570500,20500,21,1860,3,2.5,2000,8650,0.029500000000000002,16830,14306,0,481.8,389.2
1631,1,20061202,20061107,1,1,1,2,1,5,3,526000,546000,20000,25,1830,2,2,1987,7700,0.029500000000000002,16107,13691,0,252.3,456.2
1632,1,20061112,20061015,1,1,1,2,2,5,3,458500,468500,10000,28,1760,3,2.5,1957,5300,0.0275,12884,10951,0,240.1,449.8
1633,1,20060508,20060414,1,1,1,2,1,1,3,604000,617500,13500,24,2110,3,2.5,1975,10150,0.0275,16981,14434,0,261.7,467
1634,1,20060519,20060422,1,1,2,2,1,5,2,435500,442000,6500,27,1330,2,2,1996,5250,0.024,10608,9017,0,230.1,482.7
1635,1,20061009,20060825,1,1,1,2,2,2,3,615500,635500,20000,45,1860,2,2,1967,8900,0.029,18430,15666,0,271.8,456
1636,1,20061031,20061003,1,1,2,3,3,6,3,623000,618000,-5000,28,2020,4,3.5,2002,9100,0.028,17304,14708,0,255.3,480.5
1637,1,20060304,20060207,1,1,1,3,1,5,3,448000,454500,6500,25,1590,3,2.5,1965,7500,0.023,10454,8886,0,264.6,470.6
1638,1,20060816,20060718,1,1,1,2,1,2,4,738000,749500,11500,29,2020,4,3.5,1961,8250,0.026000000000000002,19487,16564,0,218,440.6
1639,1,20060428,20060328,1,1,1,4,4,2,3,471500,465000,-6500,31,1630,2,2,1998,4300,0.029,13485,11462,0,263.1,441.7
1640,1,20060416,20060323,5,1,1,2,5,2,3,475500,471500,-4000,24,1760,2,2,1965,5250,0.024,11316,9619,0,523.2,425.6
1641,1,20060313,20060221,2,1,2,3,4,6,4,767500,764500,-3000,20,2400,3,2.5,2006,7900,0.025,19113,16246,0,234.8,416.8
1642,1,20060509,20060418,1,1,3,1,1,5,3,636500,642500,6000,21,1650,2,2,1955,7600,0.0475,30519,25941,0,242.8,469.5
1643,1,20060403,20060314,1,1,1,1,5,5,3,511500,527500,16000,20,1660,3,2.5,1956,7600,0.0245,12924,10985,0,248.3,487
1644,1,20061020,20060913,1,1,1,9,3,5,3,520500,538000,17500,37,2020,4,3.5,1975,6300,0.029,15602,13262,0,240.9,474
1645,1,20060716,20060625,1,1,2,3,5,5,2,382000,390500,8500,21,1210,2,2,1975,4150,0.022,8591,7302,0,273.1,475.6
1646,1,20060705,20060601,2,1,1,1,1,2,4,863500,850000,-13500,34,2360,4,3.5,2006,11500,0.0235,19975,16979,0,238.9,418.3
1647,1,20060704,20060531,1,1,2,2,3,2,4,743000,767000,24000,34,2400,4,3.5,1992,10700,0.025500000000000002,19559,16625,0,246.4,461.6
1648,1,20060725,20060623,1,1,2,9,1,2,2,269000,281000,12000,32,1050,2,2,1983,2700,0.025,7025,5971,0,253.5,434.3
1649,1,20060126,20051217,1,1,2,3,1,3,3,579500,589000,9500,40,1930,3,2.5,1989,7050,0.0285,16787,14269,0,274.1,473.4
1650,1,20060113,20051218,1,1,1,1,1,5,4,735000,751000,16000,26,2060,3,2.5,1997,9050,0.0225,16898,14363,0,249.9,458.3
1651,1,20061208,20061119,1,1,2,2,5,2,3,576000,568000,-8000,19,1960,2,2,1995,8600,0.0245,13916,11829,4500,248.2,468.6
1652,1,20060424,20060331,1,1,3,2,1,2,3,520500,512500,-8000,24,1670,2,2,1982,7850,0.049,25113,21346,0,253.5,487.3
1653,1,20061121,20061021,1,1,2,1,2,5,4,660000,678500,18500,31,2190,3,2.5,1968,6300,0.023,15606,13265,0,273.2,452.6
1654,1,20060523,20060502,1,1,1,2,1,1,3,468500,489000,20500,21,1600,2,2,1967,4100,0.03,14670,12470,0,227.8,451.5
1655,1,20060426,20060405,1,1,1,3,3,1,4,656000,674500,18500,21,1910,3,2.5,1959,5850,0.026000000000000002,17537,14906,0,248,457.1
1656,1,20060307,20060214,1,1,1,2,2,5,4,657000,684500,27500,21,2350,5,4,1995,9450,0.025500000000000002,17455,14837,0,244.4,456.9
1657,1,20061003,20060904,3,1,2,1,1,6,3,577500,584000,6500,29,1990,4,3.5,1999,7850,0.0245,14308,12162,0,487.8,401.9
1658,1,20060606,20060512,1,1,3,6,6,2,3,586000,609000,23000,25,1970,3,2.5,1971,6050,0.048,29232,24847,9000,219.1,446.4
1659,1,20060409,20060318,1,1,1,1,1,2,3,561000,546500,-14500,22,1700,3,2.5,1996,7100,0.028,15302,13007,0,265.9,479.9
1660,1,20060809,20060720,1,1,1,2,2,2,4,669000,688000,19000,20,2160,4,3.5,1986,5550,0.026000000000000002,17888,15205,0,253.8,486.2
1661,1,20061225,20061127,1,1,1,1,2,1,3,469500,473500,4000,28,1400,2,2,1986,5400,0.025500000000000002,12074,10263,0,239.7,446.3
1662,1,20060215,20060124,1,1,2,1,2,1,4,670500,683500,13000,22,2160,4,3.5,1993,10150,0.0225,15379,13072,0,244.7,478.8
1663,1,20060507,20060413,2,1,2,4,1,5,4,827500,851000,23500,24,2960,5,4,2002,7650,0.023,19573,16637,0,231.4,412.9
1664,1,20060527,20060506,1,1,2,1,3,2,2,348000,364000,16000,21,1290,2,2,1961,5600,0.029,10556,8973,0,242.8,445.3
1665,1,20060327,20060307,1,1,1,4,2,3,3,605000,615000,10000,20,1950,2,2,1993,4700,0.0275,16913,14376,0,264.9,485.6
1666,1,20061211,20061112,1,1,1,3,1,5,3,475500,490000,14500,29,1370,2,2,1991,5950,0.0275,13475,11454,5000,234.4,471.4
1667,1,20061020,20060920,1,1,3,4,3,4,3,557000,558000,1000,30,2010,2,2,1991,7850,0.0475,26505,22529,0,229.3,468.8
1668,1,20070703,20070605,5,1,2,8,1,2,3,512000,527500,15500,28,2290,3,2.5,1992,8700,0.023,12133,10313,0,520.4,433.4
1669,1,20070825,20070720,1,1,3,7,1,4,2,402500,416000,13500,36,1700,2,2,1963,7000,0.045,18720,15912,2500,251.2,464.2
1670,1,20070320,20070301,1,1,1,9,4,1,2,411500,408000,-3500,19,1550,3,2.5,1979,6200,0.029500000000000002,12036,10231,0,257.9,433.4
1671,1,20070605,20070514,1,1,1,1,2,1,3,505000,501000,-4000,22,1970,3,2.5,1985,8750,0.025500000000000002,12776,10860,0,272.9,480.2
1672,1,20070717,20070619,1,1,1,2,1,5,2,390500,411500,21000,28,1920,3,2.5,2004,6450,0.029500000000000002,12139,10318,0,259.8,438.1
1673,1,20070505,20070406,1,1,3,9,1,2,3,474000,499500,25500,29,2150,4,3.5,1960,9500,0.0485,24226,20592,0,264.9,471.8
1674,1,20070223,20070122,1,1,1,2,2,2,3,595500,614000,18500,32,2230,3,2.5,1982,9500,0.0235,14429,12265,0,262.3,459
1675,1,20070326,20070220,1,1,1,2,5,5,4,728000,751000,23000,34,2420,4,3.5,1971,11500,0.0265,19902,16917,7750,264.4,448.7
1676,1,20070410,20070309,1,1,2,2,3,1,3,532500,553000,20500,32,2010,3,2.5,1989,7350,0.022,12166,10341,0,239.5,461.3
1677,1,20070505,20070415,1,1,2,1,1,3,3,554000,556000,2000,20,2140,3,2.5,1957,7900,0.0245,13622,11579,0,244.3,453.5
1678,1,20070929,20070829,5,1,1,3,1,1,3,448000,454000,6000,31,2070,3,2.5,1975,9850,0.024,10896,9262,0,518.9,445.9
1679,1,20070918,20070830,1,1,2,6,4,5,2,394000,397500,3500,19,1380,2,2,1962,5350,0.0245,9739,8278,6000,250.7,480.3
1680,1,20070630,20070609,1,1,1,1,1,1,2,350500,364500,14000,21,1350,2,2,1978,5300,0.025,9113,7746,0,264.6,476.3
1681,1,20070817,20070721,1,1,1,1,1,5,3,462000,476000,14000,27,2230,4,3.5,2003,5950,0.0245,11662,9913,0,269.8,447.8
1682,1,20070527,20070506,3,1,1,8,1,2,3,459000,460000,1000,21,1720,2,2,2006,7000,0.029,13340,11339,0,460.6,417.5
1683,1,20070906,20070811,3,1,1,2,2,1,3,544000,567000,23000,26,2060,3,2.5,1983,7500,0.023,13041,11085,0,468.6,421.6
1684,1,20070520,20070422,1,1,1,2,1,2,3,439500,461500,22000,28,1970,3,2.5,1984,9250,0.029,13384,11376,0,228.7,458.4
1685,1,20070405,20070315,1,1,1,5,1,2,3,457500,460000,2500,21,1750,3,2.5,1988,6000,0.025500000000000002,11730,9971,3750,261.2,457.8
1686,1,20070305,20070205,1,1,3,5,4,2,3,462000,470500,8500,28,1810,3,2.5,1994,5250,0.047,22114,18797,0,257.8,457.6
1687,1,20071103,20071014,1,1,1,1,1,2,2,417000,419000,2000,20,1880,4,3.5,1960,6500,0.026000000000000002,10894,9260,0,254.5,442.4
1688,1,20070128,20070108,1,1,2,2,2,5,3,571000,574000,3000,20,1980,3,2.5,1972,5850,0.0225,12915,10978,0,221.9,466.1
1689,1,20071222,20071202,3,1,1,2,1,3,2,441000,446000,5000,20,2540,4,3.5,1967,11600,0.025,11150,9478,0,475.6,398.8
1690,1,20070610,20070518,1,1,2,9,1,3,2,423000,428000,5000,23,2040,3,2.5,1962,7150,0.023,9844,8367,0,259.8,478.4
1691,1,20070715,20070620,3,1,2,5,1,1,3,556000,571500,15500,25,2330,3,2.5,2003,8400,0.028,16002,13602,0,473.4,413.4
1692,1,20070817,20070723,1,1,3,2,1,5,3,495500,497000,1500,25,1770,3,2.5,1974,8450,0.051000000000000004,25347,21545,0,232.5,466.7
1693,1,20070728,20070630,1,1,1,3,1,5,3,486000,500000,14000,28,1790,2,2,1989,6300,0.029,14500,12325,0,267,476.5
1694,1,20070405,20070313,1,1,1,9,1,5,2,433000,445000,12000,23,1630,3,2.5,1986,6250,0.028,12460,10591,0,268.6,471.9
1695,1,20071030,20070920,1,1,1,2,3,1,3,462000,451500,-10500,40,1720,3,2.5,1963,6150,0.025,11288,9595,0,255.8,490.9
1696,1,20070912,20070810,1,1,1,2,1,1,2,402500,425500,23000,33,1680,3,2.5,1982,4450,0.024,10212,8680,0,253.5,466.6
1697,1,20070312,20070213,1,1,2,2,5,2,3,481500,481000,-500,27,1820,3,2.5,1969,5550,0.0225,10823,9200,0,233.8,447.2
1698,1,20070615,20070524,1,1,2,3,1,1,3,435500,451500,16000,22,1820,3,2.5,1973,8100,0.0285,12868,10938,0,240.6,469.4
1699,1,20071119,20071028,1,1,1,5,1,2,3,476500,495500,19000,22,1820,2,2,1990,5250,0.0245,12140,10319,0,268.7,454.7
1700,1,20070520,20070418,1,1,3,1,1,2,3,517500,523000,5500,32,1890,3,2.5,1960,7050,0.046,24058,20449,0,243.8,458
1701,1,20071227,20071127,1,1,2,4,1,5,3,572000,593000,21000,30,2350,4,3.5,1984,10450,0.025500000000000002,15122,12854,0,256.9,492.1
1702,1,20070302,20070206,2,1,1,1,2,6,5,879000,900000,21000,24,2750,4,3.5,2006,11000,0.022,19800,16830,0,236.8,398.4
1703,1,20071102,20071007,1,1,1,6,2,5,3,519000,521500,2500,26,1830,3,2.5,2002,8500,0.0265,13820,11747,8750,226.9,453.7
1704,1,20070228,20070202,1,1,2,2,1,1,3,557500,568000,10500,26,2210,4,3.5,1994,6350,0.028,15904,13518,0,254,458.5
1705,1,20071129,20071029,2,1,1,2,1,2,4,874000,892000,18000,31,2760,3,2.5,2007,12250,0.0275,24530,20851,0,239.5,421.5
1706,1,20070224,20070204,1,1,2,1,1,4,3,587500,591000,3500,20,2400,4,3.5,1982,8200,0.0235,13889,11806,0,235.4,468
1707,1,20070524,20070504,1,1,1,2,1,1,3,618000,645000,27000,20,2280,3,2.5,1967,9900,0.0265,17093,14529,0,245.4,453.5
1708,1,20070201,20070106,1,1,2,2,1,1,3,447500,459500,12000,26,1620,3,2.5,1996,6600,0.025,11488,9765,0,224.2,465.1
1709,1,20070415,20070326,1,1,2,2,2,1,2,417500,421000,3500,20,1470,3,2.5,1960,6500,0.025,10525,8946,0,246,486.9
1710,1,20070406,20070313,2,1,2,3,4,1,4,675500,691000,15500,24,2140,3,2.5,2007,5750,0.029,20039,17033,0,233.9,410.5
1711,1,20070716,20070624,1,1,1,1,4,5,2,407000,423500,16500,22,1580,2,2,1964,6750,0.0285,12070,10260,0,261.8,457.8
1712,1,20071226,20071130,1,1,2,2,1,5,2,434000,449500,15500,26,1870,4,3.5,1963,8750,0.0265,11912,10125,0,257,465.6
1713,1,20070404,20070307,1,1,1,3,1,2,3,516000,525500,9500,28,2080,4,3.5,1971,9400,0.0245,12875,10944,0,239.6,450.9
1714,1,20070106,20061210,1,1,1,3,1,1,2,370500,387500,17000,27,1490,2,2,1979,5150,0.0265,10269,8729,0,249.6,483.7
1715,1,20070119,20061219,2,1,2,9,2,1,4,804000,838000,34000,31,2860,5,4,2001,7700,0.0265,22207,18876,3750,244.3,413.7
1716,1,20070328,20070225,1,1,2,3,2,5,2,345000,354500,9500,31,1680,2,2,1995,8150,0.0245,8685,7382,0,229,466.5
1717,1,20070623,20070528,5,1,1,1,3,1,2,422000,435500,13500,26,1650,3,2.5,2001,6500,0.026000000000000002,11323,9625,0,519.9,462.3
1718,1,20070322,20070223,1,1,2,4,1,1,3,578500,596000,17500,27,1930,3,2.5,1995,8750,0.025,14900,12665,0,267.8,455.8
1719,1,20070212,20070108,1,1,2,3,1,5,3,498000,513500,15500,35,1810,3,2.5,1959,4550,0.027,13865,11785,4500,249.5,472.1
1720,1,20070518,20070420,1,1,2,4,3,1,2,363000,375000,12000,28,1640,3,2.5,1996,7250,0.026000000000000002,9750,8288,0,273.1,471
1721,1,20070419,20070323,1,1,1,1,1,2,3,495500,505000,9500,27,2200,3,2.5,1983,10250,0.0285,14393,12234,0,240.5,451
1722,1,20070710,20070609,1,1,2,3,1,1,3,555500,561000,5500,31,2160,2,2,1976,7700,0.029,16269,13829,0,241.8,472.9
1723,1,20070815,20070716,1,1,2,2,6,3,3,583500,595000,11500,30,2140,4,3.5,1977,10050,0.023,13685,11632,0,248.6,490.5
1724,1,20070411,20070302,1,1,2,2,1,2,2,399500,410000,10500,40,1410,3,2.5,1965,7000,0.029500000000000002,12095,10281,0,246.8,460.5
1725,1,20070419,20070317,1,1,1,3,2,1,3,581000,595000,14000,33,2250,4,3.5,1971,11000,0.03,17850,15173,0,225.9,469.8
1726,1,20070719,20070608,1,1,1,1,1,5,2,376000,373000,-3000,41,1460,2,2,1969,3850,0.029500000000000002,11004,9353,0,267.5,427
1727,1,20070611,20070513,1,1,2,8,3,5,3,487000,493000,6000,29,1420,3,2.5,1970,4500,0.026000000000000002,12818,10895,0,269.5,457
1728,1,20070803,20070629,1,1,1,8,1,4,3,561500,588000,26500,35,2090,3,2.5,1957,9000,0.0265,15582,13245,0,245.7,470.8
1729,1,20070528,20070503,1,1,1,1,4,2,3,453500,464500,11000,25,1740,2,2,2001,5450,0.03,13935,11845,0,246.4,490.4
1730,1,20070324,20070217,1,1,2,4,3,5,2,390000,405500,15500,35,1470,2,2,1967,6400,0.0265,10746,9134,0,266.2,458
1731,1,20070926,20070905,1,1,2,1,1,2,3,560500,578000,17500,21,2180,4,3.5,1958,5350,0.0245,14161,12037,0,268.8,469.6
1732,1,20070117,20061228,1,1,1,4,1,5,3,455500,459000,3500,20,1690,3,2.5,1976,5100,0.023,10557,8973,0,242,452.2
1733,1,20070108,20061205,1,1,2,6,1,4,3,551500,553500,2000,34,2000,3,2.5,1974,7600,0.022,12177,10350,0,266.5,493.7
1734,1,20070713,20070622,1,1,1,2,3,2,3,531500,553500,22000,21,2310,4,3.5,1976,7100,0.025500000000000002,14114,11997,0,246.5,480
1735,1,20070507,20070406,3,1,1,1,5,5,2,356500,357500,1000,31,1880,4,3.5,1999,5650,0.028,10010,8509,0,473.1,405.2
1736,1,20070131,20061229,1,1,2,1,1,5,3,512000,524000,12000,33,2250,3,2.5,1967,9400,0.024,12576,10690,0,235.4,480.6
1737,1,20070906,20070813,1,1,1,2,1,5,3,506500,503500,-3000,24,2040,4,3.5,1977,8300,0.029,14602,12412,0,258.3,470.3
1738,1,20070128,20070105,1,1,2,3,4,1,2,309000,315000,6000,23,1550,2,2,1965,7400,0.025,7875,6694,0,232.6,478.2
1739,1,20070630,20070609,1,1,3,6,3,2,2,353500,364500,11000,21,1470,4,3.5,1993,4500,0.046,16767,14252,0,223.2,483.5
1740,1,20070430,20070312,1,1,1,4,4,1,3,483500,504000,20500,49,1820,3,2.5,1976,8750,0.0225,11340,9639,0,265.9,491.4
1741,1,20070928,20070902,1,1,1,8,1,5,2,415000,430500,15500,26,1610,2,2,1984,6350,0.0285,12269,10429,0,242.3,453.3
1742,1,20070502,20070326,3,1,1,2,1,5,2,431500,445000,13500,37,1770,3,2.5,1981,8450,0.0245,10903,9268,0,478.1,406.5
1743,1,20070918,20070827,1,1,3,6,3,5,2,383500,386500,3000,22,1690,2,2,1978,6200,0.0485,18745,15933,0,253.2,465.4
1744,1,20070506,20070410,1,1,1,1,1,2,3,482500,491000,8500,26,1820,3,2.5,1974,7950,0.023,11293,9599,0,254.5,448.2
1745,1,20070403,20070211,1,1,1,4,4,1,3,554000,554000,0,51,1910,4,3.5,1994,9350,0.03,16620,14127,0,262.4,440.5
1746,1,20071114,20071020,1,1,1,1,1,1,3,551500,558500,7000,25,2030,2,2,1991,8350,0.029500000000000002,16476,14005,0,235.8,464.5
1747,1,20070706,20070603,1,1,1,2,1,3,2,368500,385500,17000,33,1770,4,3.5,1957,5750,0.0225,8674,7373,0,248.5,450.2
1748,1,20070428,20070325,3,1,2,8,1,5,3,487000,492500,5500,34,1860,3,2.5,1987,6300,0.029500000000000002,14529,12350,0,463.9,407.3
1749,1,20070924,20070831,1,1,2,2,2,4,2,381500,385000,3500,24,1660,3,2.5,1975,4950,0.024,9240,7854,0,236.6,450.8
1750,1,20070504,20070408,1,1,1,2,1,2,3,612000,620500,8500,26,2320,4,3.5,2002,11450,0.029500000000000002,18305,15559,0,243.3,439.6
1751,1,20070617,20070522,1,1,2,2,4,2,1,191000,199000,8000,26,1210,2,2,1972,4200,0.0265,5274,4483,0,246.2,474.3
1752,1,20070202,20070110,1,1,2,2,1,5,2,388500,399000,10500,23,1430,3,2.5,1997,4200,0.0235,9377,7970,0,265,472.9
1753,1,20070130,20070103,1,1,1,1,6,1,2,354000,366000,12000,27,1390,2,2,1997,5100,0.025500000000000002,9333,7933,0,228.9,436.6
1754,1,20070725,20070616,1,1,1,1,1,2,3,521000,540000,19000,39,2060,3,2.5,1960,5200,0.029500000000000002,15930,13541,0,261.2,464.7
1755,1,20070807,20070707,1,1,1,5,3,2,3,491500,501500,10000,31,1920,3,2.5,1973,7800,0.0275,13791,11722,0,264,446.4
1756,1,20070302,20070202,1,1,1,2,4,1,3,481500,478000,-3500,28,1880,3,2.5,1967,8150,0.024,11472,9751,0,243.7,445.4
1757,1,20070828,20070802,1,1,3,2,2,5,3,482000,502500,20500,26,2090,4,3.5,1970,8650,0.045,22613,19221,5750,252.2,463.1
1758,1,20070514,20070423,1,1,1,2,3,5,2,426500,436000,9500,21,1660,2,2,1984,6900,0.025,10900,9265,0,266.8,477.6
1759,1,20070827,20070723,1,1,1,2,1,3,3,577500,601500,24000,35,2140,4,3.5,1988,10550,0.025500000000000002,15338,13037,0,261.7,452
1760,1,20081008,20080609,1,1,2,2,2,5,2,306000,287000,-19000,121,1260,2,2,1959,5550,0.0245,7032,5977,2000,221.7,469.6
1761,1,20080405,20071204,3,1,2,7,1,5,2,394000,374500,-19500,123,1670,2,2,2002,4200,0.027,10112,8595,6000,467.2,412.5
1762,1,20080502,20080109,1,1,2,3,1,3,2,358000,342000,-16000,114,1710,3,2.5,1955,6800,0.029,9918,8430,0,243.3,462.6
1763,1,20080229,20071007,1,1,1,2,1,1,3,572500,555500,-17000,145,2320,4,3.5,1998,9100,0.029500000000000002,16387,13929,0,262.8,464.7
1764,1,20081219,20080728,1,1,1,2,1,2,3,498500,479500,-19000,144,2120,3,2.5,1974,7100,0.027,12947,11005,0,263.7,453.3
1765,1,20080304,20071126,2,1,1,6,1,1,3,558500,523500,-35000,99,2300,3,2.5,2008,8300,0.026000000000000002,13611,11569,0,243.2,407.2
1766,1,20080203,20071011,1,1,2,2,1,2,2,333500,311500,-22000,115,1450,2,2,1975,6200,0.029,9034,7679,0,239.6,471.6
1767,1,20080828,20080508,3,1,1,1,5,3,2,389000,358500,-30500,112,2130,3,2.5,1989,5900,0.0275,9859,8380,0,465.3,396.4
1768,1,20080502,20080107,1,1,1,1,1,2,3,498000,455000,-43000,116,2230,3,2.5,1959,10250,0.0265,12058,10249,7500,244.7,466.1
1769,1,20080221,20071024,2,1,2,2,2,2,3,636500,595000,-41500,120,2620,5,4,2008,10350,0.022,13090,11127,10000,241.1,397.2
1770,1,20080606,20080210,1,1,2,1,1,5,2,429000,419000,-10000,117,1970,3,2.5,1962,9850,0.0265,11104,9438,0,250.6,491.8
1771,1,20081018,20080618,1,1,1,1,1,4,3,508500,470000,-38500,122,2100,4,3.5,1986,8250,0.027,12690,10787,6250,245.8,450.1
1772,1,20081204,20080815,1,1,1,2,1,3,3,604000,572500,-31500,111,2420,4,3.5,1974,9550,0.029500000000000002,16889,14356,9250,260.6,468.1
1773,1,20080425,20071219,1,1,1,2,3,5,3,476000,458500,-17500,128,2170,4,3.5,1962,9400,0.0285,13067,11107,0,247.9,469.8
1774,1,20080612,20080310,1,1,1,5,3,2,2,400500,365500,-35000,94,1820,4,3.5,1989,5250,0.029500000000000002,10782,9165,4750,283.4,447.3
1775,1,20081202,20080807,1,1,1,3,1,5,2,370500,351000,-19500,117,1970,3,2.5,1969,9850,0.0225,7898,6713,6000,255.9,452.9
1776,1,20080819,20080430,1,1,2,4,2,2,2,421000,399500,-21500,111,2200,4,3.5,1999,9450,0.026000000000000002,10387,8829,0,261.2,450.8
1777,1,20080103,20070906,1,1,2,6,1,1,2,323000,319000,-4000,119,1670,2,2,1995,5100,0.03,9570,8135,4250,243.6,453.4
1778,1,20080630,20080127,1,1,1,2,3,1,3,500500,486000,-14500,155,2260,4,3.5,1967,7400,0.027,13122,11154,0,264.8,455.6
1779,1,20081110,20080531,1,1,1,4,2,4,2,291000,269000,-22000,163,1310,2,2,1958,6250,0.0245,6591,5602,0,268.3,451.2
1780,1,20080105,20070904,1,1,1,5,3,3,3,629000,603000,-26000,123,2270,5,4,2005,11050,0.0275,16583,14096,3000,252.1,460.8
1781,1,20080414,20071221,1,1,1,1,1,5,3,525000,499000,-26000,115,2270,3,2.5,1968,10950,0.028,13972,11876,3500,269.5,461.6
1782,1,20080822,20080422,1,1,1,3,1,5,2,476500,447500,-29000,122,1770,2,2,1959,6450,0.0265,11859,10080,5250,246.8,453.6
1783,1,20081122,20080531,1,1,1,2,1,2,2,460500,430500,-30000,175,2100,3,2.5,1967,9200,0.023,9902,8417,0,284.5,448.6
1784,1,20080630,20080101,1,1,1,3,1,2,2,432000,398500,-33500,181,1620,3,2.5,1967,7850,0.029,11557,9823,5750,246.1,461.6
1785,1,20080604,20080106,1,1,1,3,3,1,2,330000,314000,-16000,150,1580,2,2,1964,6000,0.0275,8635,7340,0,256.7,458.7
1786,1,20080716,20080322,1,1,1,5,4,5,3,557500,518000,-39500,116,2470,3,2.5,2006,12250,0.0265,13727,11668,0,238.6,471.6
1787,1,20080928,20080607,1,1,1,3,1,2,3,500000,467500,-32500,113,1900,3,2.5,1981,7950,0.029,13558,11524,0,228.8,469.9
1788,1,20080217,20071020,1,1,1,1,1,4,2,461500,440000,-21500,120,1870,3,2.5,1966,8550,0.025500000000000002,11220,9537,7750,233,449.4
1789,1,20080527,20080116,1,1,1,1,1,1,2,457500,431500,-26000,132,2180,3,2.5,1966,6800,0.0285,12298,10453,0,236.7,450.8
1790,1,20080412,20080101,1,1,1,2,1,1,2,408000,381500,-26500,102,1840,3,2.5,1974,6200,0.029500000000000002,11254,9566,0,256.7,456.4
1791,1,20080901,20080510,1,1,2,9,1,2,2,327000,312500,-14500,114,1600,2,2,1977,5450,0.025500000000000002,7969,6774,0,245.7,448.9
1792,1,20081024,20080711,1,1,3,2,1,5,2,414500,391500,-23000,105,1980,3,2.5,2006,6650,0.0445,17422,14809,0,268.8,474.3
1793,1,20080619,20080227,1,1,1,1,1,5,2,472500,444000,-28500,113,2100,3,2.5,1990,8550,0.024,10656,9058,6250,234.2,456.4
1794,1,20081231,20080824,1,1,1,2,1,4,2,306500,283500,-23000,129,1260,2,2,1961,5400,0.025500000000000002,7229,6145,2500,246.2,489.2
1795,1,20081019,20080715,1,1,1,2,1,4,2,351500,328000,-23500,96,1650,2,2,1969,7700,0.028,9184,7806,0,271.3,474.4
1796,1,20080406,20071229,1,1,1,1,1,2,2,495500,445500,-50000,99,1950,3,2.5,1980,4900,0.029500000000000002,13142,11171,0,244.8,484.6
1797,1,20080802,20080328,1,1,3,5,1,2,2,465500,429500,-36000,127,2110,4,3.5,1965,9400,0.047,20187,17159,0,261.3,471.6
1798,1,20080621,20080105,1,1,2,1,1,2,2,358000,326000,-32000,168,1400,2,2,1981,4000,0.0225,7335,6235,3500,223.5,478.9
1799,1,20080430,20071118,1,1,1,7,1,2,2,400000,382000,-18000,164,1800,4,3.5,1988,8100,0.025,9550,8118,0,264.9,467.1
1800,1,20080604,20080209,1,1,2,4,4,2,2,479000,449000,-30000,116,2040,3,2.5,1979,5200,0.023,10327,8778,4500,243.4,490.3
1801,1,20080913,20080519,1,1,3,2,1,5,2,369000,342500,-26500,117,1720,3,2.5,1962,8300,0.0465,15926,13537,0,247.5,449
1802,1,20081001,20080628,1,1,2,2,3,1,2,334000,321000,-13000,95,1590,3,2.5,1993,5400,0.023,7383,6276,2750,253.4,453.9
1803,1,20080423,20071220,5,1,1,2,4,5,2,389000,360500,-28500,125,1680,3,2.5,1955,8350,0.0235,8472,7201,1500,552.4,432.6
1804,1,20080424,20071201,1,1,1,2,1,1,1,229000,217500,-11500,145,1000,2,2,2002,2900,0.023,5003,4253,0,248.1,485.9
1805,1,20080609,20080211,1,1,1,4,2,6,2,350500,329500,-21000,119,1720,3,2.5,1970,6000,0.025500000000000002,8402,7142,0,241.2,456.8
1806,1,20080726,20080421,1,1,2,2,2,5,2,431500,397000,-34500,96,1760,3,2.5,1982,8600,0.0225,8933,7593,0,233.3,448.3
1807,1,20080229,20071112,1,1,1,1,4,1,2,441000,421500,-19500,109,2240,4,3.5,2005,9550,0.0275,11591,9852,4750,232.9,454
1808,1,20080523,20080218,5,1,1,3,3,2,1,218500,207000,-11500,95,1220,2,2,1964,4550,0.024,4968,4223,0,523.3,447.6
1809,1,20080614,20080205,1,1,2,3,1,5,2,418500,392500,-26000,130,1940,4,3.5,1982,8050,0.0235,9224,7840,0,266.6,483.4
1810,1,20080909,20080529,1,1,1,2,1,1,3,538500,495500,-43000,103,2140,3,2.5,1988,9350,0.0245,12140,10319,0,249.8,456
1811,1,20080525,20080214,1,1,1,1,1,3,2,382000,344000,-38000,101,1710,2,2,1974,4700,0.029,9976,8480,2750,265.7,494.8
1812,1,20080618,20080316,1,1,1,1,1,1,2,353500,324000,-29500,94,1470,3,2.5,1972,6800,0.026000000000000002,8424,7160,0,245.1,462.7
1813,1,20081002,20080628,1,1,2,2,1,5,2,332500,321000,-11500,96,1470,2,2,1961,6000,0.029,9309,7913,0,268,425.9
1814,1,20080710,20080216,2,1,1,1,1,2,3,585000,561500,-23500,145,2460,3,2.5,2008,11750,0.025500000000000002,14318,12170,0,234.3,408
1815,1,20081015,20080615,1,1,1,3,3,2,2,404000,392000,-12000,122,2090,3,2.5,1984,7350,0.025,9800,8330,6750,254.9,455.1
1816,1,20080712,20080220,1,1,1,4,1,4,2,337000,319000,-18000,143,1640,4,3.5,1996,7150,0.0235,7497,6372,0,257.2,444.9
1817,1,20081221,20080816,1,1,2,4,1,5,2,456000,427500,-28500,127,2000,3,2.5,1994,8050,0.0235,10046,8539,0,241.2,474
1818,1,20080704,20080207,1,1,1,1,1,4,2,458000,437000,-21000,148,1800,2,2,1988,7000,0.027,11799,10029,0,248.2,459.4
1819,1,20080728,20080403,1,1,2,5,4,2,2,434500,411000,-23500,116,1910,3,2.5,2005,6950,0.026000000000000002,10686,9083,0,241.6,472.9
1820,1,20080315,20071105,1,1,2,4,1,2,2,459500,433000,-26500,131,1690,3,2.5,1958,5500,0.025500000000000002,11042,9386,2250,247.7,435.2
1821,1,20080326,20071218,1,1,1,1,1,5,3,493000,455000,-38000,99,1860,3,2.5,1968,6200,0.0225,10238,8702,8000,256.5,473.6
1822,1,20080312,20071110,1,1,1,8,1,5,3,509500,466500,-43000,123,2170,3,2.5,1989,9900,0.028,13062,11103,2750,245.1,474.2
1823,1,20080709,20080329,1,1,1,2,1,5,2,288000,261000,-27000,102,1660,3,2.5,1989,5600,0.023,6003,5103,0,247.5,504.3
1824,1,20080411,20071205,2,1,1,9,1,5,3,582500,546500,-36000,128,2430,4,3.5,2008,5900,0.0235,12843,10917,0,246,407.8
1825,1,20080818,20080327,1,1,1,2,1,1,2,438500,415000,-23500,144,1820,3,2.5,2007,5450,0.029,12035,10230,0,264.1,469.4
1826,1,20080303,20071109,1,1,2,3,1,3,3,468500,453000,-15500,115,2070,3,2.5,1976,9300,0.028,12684,10781,0,255.6,463.2
1827,1,20080906,20080412,1,1,1,3,1,2,2,381500,365500,-16000,147,2100,3,2.5,1978,5750,0.026000000000000002,9503,8078,0,247.2,458.2
1828,1,20080803,20080315,2,1,2,2,1,2,3,680000,634500,-45500,141,2550,4,3.5,2001,9100,0.0235,14911,12674,11250,229.9,421.8
1829,1,20080418,20080112,1,1,1,3,1,2,2,432500,414500,-18000,97,1950,3,2.5,1991,9600,0.0245,10155,8632,0,252.1,459.6
1830,1,20080428,20080108,1,1,1,1,4,4,2,373000,357000,-16000,111,1880,4,3.5,1957,5400,0.028,9996,8497,5500,227.6,459.5
1831,1,20080123,20070811,1,1,2,1,1,5,2,372000,351000,-21000,165,1920,3,2.5,1977,5150,0.027,9477,8055,0,257.1,500.2
1832,1,20080610,20080304,1,1,1,8,5,5,2,363000,332000,-31000,98,1680,2,2,1972,8250,0.023,7636,6491,0,249.5,462.9
1833,1,20080201,20070928,1,1,2,5,4,1,3,581500,538500,-43000,126,1990,4,3.5,1983,8750,0.028,15078,12816,0,255.2,462.1
1834,1,20080514,20080103,1,1,2,1,1,2,2,398500,366000,-32500,132,1630,2,2,2007,4950,0.025,9150,7778,4750,265.6,452.2
1835,1,20080226,20070925,1,1,1,2,1,4,2,315000,295000,-20000,154,1570,2,2,1975,5300,0.03,8850,7523,0,242.9,460.3
1836,1,20080822,20080405,3,1,1,3,6,2,2,460000,424000,-36000,139,1760,3,2.5,1960,5150,0.0235,9964,8469,0,480.7,397.7
1837,1,20080404,20071027,1,1,1,4,1,2,3,511500,476500,-35000,160,2130,3,2.5,1983,9000,0.028,13342,11341,0,226.8,439.9
1838,1,20080815,20080416,1,1,2,5,1,3,2,368500,360000,-8500,121,1650,2,2,1968,5050,0.029,10440,8874,2250,242.4,447.6
1839,1,20080513,20080203,1,1,2,2,2,3,2,430500,399500,-31000,100,2090,3,2.5,1990,8750,0.028,11186,9508,0,256.6,461
1840,1,20080205,20071102,1,1,1,2,1,1,3,516500,485500,-31000,95,2110,3,2.5,2004,5150,0.0275,13351,11348,0,238.4,467
1841,1,20080707,20080219,2,1,2,1,2,2,3,652000,599500,-52500,139,2520,3,2.5,2008,8850,0.0245,14688,12485,0,231.7,410.3
1842,1,20080814,20080423,1,1,1,2,3,2,2,271000,262500,-8500,113,1440,3,2.5,1992,6100,0.0275,7219,6136,4250,249.9,437.6
1843,1,20080427,20071225,1,1,1,4,1,2,2,438500,415000,-23500,124,1880,3,2.5,1964,8350,0.0285,11828,10054,0,239.6,456.7
1844,1,20080908,20080415,1,1,2,2,3,2,2,329000,325500,-3500,146,1600,2,2,1988,4900,0.026000000000000002,8463,7194,0,222.8,465
1845,1,20080123,20071010,1,1,2,6,1,4,2,382500,353000,-29500,105,1710,2,2,1981,4600,0.025,8825,7501,1750,286.6,461.3
1846,1,20080523,20080128,1,1,2,2,1,5,3,475000,459000,-16000,116,1970,3,2.5,1971,6000,0.0285,13082,11120,6000,246.6,475.4
1847,1,20080803,20080318,1,1,1,5,1,5,3,475000,455000,-20000,138,1820,2,2,1981,5000,0.023,10465,8895,0,272,445.6
1848,1,20080429,20071211,1,1,1,2,4,1,2,390500,387000,-3500,140,1800,2,2,2001,5100,0.0285,11030,9376,0,240.3,490.1
1849,1,20080520,20080206,1,1,1,1,5,5,2,453500,429500,-24000,104,2100,4,3.5,1964,9500,0.025500000000000002,10952,9309,0,236.9,454.2
1850,1,20081201,20080817,2,1,1,1,1,2,3,692000,639000,-53000,106,2770,5,4,2008,11650,0.025500000000000002,16295,13851,0,223.4,411.5
1851,1,20080303,20071006,1,1,3,3,5,2,3,597000,555500,-41500,149,2390,5,4,1965,8900,0.0455,25275,21484,0,247.5,465.1
1852,1,20080721,20080416,1,1,3,1,3,4,3,553000,511500,-41500,96,2110,3,2.5,2000,5150,0.0465,23785,20217,0,247.9,460.5
1853,1,20080206,20070915,1,1,2,1,2,5,2,431000,402500,-28500,144,1950,4,3.5,1986,9250,0.023,9258,7869,6750,263.2,471.7
1854,1,20080509,20080127,1,1,2,2,1,1,3,531000,480500,-50500,103,2020,4,3.5,1989,9150,0.0235,11292,9598,4250,257.9,466.8
1855,1,20080804,20080228,1,1,1,2,1,5,2,342000,324500,-17500,158,1310,2,2,1972,5450,0.029,9411,7999,0,261.7,480.8
1856,1,20080315,20071019,1,1,1,1,1,3,3,557500,537500,-20000,148,2200,5,4,1998,9000,0.025500000000000002,13706,11650,0,224,463.9
1857,1,20080522,20080112,1,1,2,2,1,2,3,500500,460000,-40500,131,1900,4,3.5,2000,4550,0.023,10580,8993,0,268.3,461.6
1858,1,20081225,20080822,1,1,2,3,1,3,2,420500,406500,-14000,125,2170,3,2.5,1978,9250,0.0245,9959,8465,0,225.8,438.7
1859,1,20080706,20080215,1,1,2,9,1,2,2,401500,371000,-30500,142,1930,4,3.5,1963,6350,0.023,8533,7253,0,249,468.7
1860,1,20080626,20080206,1,1,2,1,1,5,2,389000,361500,-27500,141,1640,3,2.5,1985,7700,0.0225,8134,6914,4250,245.5,436.2
1861,1,20080412,20080102,1,1,1,7,5,2,2,381000,363000,-18000,101,1800,2,2,1989,7400,0.029500000000000002,10709,9103,2750,256,466.7
1862,1,20080310,20071129,2,1,2,2,4,5,3,606500,576500,-30000,102,2150,4,3.5,2002,9600,0.029,16719,14211,8250,241,411.3
1863,1,20080425,20080104,1,1,1,5,1,5,2,318500,305500,-13000,112,1380,2,2,1986,6550,0.0285,8707,7401,0,262.1,427.9
1864,1,20080304,20071016,1,1,2,1,1,6,2,330000,302000,-28000,140,1480,3,2.5,1958,3850,0.022,6644,5647,0,235.4,451.9
1865,1,20081028,20080626,1,1,1,2,1,5,2,429500,405000,-24500,124,1730,3,2.5,1994,6800,0.023,9315,7918,4750,228.3,489.5
1866,1,20081118,20080814,1,1,1,3,1,1,3,522500,491000,-31500,96,2400,4,3.5,2004,10500,0.024,11784,10016,5750,238.2,456.6
1867,1,20080801,20080321,1,1,1,4,3,5,1,240000,231500,-8500,133,1240,2,2,1967,5600,0.025,5788,4920,0,268.5,446.6
1868,1,20080707,20080313,1,1,1,1,2,5,2,411000,380500,-30500,116,2140,4,3.5,1965,10250,0.025500000000000002,9703,8248,3500,262.9,453.2
1869,1,20080503,20071203,1,1,1,2,2,5,3,465000,456000,-9000,152,1840,3,2.5,1983,9100,0.024,10944,9302,0,237.7,483.1
1870,1,20080520,20080206,1,1,2,1,1,1,2,463000,447500,-15500,104,2160,4,3.5,1992,8200,0.0285,12754,10841,0,224.7,472
1871,1,20080417,20071225,1,1,1,1,1,1,2,426000,406500,-19500,114,1730,3,2.5,1997,6750,0.0235,9553,8120,0,260.1,458.9
1872,1,20091203,20090727,1,1,2,2,2,1,2,326000,309000,-17000,129,2000,3,2.5,1958,5250,0.025,7725,6566,2000,253.4,449.3
1873,1,20090501,20090118,1,1,2,2,3,5,2,262500,252000,-10500,103,1950,2,2,1981,6900,0.0225,5670,4820,0,242.2,471.8
1874,1,20090831,20090510,1,1,1,1,2,1,2,378000,364000,-14000,113,2080,4,3.5,1975,9250,0.0265,9646,8199,0,239.7,480.9
1875,1,20090412,20081216,1,1,2,3,1,3,2,285500,273500,-12000,117,1670,3,2.5,2004,4850,0.027,7385,6277,0,269.8,461.6
1876,1,20090319,20081121,1,1,1,3,3,4,2,279500,260000,-19500,118,2040,4,3.5,1955,5500,0.0245,6370,5415,4000,245.7,468.5
1877,1,20090714,20090228,1,1,1,1,2,1,1,191500,180000,-11500,136,1240,3,2.5,1978,4650,0.025,4500,3825,0,223.6,465.1
1878,1,20090410,20090104,1,1,3,2,3,1,2,283000,262000,-21000,96,1850,4,3.5,1993,7750,0.047,12314,10467,0,248.1,482.4
1879,1,20090929,20090602,1,1,3,3,1,5,2,327000,305000,-22000,119,2170,4,3.5,1976,10750,0.043000000000000003,13115,11148,2250,241.1,470.6
1880,1,20090701,20090220,1,1,1,9,5,2,2,411500,385500,-26000,131,2260,3,2.5,1966,9800,0.029,11180,9503,0,260.9,488.8
1881,1,20090921,20090609,1,1,1,2,4,1,2,413500,387500,-26000,104,1870,3,2.5,1997,7400,0.029500000000000002,11431,9716,0,258.7,495.6
1882,1,20090521,20081213,1,1,2,2,3,1,2,324500,315500,-9000,159,1770,2,2,1957,6950,0.023,7257,6168,0,236.7,456.5
1883,1,20090427,20090115,1,1,1,1,4,2,2,287500,263500,-24000,102,1540,2,2,1974,6200,0.029,7642,6496,0,257.1,503.6
1884,1,20090823,20090428,1,1,1,2,2,1,1,255000,246000,-9000,117,1480,2,2,1993,6650,0.0285,7011,5959,0,249.8,461.8
1885,1,20090724,20090407,1,1,2,5,1,1,2,290500,267000,-23500,108,1850,3,2.5,1960,5000,0.0275,7343,6242,4750,253.5,473.5
1886,1,20091006,20090624,1,1,1,6,1,5,2,417500,380500,-37000,104,2090,4,3.5,1958,6700,0.0265,10083,8571,0,233,486.3
1887,1,20090419,20081230,1,1,2,3,2,5,2,394000,364000,-30000,110,2000,3,2.5,1969,9650,0.03,10920,9282,0,258.7,465.7
1888,1,20090301,20081015,1,1,2,2,1,5,2,337000,305000,-32000,137,1760,2,2,1985,8100,0.029,8845,7518,0,250.3,476.8
1889,1,20090126,20080825,1,1,2,5,2,5,2,309500,283000,-26500,154,1660,3,2.5,1974,4400,0.022,6226,5292,0,243.6,455.7
1890,1,20091022,20090516,1,1,2,4,3,5,2,357000,330000,-27000,159,2020,3,2.5,1975,8100,0.0275,9075,7714,0,246.8,477.8
1891,1,20090414,20081129,1,1,3,6,5,1,2,362000,329000,-33000,136,1710,3,2.5,1984,6550,0.045,14805,12584,2250,233.2,480.5
1892,1,20090415,20081107,1,1,1,3,1,1,2,366500,344500,-22000,159,1980,3,2.5,1991,4900,0.025500000000000002,8785,7467,6000,251.8,481.5
1893,1,20091125,20090809,1,1,1,5,2,1,2,334500,313000,-21500,108,2020,2,2,1960,5300,0.028,8764,7449,0,236.4,464.6
1894,1,20090810,20090329,1,1,2,3,1,2,2,326000,304000,-22000,134,1500,2,2,1990,4950,0.025,7600,6460,0,257.9,477.2
1895,1,20090823,20090515,1,1,2,2,1,2,2,365500,337000,-28500,100,2050,4,3.5,1981,7650,0.024,8088,6875,4000,274,444.6
1896,1,20090529,20090222,1,1,3,1,1,2,1,275500,248500,-27000,96,1350,2,2,2004,5800,0.0485,12052,10244,0,233.2,472.5
1897,1,20091105,20090717,5,1,1,4,1,5,2,319500,293500,-26000,111,1740,3,2.5,1958,7550,0.025500000000000002,7484,6361,2500,516.3,443.3
1898,1,20090925,20090622,1,1,1,1,1,2,2,375500,348500,-27000,95,2160,3,2.5,1987,6750,0.03,10455,8887,0,256.6,466.7
1899,1,20091214,20090909,2,1,1,3,4,5,2,466000,440500,-25500,96,2490,4,3.5,2009,8550,0.028,12334,10484,6750,248,431.9
1900,1,20091122,20090730,1,1,1,1,1,5,2,303500,294000,-9500,115,1940,3,2.5,1962,7950,0.025500000000000002,7497,6372,0,232.7,464.4
1901,1,20090706,20090314,1,1,1,5,2,2,1,126500,120000,-6500,114,970,2,2,1986,3200,0.0265,3180,2703,0,248.4,453.7
1902,1,20090128,20081009,1,1,2,8,1,1,2,388500,369500,-19000,111,1940,3,2.5,1978,6850,0.025500000000000002,9422,8009,5000,250.8,460.7
1903,1,20090605,20090208,1,1,1,2,1,5,2,381500,356500,-25000,117,2240,3,2.5,1994,10800,0.0245,8734,7424,3500,253.8,448.2
1904,1,20090618,20090110,5,1,1,3,3,2,2,388000,362500,-25500,159,2410,4,3.5,1969,8950,0.023,8338,7087,3250,533.8,444.3
1905,1,20090518,20081119,1,1,1,8,1,1,2,301000,296500,-4500,180,1500,3,2.5,1997,4100,0.029,8599,7309,4750,248.8,504.3
1906,1,20090916,20090606,1,1,2,1,1,2,2,292500,271500,-21000,102,1760,4,3.5,2002,6250,0.025,6788,5770,0,227.9,486
1907,1,20090907,20090407,1,1,1,2,2,1,1,235500,230000,-5500,153,1460,2,2,1962,7050,0.028,6440,5474,0,249.4,492.9
1908,1,20090531,20090116,1,1,2,1,3,5,1,178500,170000,-8500,135,1330,2,2,1978,3800,0.026000000000000002,4420,3757,0,240.1,484.3
1909,1,20090521,20081227,1,1,1,1,4,2,2,348000,328000,-20000,145,2100,4,3.5,1994,7350,0.022,7216,6134,0,247.3,470.9
1910,1,20090114,20081004,1,1,2,2,1,1,1,261000,244000,-17000,102,1550,2,2,2001,6400,0.0275,6710,5704,0,275.3,481.5
1911,1,20091116,20090809,1,1,2,4,3,2,1,224000,212000,-12000,99,1290,2,2,1965,5400,0.026000000000000002,5512,4685,0,245.6,458.1
1912,1,20090506,20081223,1,1,1,2,1,1,2,323500,308000,-15500,134,1890,3,2.5,2008,5450,0.025500000000000002,7854,6676,0,231.9,478.2
1913,1,20091028,20090719,1,1,1,3,2,2,2,331500,312500,-19000,101,1730,3,2.5,1969,5500,0.029500000000000002,9219,7836,4750,233.9,467.9
1914,1,20090930,20090526,1,1,2,1,1,5,2,334000,319000,-15000,127,1990,4,3.5,1992,6850,0.0285,9092,7728,0,252,451.5
1915,1,20090606,20081227,1,1,2,1,1,1,2,327500,313000,-14500,161,2060,4,3.5,2008,5000,0.0265,8295,7051,2750,246.1,480
1916,1,20090525,20090117,1,1,3,1,1,5,2,353000,331500,-21500,128,2760,4,3.5,1989,12050,0.048,15912,13525,3000,250.8,465.3
1917,1,20090608,20081222,1,1,2,1,3,1,2,381000,364000,-17000,168,2270,3,2.5,1969,6600,0.025,9100,7735,6500,240.7,452.1
1918,1,20090731,20090331,1,1,2,6,3,1,1,241000,223500,-17500,122,1390,3,2.5,1987,4700,0.027,6035,5130,0,220.8,444.2
1919,1,20090404,20081128,1,1,1,3,1,1,1,241000,222500,-18500,127,1540,2,2,1979,5350,0.0265,5896,5012,1750,239.5,455.5
1920,1,20091102,20090621,1,1,1,2,1,6,2,380500,361500,-19000,134,2210,3,2.5,1969,6250,0.028,10122,8604,5000,241.7,479.8
1921,1,20090701,20090121,1,1,1,4,1,4,2,328000,307000,-21000,161,2110,4,3.5,1989,6500,0.0285,8750,7438,1750,247.6,472
1922,1,20090505,20081210,1,1,1,4,1,5,2,279000,256000,-23000,146,1450,3,2.5,1982,5900,0.025500000000000002,6528,5549,0,264.9,479.8
1923,1,20090417,20090105,1,1,2,2,2,5,2,367500,356500,-11000,102,2020,3,2.5,1984,8550,0.029,10339,8788,0,245.4,482.3
1924,1,20090817,20090420,1,1,1,1,1,5,1,206500,190500,-16000,119,1340,2,2,1973,4600,0.0265,5048,4291,2500,244.9,445.4
1925,1,20090426,20090112,1,1,2,2,2,3,1,211500,201500,-10000,104,1630,2,2,1959,5900,0.028,5642,4796,2250,236.1,460
1926,1,20090815,20090407,1,1,1,2,2,5,2,310500,299000,-11500,130,1900,3,2.5,2008,5100,0.0225,6728,5719,0,229.8,460.8
1927,1,20090304,20081024,1,1,2,8,1,3,2,343500,311500,-32000,131,1820,4,3.5,2004,5500,0.028,8722,7414,0,239,444
1928,1,20090207,20080826,2,1,1,3,2,5,2,396500,370000,-26500,165,2520,4,3.5,2006,11450,0.024,8880,7548,6500,251.1,415.7
1929,1,20090730,20090320,1,1,1,1,2,2,2,277000,259500,-17500,132,1770,3,2.5,1955,6550,0.0265,6877,5845,0,267.1,508.7
1930,1,20091108,20090729,1,1,1,4,4,3,2,331000,318500,-12500,102,1950,3,2.5,2001,5750,0.025,7963,6769,0,258.8,448.4
1931,1,20090611,20090210,1,1,1,1,1,6,2,280000,264500,-15500,121,1740,3,2.5,1976,8150,0.029500000000000002,7803,6633,2250,238.4,434.7
1932,1,20091021,20090328,1,1,1,2,5,1,1,221000,213000,-8000,207,1130,2,2,1984,5500,0.027,5751,4888,0,243.5,444.2
1933,1,20090809,20090304,1,1,2,1,1,2,2,346500,310000,-36500,158,1760,3,2.5,1967,6750,0.0225,6975,5929,1250,276.4,433.2
1934,1,20090721,20090331,1,1,1,2,1,1,2,282000,262000,-20000,112,1600,3,2.5,1965,5650,0.023,6026,5122,0,246.4,458.2
1935,1,20091020,20090523,1,1,1,4,2,4,2,384500,361000,-23500,150,2070,4,3.5,1981,6050,0.025500000000000002,9206,7825,5250,256.2,478.2
1936,1,20090510,20081229,1,1,1,5,2,1,2,283000,275500,-7500,132,1870,3,2.5,2001,7750,0.025,6888,5855,0,246,461.6
1937,1,20091209,20090723,1,1,3,1,3,1,2,339000,324500,-14500,139,1850,3,2.5,1999,7650,0.0485,15738,13377,0,267.3,443.1
1938,1,20090809,20090401,5,1,2,1,3,2,2,330500,310500,-20000,130,2220,3,2.5,2001,10500,0.027,8384,7126,0,542,461.5
1939,1,20090905,20090527,1,1,2,6,1,2,1,261500,249000,-12500,101,1720,3,2.5,1992,6200,0.028,6972,5926,1000,254.9,472.4
1940,1,20090529,20090124,1,1,1,1,4,2,2,403500,370000,-33500,125,2170,4,3.5,1986,5400,0.026000000000000002,9620,8177,0,253.7,456.2
1941,1,20090923,20090617,1,1,1,2,1,6,1,254000,243000,-11000,98,1600,3,2.5,2004,6200,0.0225,5468,4648,0,239.3,463.6
1942,1,20090412,20081126,1,1,2,2,2,6,2,286000,269000,-17000,137,1820,3,2.5,1991,4950,0.0245,6591,5602,3750,269.7,467.4
1943,1,20090418,20081119,1,1,1,5,1,5,2,302000,277500,-24500,150,2060,4,3.5,2002,10250,0.0265,7354,6251,0,239.7,438.3
1944,1,20090609,20090211,1,1,1,3,1,1,2,371500,349500,-22000,118,1810,4,3.5,2007,5350,0.0225,7864,6684,6000,255.3,457.5
1945,1,20090711,20090201,1,1,2,2,1,2,2,279500,263500,-16000,160,1770,3,2.5,1965,8600,0.025,6588,5600,0,227.3,450.3
1946,1,20091030,20090625,3,1,1,2,5,1,2,396000,376000,-20000,127,2280,4,3.5,2001,9450,0.0285,10716,9109,0,467.1,388.9
1947,1,20090807,20090408,1,1,1,2,1,5,2,308500,295000,-13500,121,1840,2,2,1955,7200,0.028,8260,7021,5000,235,456.4
1948,1,20090825,20090318,1,1,1,3,1,5,2,411000,368500,-42500,160,2120,3,2.5,1975,5650,0.0285,10502,8927,6500,250.4,465.3
1949,1,20090828,20090501,1,1,1,3,2,1,2,367500,342500,-25000,119,1990,3,2.5,1970,8250,0.0245,8391,7132,0,244.7,492.6
1950,1,20090106,20080828,1,1,1,3,1,5,2,405000,374000,-31000,131,2090,4,3.5,1998,5100,0.025500000000000002,9537,8106,2500,251.6,467.6
1951,1,20090320,20081108,1,1,1,1,1,1,2,337500,307000,-30500,132,2060,3,2.5,1990,6650,0.025500000000000002,7829,6655,4000,264.2,470.6
1952,1,20090619,20090301,1,1,2,5,3,3,2,367000,347500,-19500,110,1950,3,2.5,1957,8150,0.027,9383,7976,0,274.7,459.6
1953,1,20090424,20081215,1,1,1,2,5,4,2,350000,332500,-17500,130,2070,3,2.5,2002,8250,0.0265,8811,7489,1500,259.8,430
1954,1,20090602,20090102,1,1,1,7,5,2,2,303000,281500,-21500,151,1610,2,2,1978,7300,0.024,6756,5743,0,258,453
1955,1,20091114,20090702,1,1,1,3,3,1,1,230000,215500,-14500,135,1270,2,2,1989,6200,0.0225,4849,4122,0,233.6,475.9
1956,1,20091008,20090629,1,1,2,9,1,2,2,392000,355000,-37000,101,2130,3,2.5,1997,5450,0.0265,9408,7997,1750,259.3,485.3
1957,1,20091125,20090813,1,1,1,3,1,3,2,425500,415000,-10500,104,2460,4,3.5,1993,8400,0.0285,11828,10054,0,268.5,438.5
1958,1,20090817,20090504,1,1,1,2,1,6,2,294000,281500,-12500,105,1920,3,2.5,1968,7100,0.025500000000000002,7178,6101,0,245.5,470.8
1959,1,20091017,20090625,1,1,1,2,3,2,2,307000,281000,-26000,114,1420,2,2,1964,6200,0.0275,7728,6569,4500,257.5,472.5
1960,1,20090208,20081021,1,1,1,2,3,1,2,368500,340000,-28500,110,2290,4,3.5,1978,8400,0.026000000000000002,8840,7514,0,248.9,475.6
1961,1,20090419,20081202,1,1,1,2,2,5,2,413500,391000,-22500,138,2220,4,3.5,1993,8250,0.0235,9189,7811,0,232.5,467.8
1962,1,20090511,20081226,1,1,2,2,2,4,2,340500,324500,-16000,136,2030,3,2.5,1975,9950,0.0275,8924,7585,5250,256.2,459.8
1963,1,20090126,20080922,1,1,1,1,5,1,2,374000,346000,-28000,126,2320,4,3.5,1996,5850,0.022,7612,6470,0,270.6,474.3
1964,1,20090414,20090109,1,1,1,1,4,5,2,279500,267000,-12500,95,1660,3,2.5,1966,6850,0.0285,7610,6469,0,260.9,469.3
1965,1,20090616,20090223,1,1,2,1,1,6,2,299000,283000,-16000,113,2070,3,2.5,1994,7450,0.0275,7783,6616,3500,264.1,471.7
1966,1,20090521,20081026,3,1,1,2,2,2,2,318000,299000,-19000,207,2110,3,2.5,1992,8250,0.023,6877,5845,0,480.3,404.8
1967,1,20090914,20090508,1,1,1,8,2,5,2,399000,371000,-28000,129,1970,3,2.5,1988,7250,0.024,8904,7568,0,241.9,489
1968,1,20090828,20090418,1,1,1,4,1,1,2,306500,288000,-18500,132,2070,3,2.5,2004,10150,0.029500000000000002,8496,7222,0,258.9,435.8
1969,1,20090210,20080915,5,1,3,4,3,1,2,343500,318000,-25500,148,2030,3,2.5,2003,7650,0.046,14628,12434,4000,531.5,432.4
1970,1,20100728,20100302,1,1,1,4,1,1,2,320000,316500,-3500,148,1960,4,3.5,1966,7800,0.025,7913,6726,0,248.8,469.8
1971,1,20100914,20100405,1,1,1,9,2,1,1,259000,242000,-17000,162,1690,2,2,1963,6450,0.0285,6897,5862,3750,236.2,500.3
1972,1,20100426,20100102,1,1,1,1,1,1,1,153500,144000,-9500,114,1070,2,2,1976,3700,0.029,4176,3550,0,265.3,428
1973,1,20101021,20100717,2,1,2,4,1,1,2,440500,418500,-22000,96,2340,3,2.5,2007,10900,0.023,9626,8182,0,244.4,408.1
1974,1,20100923,20100525,1,1,2,2,1,5,2,317500,294000,-23500,121,1980,2,2,2004,7300,0.023,6762,5748,0,251.6,446.9
1975,1,20100409,20091219,1,1,2,5,1,5,2,288500,276500,-12000,111,1690,3,2.5,2000,7350,0.024,6636,5641,2000,244.1,477.6
1976,1,20100223,20091103,1,1,1,3,4,5,2,317000,301000,-16000,112,1810,3,2.5,1959,5000,0.025,7525,6396,3000,240.7,471.7
1977,1,20100925,20100420,1,1,2,1,1,2,2,395500,376000,-19500,158,2400,4,3.5,1991,9350,0.025500000000000002,9588,8150,0,280,481.7
1978,1,20100814,20100224,1,1,1,3,1,3,1,190500,187000,-3500,171,1280,2,2,2000,5500,0.0225,4208,3577,0,259.6,456.5
1979,1,20100918,20100520,2,1,1,1,1,5,2,428000,407000,-21000,121,2460,4,3.5,2010,7100,0.025,10175,8649,2000,236.8,406.9
1980,1,20100417,20091102,5,1,1,8,5,2,2,276500,258500,-18000,166,1940,4,3.5,1995,5700,0.029,7497,6372,0,521.4,441.6
1981,1,20100901,20100415,5,1,1,2,1,3,2,299000,283000,-16000,139,1750,2,2,1989,7350,0.029500000000000002,8349,7097,4500,511.4,442.7
1982,1,20101124,20100804,1,1,1,4,4,2,2,316000,302000,-14000,112,2130,3,2.5,1980,8950,0.025,7550,6418,1500,249.9,457.2
1983,1,20101003,20100605,1,1,1,3,1,2,1,267000,242500,-24500,120,1740,4,3.5,1998,6800,0.0245,5941,5050,1500,229.1,450.4
1984,1,20100623,20100213,1,1,3,1,2,1,2,358500,330000,-28500,130,1840,3,2.5,1956,6750,0.045,14850,12623,3750,243.5,468.4
1985,1,20100712,20100228,1,1,2,5,4,2,1,248000,234000,-14000,134,1680,2,2,1991,7400,0.025,5850,4973,0,233.6,469
1986,1,20100624,20091119,1,1,1,3,3,5,2,376000,351000,-25000,217,2170,4,3.5,1957,6250,0.027,9477,8055,0,260.8,461.2
1987,1,20100604,20091223,1,1,1,1,5,2,2,273500,260000,-13500,163,1750,3,2.5,1982,8700,0.03,7800,6630,4000,228.6,453.8
1988,1,20100603,20100226,3,1,2,4,2,4,2,294500,278000,-16500,97,1790,3,2.5,2000,5450,0.0245,6811,5789,0,467.3,405.4
1989,1,20100330,20091031,1,1,2,2,1,4,1,246500,234500,-12000,150,1720,3,2.5,1976,4500,0.023,5394,4585,0,254.2,462
1990,1,20100407,20091216,2,1,1,2,1,3,3,558000,539500,-18500,112,2850,4,3.5,2010,11950,0.03,16185,13757,0,241.5,414.5
1991,1,20100912,20100508,1,1,1,6,1,1,2,311500,292000,-19500,127,2080,2,2,1976,6200,0.024,7008,5957,0,250.6,465.3
1992,1,20100610,20100221,1,1,1,8,2,1,2,409000,390000,-19000,109,2100,3,2.5,1969,6300,0.029,11310,9614,2250,240.3,426.8
1993,1,20100214,20091108,1,1,2,2,3,5,2,287500,269500,-18000,98,1760,2,2,2001,4850,0.0265,7142,6071,0,241.2,469.4
1994,1,20101021,20100628,1,1,1,1,6,1,2,467000,424000,-43000,115,2230,5,4,1957,7200,0.0225,9540,8109,6000,252.1,459.6
1995,1,20100104,20090905,1,1,1,3,1,6,2,281000,265500,-15500,121,1830,3,2.5,1982,8650,0.0225,5974,5078,0,289,430.4
1996,1,20100718,20100408,1,1,1,2,1,5,2,309500,289500,-20000,101,1850,4,3.5,1976,9100,0.028,8106,6890,0,244.5,463.8
1997,1,20100519,20100213,1,1,2,3,2,1,2,283000,263500,-19500,95,1840,3,2.5,1984,5400,0.024,6324,5375,3250,253,466.6
1998,1,20101229,20100907,1,1,1,3,3,1,1,244000,229500,-14500,113,1430,2,2,1972,6700,0.026000000000000002,5967,5072,0,250.3,465.3
1999,1,20100311,20091202,1,1,1,1,4,4,1,229000,213000,-16000,99,1610,2,2,1997,7350,0.026000000000000002,5538,4707,3000,230.4,475.8
2000,1,20100802,20100429,1,1,1,2,4,5,2,309500,291000,-18500,95,1830,2,2,1983,7450,0.0275,8003,6803,2750,278.7,467.8
2001,1,20100504,20091120,1,1,2,1,1,2,1,222500,210500,-12000,165,1410,2,2,2002,4200,0.029500000000000002,6210,5279,2000,252.3,449.2
2002,1,20100412,20100105,3,1,2,1,2,2,2,311000,297000,-14000,97,1910,3,2.5,1978,6650,0.0245,7277,6185,1750,475.5,394.1
2003,1,20101017,20100420,1,1,2,9,1,3,2,317000,285500,-31500,180,1790,3,2.5,2001,8800,0.024,6852,5824,1500,247.6,466.3
2004,1,20100826,20100508,1,1,1,7,1,4,2,288000,262500,-25500,110,1810,3,2.5,1990,7000,0.023,6038,5132,0,257.1,473.7
2005,1,20100812,20100324,1,1,1,2,1,5,2,352500,340000,-12500,141,1950,3,2.5,1966,9300,0.028,9520,8092,0,246.3,480
2006,1,20101128,20100825,1,1,2,4,2,2,1,194000,179000,-15000,95,1300,2,2,1975,5850,0.026000000000000002,4654,3956,1750,247.9,460.5
2007,1,20100608,20100208,1,1,1,3,1,3,2,341000,315000,-26000,120,1990,3,2.5,1964,6250,0.029,9135,7765,0,241.7,445.3
2008,1,20100215,20091010,1,1,2,2,3,2,1,256500,239500,-17000,128,1840,3,2.5,2006,8900,0.0275,6586,5598,0,259.3,458.8
2009,1,20100817,20100417,1,1,1,2,3,4,2,405500,374500,-31000,122,2140,3,2.5,1979,10700,0.029,10861,9232,3000,238.5,456.6
2010,1,20100528,20100221,1,1,1,1,1,1,2,347500,318500,-29000,96,1950,4,3.5,1966,7300,0.028,8918,7580,0,254,453.9
2011,1,20100612,20100308,1,1,2,5,2,1,2,318500,299000,-19500,96,1810,2,2,1959,8100,0.0285,8522,7244,0,251.2,458.4
2012,1,20100520,20100108,1,1,2,1,1,2,2,270000,250500,-19500,132,1720,3,2.5,1958,7600,0.029,7265,6175,0,231.9,451.7
2013,1,20101104,20100722,1,1,2,3,1,6,2,266500,254500,-12000,105,1750,2,2,1983,6850,0.028,7126,6057,0,236.2,478.4
2014,1,20100701,20100312,1,1,1,2,1,1,1,209500,192000,-17500,111,1230,2,2,1957,5400,0.023,4416,3754,0,252.5,489.6
2015,1,20101205,20100723,1,1,1,2,1,2,2,327000,309000,-18000,135,1910,3,2.5,1995,6250,0.0265,8189,6961,0,263.8,470.5
2016,1,20100722,20100413,1,1,2,3,2,1,2,319000,302500,-16500,100,2040,4,3.5,2008,6600,0.0275,8319,7071,0,253.2,456.2
2017,1,20100321,20091210,1,1,1,9,3,1,2,275500,263000,-12500,101,1860,3,2.5,1982,7450,0.025500000000000002,6707,5701,0,239.8,477.4
2018,1,20100621,20091229,1,1,1,1,3,4,1,253000,245500,-7500,174,1940,3,2.5,1974,6300,0.029500000000000002,7242,6156,0,265.5,460.3
2019,1,20100531,20100201,1,1,1,5,3,1,1,228500,215500,-13000,119,1780,3,2.5,1969,7000,0.023,4957,4213,1250,229.4,429.7
2020,1,20101018,20100706,2,1,1,9,1,5,2,422500,405500,-17000,104,2300,3,2.5,2010,7550,0.03,12165,10340,1750,242.7,408.3
2021,1,20100612,20100221,3,1,2,1,1,4,2,334000,321500,-12500,111,2420,3,2.5,1957,6200,0.025,8038,6832,0,484.3,395.7
2022,1,20100428,20091130,1,1,1,5,1,2,2,397500,365000,-32500,149,2170,3,2.5,1968,10700,0.0245,8943,7602,0,217.7,439.5
2023,1,20100520,20100124,1,1,1,2,4,5,2,314500,295000,-19500,116,1530,3,2.5,1997,5600,0.023,6785,5767,2500,245.7,458.1
2024,1,20100601,20100224,1,1,1,4,1,1,2,309500,284000,-25500,97,1830,2,2,1975,7850,0.022,6248,5311,0,250,474.5
2025,1,20100426,20100116,3,1,1,3,3,2,1,228000,210000,-18000,100,1560,2,2,1986,6450,0.0275,5775,4909,3750,483.8,392.3
2026,1,20101112,20100809,1,1,1,2,1,1,1,201000,184500,-16500,95,1410,2,2,1982,5750,0.023,4244,3607,0,249.1,473.3
2027,1,20100410,20091125,1,1,2,9,4,1,2,334000,314000,-20000,136,1800,3,2.5,1996,7050,0.029500000000000002,9263,7874,1250,240.1,471.7
2028,1,20100331,20091027,1,1,1,1,3,2,2,322500,293500,-29000,155,1920,4,3.5,2008,7600,0.028,8218,6985,0,226.3,461.8
2029,1,20101012,20100515,1,1,2,1,2,2,1,248500,237000,-11500,150,1580,3,2.5,2009,6400,0.029500000000000002,6992,5943,0,239.3,465.9
2030,1,20100805,20100414,2,1,1,4,1,1,2,433000,419500,-13500,113,2490,5,4,2002,7100,0.026000000000000002,10907,9271,0,244,413.4
2031,1,20101212,20100622,1,1,1,7,2,1,2,324000,292000,-32000,173,2020,4,3.5,2002,9550,0.028,8176,6950,0,253,448.1
2032,1,20101020,20100521,1,1,1,9,1,5,1,258500,238000,-20500,152,1430,2,2,1987,6800,0.0225,5355,4552,0,269.3,466.2
2033,1,20100807,20100413,2,1,2,7,4,1,2,442000,416000,-26000,116,2560,4,3.5,2010,12550,0.0265,11024,9370,2750,238.9,401.3
2034,1,20101230,20100819,1,1,1,1,1,1,1,259500,245000,-14500,133,1580,3,2.5,1975,6850,0.026000000000000002,6370,5415,0,245.5,465
2035,1,20100812,20100415,1,1,2,3,1,2,1,252000,237500,-14500,119,1530,3,2.5,1966,3900,0.0245,5819,4946,2500,252.9,455
2036,1,20100516,20100204,1,1,3,3,4,3,2,334000,308500,-25500,101,2000,4,3.5,1992,7250,0.049,15117,12849,4750,242.4,471.8
2037,1,20100402,20091114,1,1,1,2,2,1,2,329000,297500,-31500,139,2110,4,3.5,1968,7400,0.0235,6991,5942,0,251.1,460.7
2038,1,20100709,20100309,2,1,1,4,2,1,2,375500,372500,-3000,122,2390,4,3.5,2007,8700,0.0265,9871,8390,0,245.9,413.4
2039,1,20100320,20091104,1,1,3,8,1,4,2,291500,264000,-27500,136,1970,4,3.5,1959,7900,0.046,12144,10322,0,232.3,470.1
2040,1,20101124,20100629,1,1,3,2,1,2,2,443000,407500,-35500,148,2180,4,3.5,1999,7600,0.0445,18134,15414,6250,242,453.3
2041,1,20100722,20100415,1,1,1,2,2,5,1,267000,239000,-28000,98,1720,3,2.5,1996,7350,0.028,6692,5688,1250,268.1,455.8
2042,1,20100502,20091127,1,1,3,3,1,5,1,255500,244500,-11000,156,1960,3,2.5,1991,4950,0.044,10758,9144,2250,241.7,454.5
2043,1,20100122,20091003,1,1,1,3,1,2,2,338000,322500,-15500,111,2000,3,2.5,1984,8250,0.024,7740,6579,2250,265.3,469.5
2044,1,20101003,20100602,2,1,1,2,2,5,2,414500,394000,-20500,123,2240,3,2.5,2010,10000,0.0235,9259,7870,0,233.5,418.7
2045,1,20100218,20090830,1,1,1,3,1,5,2,273000,266500,-6500,172,2050,3,2.5,2005,6550,0.0235,6263,5324,1250,249.1,504.4
2046,1,20100413,20091224,1,1,1,5,5,5,1,267500,247500,-20000,110,1660,3,2.5,1987,4500,0.024,5940,5049,0,238.7,468.1
2047,1,20100511,20091122,1,1,1,1,1,5,2,298000,286500,-11500,170,2020,4,3.5,1977,5550,0.03,8595,7306,0,252.2,451.5
2048,1,20100630,20100228,1,1,1,1,1,2,2,288000,269500,-18500,122,1900,3,2.5,1970,5150,0.029,7816,6644,0,243.3,470.7
2049,1,20100417,20100106,1,1,1,9,5,2,1,221500,213500,-8000,101,1570,3,2.5,1961,4650,0.0265,5658,4809,0,236.2,465.7
2050,1,20100108,20090926,1,1,1,1,4,3,1,210000,197500,-12500,104,1520,3,2.5,1990,4350,0.029500000000000002,5826,4952,0,236.9,462.3
2051,1,20100508,20100128,1,1,1,1,1,1,2,341000,316000,-25000,100,2060,3,2.5,1996,7550,0.0245,7742,6581,4250,261.1,479.6
2052,1,20100628,20100325,3,1,2,2,3,4,2,314500,297500,-17000,95,2340,4,3.5,1966,5850,0.0265,7884,6701,0,477.7,396
2053,1,20100925,20100531,1,1,2,9,2,4,1,252500,234000,-18500,117,1840,3,2.5,1976,5250,0.025,5850,4973,2500,261.9,469.3
2054,1,20101130,20100726,1,1,2,4,1,1,2,287000,275500,-11500,127,2080,3,2.5,2005,5850,0.025500000000000002,7025,5971,2750,267.6,483.4
2055,1,20100530,20100130,1,1,1,1,2,2,2,329500,311500,-18000,120,2020,4,3.5,1976,7700,0.025,7788,6620,0,237.4,466.9
2056,1,20100315,20091122,5,1,2,2,1,1,2,317000,297000,-20000,113,2000,4,3.5,1977,5100,0.029,8613,7321,0,534.6,460.6
2057,1,20100904,20100503,1,1,2,2,1,3,1,256500,247500,-9000,124,1870,2,2,1998,4750,0.03,7425,6311,3750,242.9,449.9
2058,1,20100623,20100316,1,1,1,6,1,2,2,346000,328000,-18000,99,1930,3,2.5,1960,7050,0.025500000000000002,8364,7109,0,269.8,474.3
2059,1,20100623,20100306,1,1,1,4,1,2,2,286500,265000,-21500,109,1850,3,2.5,1976,9000,0.0225,5963,5069,0,256,436.8
2060,1,20100704,20100315,1,1,1,1,1,2,2,294000,269000,-25000,111,1730,3,2.5,1992,7950,0.027,7263,6174,2500,239.6,486.6
2061,1,20100504,20100121,1,1,2,4,3,1,2,342500,318000,-24500,103,1940,3,2.5,1994,6500,0.026000000000000002,8268,7028,0,230,486.1
2062,1,20101030,20100606,1,1,2,5,2,6,2,327000,305500,-21500,146,2170,3,2.5,1964,6750,0.025500000000000002,7790,6622,0,256.9,502.4
2063,1,20100222,20091019,1,1,2,1,4,2,2,276500,265500,-11000,126,1680,2,2,1968,7750,0.029500000000000002,7832,6657,0,254.4,452.8
2064,1,20100516,20091217,1,1,2,3,1,1,1,271000,245500,-25500,150,1740,3,2.5,1986,8100,0.0285,6997,5947,0,225.2,459.4
2065,1,20101105,20100704,1,1,1,3,1,2,1,245500,229500,-16000,124,1510,3,2.5,1984,5850,0.0265,6082,5170,0,256.3,457.5
2066,1,20101001,20100512,1,1,2,2,2,2,1,249500,236000,-13500,142,1690,2,2,1981,6650,0.023,5428,4614,3750,235.1,454.1
2067,1,20100806,20100412,1,1,2,5,4,1,2,296500,277000,-19500,116,1790,3,2.5,1988,6300,0.022,6094,5180,0,257.4,474.8
2068,1,20100619,20100223,1,1,3,1,2,5,1,187500,183000,-4500,116,1330,2,2,1982,6250,0.0505,9242,7856,0,269.3,458.2
2069,1,20100731,20100322,1,1,1,3,2,2,2,295500,282000,-13500,131,1890,3,2.5,1983,6850,0.0275,7755,6592,2500,247.5,459.4
2070,1,20100906,20100527,1,1,2,1,1,5,2,435500,386000,-49500,102,2150,3,2.5,1982,5950,0.027,10422,8859,0,257.2,471.4
2071,1,20101116,20100813,1,1,1,1,1,4,1,245500,235000,-10500,95,1650,3,2.5,1971,7100,0.0235,5523,4695,0,234.5,466.8
2072,1,20101115,20100812,3,1,1,1,1,1,1,210500,199000,-11500,95,1630,3,2.5,2009,4700,0.025,4975,4229,1750,476.1,412.8
2073,1,20100709,20100202,1,1,1,2,4,2,2,330500,311000,-19500,157,2040,3,2.5,1976,8250,0.023,7153,6080,1500,251,459.5
2074,1,20100619,20100202,1,1,2,1,2,2,1,230000,220500,-9500,137,1360,2,2,2007,4450,0.0245,5402,4592,3250,241,451
2075,1,20100412,20090928,2,1,1,2,5,5,3,486500,453500,-33000,196,2550,4,3.5,2010,9850,0.022,9977,8480,6500,241.2,405.8
2076,1,20100606,20100112,1,1,1,5,4,2,2,342000,328500,-13500,145,2280,3,2.5,1958,11300,0.0235,7720,6562,0,240.1,452.1
2077,1,20100115,20090927,1,1,2,2,1,5,2,353000,316000,-37000,110,1860,3,2.5,1991,5500,0.023,7268,6178,2500,256.6,443.7
2078,1,20101122,20100706,1,1,1,3,1,1,1,207500,193500,-14000,139,1600,2,2,1985,4250,0.029500000000000002,5708,4852,2250,238.4,467
2079,1,20100505,20091110,1,1,2,1,1,2,2,310000,290000,-20000,176,1790,4,3.5,1960,5300,0.0275,7975,6779,0,249.7,460.6
2080,1,20100424,20091127,1,1,3,3,3,3,2,328500,306500,-22000,148,2020,3,2.5,1992,6800,0.043500000000000004,13333,11333,0,263.2,467.1
2081,1,20100515,20100112,1,1,1,2,1,1,1,254500,239500,-15000,123,1840,3,2.5,1976,6850,0.025,5988,5090,0,270.9,450.2
2082,1,20110418,20101226,1,1,2,2,3,5,2,289500,279500,-10000,113,1930,3,2.5,2009,8900,0.025500000000000002,7127,6058,2250,243.3,448.8
2083,1,20110203,20101024,1,1,1,2,5,5,2,290000,274000,-16000,102,1840,2,2,1993,7800,0.023,6302,5357,0,223,457
2084,1,20110621,20110112,1,1,1,2,5,6,2,271000,256000,-15000,160,1570,2,2,1989,6450,0.0275,7040,5984,0,231.5,472.4
2085,1,20110908,20110414,1,1,1,6,1,5,1,216500,206000,-10500,147,1450,2,2,2009,5950,0.024,4944,4202,1000,259.7,441.6
2086,1,20111005,20110529,1,1,2,1,2,6,2,387000,341000,-46000,129,2230,3,2.5,1970,9500,0.0275,9378,7971,0,258.9,469.1
2087,1,20110204,20100824,1,1,1,3,6,1,1,251000,228500,-22500,164,1560,2,2,1961,7700,0.03,6855,5827,0,273.9,471.1
2088,1,20110420,20101021,1,1,1,2,1,3,1,221500,213000,-8500,181,1790,3,2.5,1957,4650,0.029500000000000002,6284,5341,0,238.5,471.6
2089,1,20110203,20101004,3,1,3,7,4,1,1,257500,243000,-14500,122,1670,2,2,1987,4150,0.047,11421,9708,0,461.3,394.9
2090,1,20110521,20101219,1,1,1,3,2,2,1,225500,216000,-9500,153,1650,3,2.5,1958,8000,0.03,6480,5508,3000,242.9,452.2
2091,1,20110913,20110306,1,1,3,1,1,4,1,198500,190500,-8000,191,1170,2,2,1965,5500,0.048,9144,7772,750,241.3,477.5
2092,1,20110319,20101214,1,1,2,9,1,2,1,214500,204500,-10000,95,1610,2,2,1963,5150,0.0265,5419,4606,1500,248.8,453.7
2093,1,20110727,20110321,1,1,1,2,1,4,1,178000,173500,-4500,128,1120,2,2,1991,4150,0.026000000000000002,4511,3834,0,265.3,466
2094,1,20110526,20110123,1,1,2,1,1,1,1,206500,195500,-11000,123,1540,3,2.5,2009,6250,0.025,4888,4155,1750,252.3,474.6
2095,1,20111005,20110602,1,1,1,1,2,2,1,205000,189000,-16000,125,1310,2,2,1963,5200,0.0275,5198,4418,0,241.2,471.7
2096,1,20111124,20110727,1,1,2,4,4,5,2,310500,292000,-18500,120,1960,4,3.5,1983,8800,0.027,7884,6701,0,251.7,467.6
2097,1,20110304,20101104,3,1,1,3,4,3,2,272000,255000,-17000,120,1830,2,2,2006,5600,0.0245,6248,5311,1500,454.8,403.4
2098,1,20110304,20101129,1,1,1,4,4,1,2,316500,299500,-17000,95,2060,3,2.5,1992,9800,0.029500000000000002,8835,7510,4000,240.6,475.1
2099,1,20110510,20101221,1,1,2,4,3,1,2,280000,268000,-12000,140,2240,4,3.5,1982,7950,0.024,6432,5467,3250,239.3,454.4
2100,1,20110615,20110216,1,1,2,2,3,2,2,306000,288500,-17500,119,1980,3,2.5,2008,8900,0.0275,7934,6744,0,248.7,444.5
2101,1,20110325,20101023,1,1,1,5,1,2,2,410000,385500,-24500,153,2470,4,3.5,2004,6250,0.028,10794,9175,0,244,451.1
2102,1,20111015,20110513,1,1,1,1,1,4,1,196500,182000,-14500,155,1240,2,2,1974,3150,0.0275,5005,4254,2500,267.1,479.9
2103,1,20110516,20101114,1,1,2,9,1,6,1,211000,195000,-16000,183,1410,2,2,1975,3400,0.0265,5168,4393,0,244.7,454.6
2104,1,20110429,20101215,2,1,1,9,1,6,2,343000,326500,-16500,135,2350,4,3.5,2011,10600,0.025,8163,6939,0,224.5,422.1
2105,1,20110420,20101221,1,1,2,2,1,4,2,273000,260000,-13000,120,1710,2,2,1980,7300,0.023,5980,5083,2750,255.5,472.4
2106,1,20110107,20100911,1,1,2,1,4,4,2,434000,397500,-36500,118,2300,3,2.5,1987,7650,0.0235,9341,7940,0,252.4,475.7
2107,1,20110802,20110403,1,1,1,1,2,4,2,349000,313000,-36000,121,2170,4,3.5,1988,5600,0.026000000000000002,8138,6917,3250,240.9,447.5
2108,1,20111020,20110424,2,1,1,2,2,2,2,314500,305000,-9500,179,2330,4,3.5,2011,11250,0.029500000000000002,8998,7648,3750,253.4,404.6
2109,1,20110905,20110528,1,1,1,1,2,1,1,218500,207500,-11000,100,1370,3,2.5,1969,3850,0.026000000000000002,5395,4586,3000,271,447.9
2110,1,20110726,20110326,1,1,2,3,3,1,2,318000,296500,-21500,122,1940,3,2.5,1962,9300,0.0235,6968,5923,0,251,480.3
2111,1,20110529,20101212,5,1,1,2,2,1,1,254000,237500,-16500,168,1680,3,2.5,1955,6350,0.0275,6531,5551,1250,516.3,435.2
2112,1,20110622,20110208,1,1,1,3,1,2,2,400500,370000,-30500,134,2360,4,3.5,1955,7700,0.027,9990,8492,0,235.1,455.3
2113,1,20110723,20110207,1,1,1,6,3,2,1,271000,247000,-24000,166,1770,2,2,1980,8050,0.029,7163,6089,0,260.1,463.5
2114,1,20110606,20110303,1,1,1,7,1,4,1,247500,235500,-12000,95,1800,3,2.5,1987,5950,0.026000000000000002,6123,5205,1750,259,454.2
2115,1,20111103,20110618,1,1,2,5,5,2,1,201000,192500,-8500,138,1720,4,3.5,1998,6550,0.027,5198,4418,2750,250.1,492.9
2116,1,20111007,20110624,1,1,2,2,1,2,1,201000,197500,-3500,105,1580,2,2,1959,4900,0.0225,4444,3777,1000,258.7,455.3
2117,1,20111005,20110330,1,1,1,9,1,2,1,228500,213000,-15500,189,1400,2,2,1986,5250,0.028,5964,5069,0,243.1,460.3
2118,1,20110430,20110104,1,1,2,1,1,2,1,248500,225500,-23000,116,1510,2,2,1978,6550,0.0285,6427,5463,0,245.1,447.7
2119,1,20110904,20110408,3,1,2,1,1,3,2,393000,362000,-31000,149,2350,3,2.5,1979,10400,0.024,8688,7385,3250,468.7,406.2
2120,1,20111121,20110524,1,1,2,5,1,1,2,277500,273500,-4000,181,1840,3,2.5,1967,8300,0.0275,7521,6393,0,262.8,459
2121,1,20110724,20110227,1,1,2,2,2,3,2,313000,292000,-21000,147,1830,2,2,1961,7500,0.029500000000000002,8614,7322,0,243.2,474.1
2122,1,20111212,20110527,1,1,2,3,1,5,1,229500,208000,-21500,199,1590,3,2.5,1980,7900,0.0265,5512,4685,1750,274.5,471.1
2123,1,20110418,20101228,1,1,1,2,2,3,1,259500,235500,-24000,111,1820,2,2,1977,6200,0.029,6830,5806,0,243.6,435
2124,1,20110811,20110414,1,1,1,1,2,2,1,233000,225500,-7500,119,1730,3,2.5,1959,4600,0.0275,6201,5271,0,268.3,451.2
2125,1,20110717,20110219,1,1,1,3,1,6,2,336000,326500,-9500,148,2420,3,2.5,2006,8250,0.025,8163,6939,0,250.3,482.5
2126,1,20110914,20110601,5,1,1,4,4,3,1,233500,215500,-18000,105,1790,3,2.5,2000,6100,0.0275,5926,5037,0,528.9,441.4
2127,1,20110226,20101110,1,1,3,2,1,1,1,210000,201500,-8500,108,1550,2,2,1983,4400,0.043000000000000003,8665,7365,0,239.8,471.7
2128,1,20111223,20110817,5,1,2,4,3,1,1,233500,223000,-10500,128,1850,4,3.5,2010,8450,0.024,5352,4549,0,511.9,452
2129,1,20110112,20100922,1,1,2,2,1,5,2,290000,289500,-500,112,1950,3,2.5,1966,9650,0.0245,7093,6029,0,254.6,437.8
2130,1,20110624,20110304,1,1,1,1,3,5,2,314500,295000,-19500,112,1990,4,3.5,1963,5250,0.026000000000000002,7670,6520,0,256.4,489.8
2131,1,20110117,20101009,1,1,1,9,2,2,2,291000,272000,-19000,100,1980,3,2.5,1987,7150,0.025500000000000002,6936,5896,1750,266.9,455.7
2132,1,20110319,20101106,1,1,2,4,1,1,2,291000,270000,-21000,133,1870,4,3.5,1973,8450,0.025,6750,5738,0,259.1,468
2133,1,20110919,20110606,1,1,2,9,2,2,1,238000,218000,-20000,105,1750,3,2.5,2002,7900,0.029500000000000002,6431,5466,3500,249.7,479.1
2134,1,20111116,20110703,1,1,2,2,5,5,2,355500,339500,-16000,136,2480,4,3.5,2009,7550,0.029500000000000002,10015,8513,0,264,457.9
2135,1,20110813,20110331,1,1,2,5,2,1,1,193500,182000,-11500,135,1440,2,2,2004,4050,0.025500000000000002,4641,3945,0,252,442.3
2136,1,20110629,20110307,1,1,1,2,2,4,2,286500,269000,-17500,114,1890,3,2.5,1982,6100,0.027,7263,6174,0,259.4,476.1
2137,1,20111025,20110427,1,1,1,1,1,1,2,308000,291000,-17000,181,1930,4,3.5,1994,7700,0.0265,7712,6555,1250,236.2,489.9
2138,1,20111002,20110419,1,1,1,6,3,1,1,247500,244500,-3000,166,1870,4,3.5,1996,8450,0.0275,6724,5715,0,233,447.1
2139,1,20110729,20110125,1,1,1,3,4,2,1,215500,207000,-8500,185,1650,2,2,1999,4350,0.029,6003,5103,0,254,460.8
2140,1,20111202,20110711,5,1,1,2,2,2,1,229000,210500,-18500,144,2070,4,3.5,1977,5950,0.026000000000000002,5473,4652,2500,517.6,449.3
2141,1,20111031,20110512,1,1,1,3,1,5,2,312500,296500,-16000,172,1830,3,2.5,1991,5900,0.0245,7264,6174,5000,265,441.8
2142,1,20110603,20101206,1,1,1,2,2,5,2,268000,255500,-12500,179,2100,4,3.5,1992,9750,0.0225,5749,4887,0,246.1,454.7
2143,1,20110805,20110421,1,1,1,2,1,4,1,239000,221000,-18000,106,1650,3,2.5,1972,5800,0.022,4862,4133,0,218.2,453.3
2144,1,20110501,20101107,1,1,2,9,3,2,2,336000,308500,-27500,175,1870,4,3.5,2001,7900,0.0235,7250,6163,2000,245.4,427
2145,1,20110921,20110323,1,1,2,4,1,2,1,208000,198500,-9500,182,1500,2,2,1980,5250,0.029,5757,4893,0,259.1,453
2146,1,20110623,20110220,1,1,1,5,1,4,2,358000,343000,-15000,123,2170,4,3.5,2007,10600,0.0275,9433,8018,0,276.8,480.4
2147,1,20110630,20110203,1,1,2,3,3,6,1,187000,177500,-9500,147,1600,3,2.5,1987,7650,0.026000000000000002,4615,3923,0,242.2,479.8
2148,1,20111221,20110829,1,1,2,3,1,3,1,225000,209500,-15500,114,1860,3,2.5,1965,6700,0.023,4819,4096,0,231.9,469
2149,1,20110501,20110102,1,1,1,1,1,5,2,399500,368000,-31500,119,2340,3,2.5,1994,11550,0.022,8096,6882,0,247.2,475.5
2150,1,20110907,20110513,1,1,2,1,3,2,2,286500,253000,-33500,117,1810,2,2,2001,6950,0.0265,6705,5699,0,253.1,459.6
2151,1,20111003,20110528,1,1,1,2,1,2,2,295500,282000,-13500,128,1830,3,2.5,1975,6300,0.027,7614,6472,0,237.7,461.2
2152,1,20110613,20110220,1,1,1,3,3,2,2,339500,325500,-14000,113,2080,4,3.5,1972,7400,0.0265,8626,7332,4750,245.3,462.7
2153,1,20111212,20110830,2,1,2,1,2,2,2,318500,309000,-9500,104,2950,5,4,2011,12550,0.025,7725,6566,0,233.1,400.1
2154,1,20110906,20110522,2,1,1,1,1,1,2,371500,348500,-23000,107,2000,2,2,2011,6800,0.026000000000000002,9061,7702,2500,224.9,423.8
2155,1,20110519,20110120,1,1,2,5,2,2,2,302500,282000,-20500,119,1810,3,2.5,1964,6450,0.026000000000000002,7332,6232,0,228.5,481.4
2156,1,20110516,20110102,1,1,1,3,1,5,2,312000,296000,-16000,134,2090,2,2,2000,5150,0.025500000000000002,7548,6416,0,258.5,454.2
2157,1,20110829,20110508,1,1,3,4,1,2,1,210000,197500,-12500,113,1390,2,2,1996,4400,0.043500000000000004,8591,7302,3000,256.6,474.8
2158,1,20110604,20110118,1,1,1,3,1,1,2,383000,359000,-24000,137,2590,5,4,1991,7100,0.0235,8437,7171,3000,262.5,473.9
2159,1,20110731,20110323,1,1,1,1,1,5,2,270500,260000,-10500,130,1910,3,2.5,2009,6800,0.024,6240,5304,2250,244.9,473.1
2160,1,20110515,20110122,3,1,1,2,3,5,2,295500,284000,-11500,113,1960,3,2.5,1981,4750,0.0245,6958,5914,0,470.2,396.5
2161,1,20110403,20101129,1,1,3,1,3,3,2,287500,263000,-24500,125,2130,3,2.5,1982,8200,0.0465,12230,10396,0,239.2,472.8
2162,1,20110508,20110131,2,1,2,2,2,2,2,357000,345500,-11500,97,2260,4,3.5,2011,9150,0.0285,9847,8370,5250,241.5,397.5
2163,1,20110814,20110417,1,1,2,7,2,3,1,256000,246000,-10000,119,2180,3,2.5,1992,10300,0.023,5658,4809,0,255.1,458.6
2164,1,20110807,20110424,1,1,2,1,1,2,2,260500,253500,-7000,105,2080,4,3.5,1998,7050,0.0265,6718,5710,1500,247.2,458.2
2165,1,20110924,20110402,1,1,1,2,3,5,2,455000,434500,-20500,175,2480,5,4,2007,8250,0.0235,10211,8679,0,246.8,469.7
2166,1,20110508,20110203,1,1,2,4,1,1,2,299500,278000,-21500,94,2030,4,3.5,1960,5300,0.0265,7367,6262,0,254.7,470.1
2167,1,20110924,20110615,1,1,2,2,1,5,1,212000,198000,-14000,101,1810,4,3.5,1989,4450,0.027,5346,4544,0,243.2,462.6
2168,1,20110423,20101208,1,1,2,3,2,1,1,205500,186500,-19000,136,1450,2,2,1970,6650,0.0275,5129,4360,0,247.6,473.2
2169,1,20111102,20110725,1,1,1,9,1,1,1,246500,232000,-14500,100,1470,2,2,1963,5750,0.0285,6612,5620,0,222.8,458.1
2170,1,20110327,20101105,5,1,2,1,3,3,2,319000,300000,-19000,142,2140,4,3.5,2004,9600,0.029,8700,7395,2000,517.7,451.6
2171,1,20110420,20110101,1,1,1,1,1,1,2,318000,291500,-26500,109,2250,4,3.5,2008,6000,0.026000000000000002,7579,6442,0,249.8,465.2
2172,1,20110507,20110115,2,1,2,3,1,5,2,399500,387500,-12000,112,2510,4,3.5,2004,12400,0.0225,8719,7411,0,242.5,418.1
2173,1,20110911,20110421,1,1,2,3,1,5,2,271000,252500,-18500,143,1900,4,3.5,1994,9400,0.025,6313,5366,0,237.7,462.3
2174,1,20110308,20101102,2,1,1,1,1,1,2,428000,400500,-27500,126,2850,4,3.5,2010,10400,0.0245,9812,8340,0,241,404.2
2175,1,20110602,20110115,1,1,2,1,2,3,1,183000,174500,-8500,138,1390,2,2,1999,6850,0.025,4363,3709,1500,256.4,448.3
2176,1,20110516,20110211,1,1,2,3,3,5,1,257500,244500,-13000,94,1740,3,2.5,1970,5050,0.024,5868,4988,0,269.1,472
2177,1,20110429,20101127,1,1,2,9,2,5,2,406500,380000,-26500,153,2260,4,3.5,1960,9800,0.0275,10450,8883,4000,238.6,467
2178,1,20110507,20110113,1,1,1,5,2,4,1,239000,229000,-10000,114,1890,3,2.5,1958,5250,0.025,5725,4866,0,231.1,458.5
2179,1,20111016,20110714,1,1,2,4,1,5,1,157500,145000,-12500,94,1680,2,2,1990,5100,0.027,3915,3328,2000,246.8,462.8
2180,1,20110322,20101119,1,1,1,2,1,3,2,331500,303000,-28500,123,1940,3,2.5,1985,8850,0.023,6969,5924,0,252.5,450.4
2181,1,20110707,20110220,1,1,1,1,1,5,2,372500,346500,-26000,137,2140,4,3.5,1962,6200,0.025,8663,7364,3750,255.1,458.6
2182,1,20110717,20110405,1,1,1,9,1,6,1,224500,212500,-12000,103,1710,2,2,1986,6700,0.026000000000000002,5525,4696,1750,241.4,459.1
2183,1,20120717,20120512,1,1,1,2,1,2,2,319000,311000,-8000,66,2190,4,3.5,2000,7500,0.0285,8864,7534,2750,254.7,478.2
2184,1,20120715,20120529,1,1,1,6,1,5,1,191500,196500,5000,47,1370,2,2,1957,3750,0.026000000000000002,5109,4343,0,265.7,471.8
2185,1,20120610,20120412,1,1,2,3,2,3,1,200000,202000,2000,59,1130,2,2,1983,2950,0.025500000000000002,5151,4378,0,264.8,459.1
2186,1,20121011,20120811,1,1,1,2,1,2,2,355000,347000,-8000,61,2130,4,3.5,1981,9000,0.0225,7808,6637,0,265.1,483.3
2187,1,20120508,20120319,1,1,2,5,2,1,2,281500,277500,-4000,50,1960,4,3.5,2001,8400,0.024,6660,5661,0,258.2,451.8
2188,1,20121011,20120805,1,1,2,2,4,5,2,347000,356000,9000,67,2230,4,3.5,1983,10450,0.029,10324,8775,0,269.5,443.2
2189,1,20121204,20121010,1,1,1,2,1,5,2,271500,265500,-6000,55,2150,3,2.5,1992,9600,0.0265,7036,5981,0,243.5,463.8
2190,1,20120828,20120627,1,1,2,4,6,5,1,233000,226500,-6500,62,1790,3,2.5,1998,4500,0.023,5210,4429,0,260.7,468.1
2191,1,20120125,20111206,1,1,2,2,2,3,2,357500,354000,-3500,50,2120,3,2.5,1976,9150,0.029500000000000002,10443,8877,0,260,475
2192,1,20121110,20120930,1,1,1,8,1,1,2,292500,298000,5500,41,2220,4,3.5,2010,9250,0.026000000000000002,7748,6586,0,240.5,464.8
2193,1,20120511,20120402,1,1,2,2,1,1,2,279500,291500,12000,39,1890,3,2.5,2009,7650,0.0265,7725,6566,0,251.1,460.7
2194,1,20120907,20120724,1,1,1,5,3,5,2,322000,310500,-11500,45,2160,3,2.5,1959,5400,0.025500000000000002,7918,6730,0,231.2,465.5
2195,1,20121217,20121107,1,1,1,3,4,1,2,401000,400500,-500,40,2380,3,2.5,2005,8100,0.0275,11014,9362,0,259.6,478.4
2196,1,20120911,20120726,1,1,2,3,1,2,2,265000,263500,-1500,47,1450,2,2,2005,7250,0.023,6061,5152,0,260.4,458.9
2197,1,20120927,20120809,1,1,1,2,1,1,1,214000,207000,-7000,49,1500,3,2.5,1972,5200,0.029500000000000002,6107,5191,0,226,469.8
2198,1,20120627,20120513,1,1,3,5,3,1,1,220000,225000,5000,45,1740,3,2.5,1997,4250,0.047,10575,8989,0,234.4,444.9
2199,1,20120511,20120308,1,1,1,2,3,1,2,295000,292500,-2500,64,1780,4,3.5,2009,5000,0.023,6728,5719,0,243.7,469.5
2200,1,20120419,20120301,1,1,2,5,3,2,2,329500,324500,-5000,49,2410,4,3.5,2005,12050,0.029500000000000002,9573,8137,0,237.4,470.4
2201,1,20120324,20120207,1,1,1,1,1,1,2,300000,299000,-1000,46,1710,3,2.5,1969,6350,0.027,8073,6862,0,245.6,453.5
2202,1,20120822,20120708,1,1,1,1,2,2,2,287000,290000,3000,45,1720,2,2,1968,7800,0.025,7250,6163,0,230.5,496.5
2203,1,20120224,20120102,1,1,1,5,1,6,2,322000,322000,0,53,1950,4,3.5,2008,8350,0.029500000000000002,9499,8074,0,280.8,459.9
2204,1,20120812,20120621,1,1,3,9,2,5,2,306500,313500,7000,52,1860,2,2,1968,8500,0.043500000000000004,13637,11591,0,252.8,479.2
2205,1,20120504,20120325,1,1,2,1,6,2,2,316500,314000,-2500,40,2090,3,2.5,1988,5900,0.0285,8949,7607,0,237.1,461.2
2206,1,20120607,20120405,1,1,2,8,4,1,2,265500,257000,-8500,63,1990,3,2.5,1987,7500,0.0235,6040,5134,0,251.1,475.7
2207,1,20120703,20120424,1,1,1,3,6,2,1,230000,227000,-3000,70,1420,3,2.5,1981,4250,0.023,5221,4438,0,251.7,460.7
2208,1,20120109,20111130,1,1,2,6,1,5,1,200500,208500,8000,40,1460,3,2.5,1982,6100,0.029500000000000002,6151,5228,0,247.8,498.5
2209,1,20120424,20120306,1,1,2,1,1,3,2,277500,280000,2500,49,2020,2,2,1978,7800,0.0245,6860,5831,0,247.2,436.3
2210,1,20120224,20111222,1,1,2,2,4,2,2,286500,278500,-8000,64,1840,3,2.5,1977,7200,0.028,7798,6628,0,231,482.7
2211,1,20120820,20120627,1,1,1,2,1,1,2,370500,374500,4000,54,2410,4,3.5,1966,8600,0.0225,8426,7162,0,221,455.7
2212,1,20121010,20120829,1,1,1,9,1,2,2,358000,359000,1000,42,1920,3,2.5,2002,9500,0.0285,10232,8697,0,237.2,469.2
2213,1,20121110,20120928,1,1,1,2,3,4,2,312500,322500,10000,43,1760,3,2.5,2010,8800,0.0265,8546,7264,0,252.4,471.1
2214,1,20120311,20120108,1,1,1,3,1,1,1,196000,199000,3000,63,1590,3,2.5,1959,7150,0.025,4975,4229,0,246,459.3
2215,1,20120813,20120702,1,1,1,2,3,2,2,286500,284000,-2500,42,1980,4,3.5,2003,7350,0.0265,7526,6397,0,235.8,478.4
2216,1,20120506,20120314,5,1,1,3,3,1,1,177500,178000,500,53,1420,2,2,1967,5250,0.026000000000000002,4628,3934,0,536.9,429.6
2217,1,20120617,20120504,1,1,2,1,1,3,2,261000,260500,-500,44,1640,2,2,1969,5300,0.0265,6903,5868,0,234.3,480.6
2218,1,20120913,20120718,1,1,1,1,1,1,1,249500,249500,0,57,1070,2,2,1994,4800,0.025500000000000002,6362,5408,0,254.8,486.2
2219,1,20120507,20120301,1,1,1,3,1,2,2,251500,253000,1500,67,1710,2,2,1985,5800,0.026000000000000002,6578,5591,0,264.9,440.7
2220,1,20120718,20120502,1,1,2,7,1,2,2,410500,413000,2500,77,2060,3,2.5,1962,9550,0.0285,11771,10005,2250,246.1,458.1
2221,1,20120904,20120727,1,1,1,1,1,4,2,277000,272500,-4500,39,1910,2,2,2001,8950,0.0225,6131,5211,0,238.7,437.1
2222,1,20121026,20120831,1,1,3,9,1,5,2,374500,365000,-9500,56,2210,3,2.5,1969,9300,0.047,17155,14582,0,259,472.6
2223,1,20120413,20120215,1,1,3,3,2,1,2,328500,342500,14000,58,1860,2,2,1985,4700,0.043500000000000004,14899,12664,0,251.6,460.7
2224,1,20120116,20111208,2,1,2,1,1,2,2,442500,437500,-5000,39,2560,4,3.5,2001,7750,0.0265,11594,9855,0,241.6,407.5
2225,1,20120416,20120228,1,1,1,3,2,2,2,262000,258500,-3500,48,1730,3,2.5,1961,4250,0.028,7238,6152,0,235.2,456.5
2226,1,20120514,20120316,1,1,1,6,1,1,1,229500,234500,5000,59,1680,3,2.5,1991,7000,0.0285,6683,5681,0,232.1,460.9
2227,1,20120104,20111105,1,1,1,1,3,2,2,253000,252500,-500,60,1420,3,2.5,1971,5550,0.023,5808,4937,0,253.4,465.4
2228,1,20120303,20120112,1,1,3,1,3,5,1,219000,212000,-7000,51,1670,2,2,1963,6650,0.0455,9646,8199,0,263.4,465.9
2229,1,20120609,20120327,1,1,1,3,3,1,1,243500,241500,-2000,74,1790,2,2,1961,6050,0.026000000000000002,6279,5337,0,267.5,485.7
2230,1,20121027,20120913,1,1,1,3,1,5,2,253500,251500,-2000,44,1730,2,2,1960,8150,0.024,6036,5131,0,251.3,440
2231,1,20120919,20120808,1,1,2,2,4,1,2,289000,291500,2500,42,1960,4,3.5,2011,9350,0.023,6705,5699,0,248.2,492.8
2232,1,20121020,20120806,2,1,1,2,2,2,2,456000,445500,-10500,75,2710,4,3.5,2009,11050,0.0235,10469,8899,0,245.3,414.4
2233,1,20120329,20120214,1,1,1,3,3,2,2,325000,323000,-2000,44,2210,4,3.5,1985,8650,0.025,8075,6864,1250,247.9,468.6
2234,1,20120524,20120410,1,1,1,3,1,4,1,257000,249000,-8000,44,1770,3,2.5,1955,5050,0.024,5976,5080,0,262.7,477.4
2235,1,20120213,20120101,1,1,1,1,1,4,2,300500,295500,-5000,43,1710,3,2.5,1968,4500,0.0275,8126,6907,0,244.8,455.8
2236,1,20120513,20120404,2,1,2,2,1,3,2,391500,386500,-5000,39,2020,4,3.5,2012,9150,0.0225,8696,7392,0,229.7,403.3
2237,1,20121014,20120816,1,1,2,2,4,1,2,312000,311500,-500,59,1760,2,2,1959,4700,0.028,8722,7414,2500,238.9,460.1
2238,1,20120725,20120531,1,1,2,9,1,4,2,303500,298000,-5500,55,1580,2,2,1983,6300,0.028,8344,7092,0,226.1,460.6
2239,1,20120112,20111123,1,1,1,3,2,3,2,344500,342000,-2500,50,2150,3,2.5,1962,9450,0.028,9576,8140,0,242.8,451.1
2240,1,20121105,20120917,1,1,2,9,1,1,2,327500,333000,5500,49,1830,3,2.5,1973,6450,0.024,7992,6793,0,248.5,458.3
2241,1,20120224,20120103,1,1,2,3,1,5,2,284000,273000,-11000,52,1800,4,3.5,1967,7100,0.028,7644,6497,0,262.4,438.2
2242,1,20121208,20120928,1,1,2,2,1,1,2,286500,286000,-500,71,1700,3,2.5,1977,8300,0.024,6864,5834,3500,226.8,489.4
2243,1,20120519,20120320,1,1,1,6,3,2,2,282500,285500,3000,60,1860,3,2.5,1991,9050,0.025500000000000002,7280,6188,0,227.5,456.1
2244,1,20120310,20111220,1,1,1,1,1,5,2,274500,276000,1500,81,1770,4,3.5,1978,4300,0.024,6624,5630,0,241.3,508.6
2245,1,20120404,20120215,1,1,1,1,4,1,2,272500,265500,-7000,49,2110,3,2.5,1987,8050,0.024,6372,5416,0,235,462.2
2246,1,20120716,20120531,1,1,2,3,1,5,2,433500,436500,3000,46,2390,4,3.5,1986,9250,0.0285,12440,10574,0,250.8,478
2247,1,20120210,20111215,1,1,1,2,2,2,2,331000,334000,3000,57,2090,4,3.5,1974,7300,0.0275,9185,7807,0,237.7,422
2248,1,20120907,20120705,1,1,1,1,1,5,1,217500,214000,-3500,64,1340,2,2,1999,3400,0.029,6206,5275,0,246.5,457
2249,1,20120422,20120209,1,1,1,2,4,2,1,213000,212000,-1000,73,1500,2,2,1976,6300,0.03,6360,5406,0,249.2,471
2250,1,20121020,20120804,1,1,1,2,4,5,2,279500,272000,-7500,77,1860,2,2,2007,8650,0.027,7344,6242,4000,242.5,458
2251,1,20120406,20120223,1,1,2,5,1,5,1,242500,247500,5000,43,1600,3,2.5,1986,5450,0.026000000000000002,6435,5470,0,226.3,468.7
2252,1,20120915,20120722,3,1,2,1,3,1,1,203000,207000,4000,55,1220,2,2,1959,4700,0.028,5796,4927,0,484.5,389.7
2253,1,20121123,20121002,1,1,2,2,2,1,2,273500,273000,-500,52,1520,3,2.5,2005,4350,0.0245,6689,5686,0,224.2,468.6
2254,1,20120303,20120117,1,1,1,6,5,5,2,401000,401000,0,46,2160,4,3.5,2003,8700,0.028,11228,9544,0,234,451.8
2255,1,20120925,20120725,1,1,1,9,1,1,2,252000,257500,5500,62,1620,3,2.5,1960,4800,0.0265,6824,5800,0,249.7,471
2256,1,20121104,20120927,1,1,2,3,4,1,2,272000,264500,-7500,38,1660,2,2,1986,5550,0.0225,5951,5058,0,240.2,453.2
2257,1,20120813,20120624,1,1,1,5,4,4,2,276500,272500,-4000,50,1810,3,2.5,1991,8900,0.029,7903,6718,0,240.4,456.7
2258,1,20120210,20111228,1,1,2,4,2,1,2,357000,367000,10000,44,2080,4,3.5,2001,7350,0.025,9175,7799,0,263.9,453.3
2259,1,20121206,20121022,1,1,1,5,1,5,2,279000,279500,500,45,2070,3,2.5,2002,5750,0.024,6708,5702,0,241.6,476.3
2260,1,20120726,20120520,1,1,1,2,3,3,2,364500,368500,4000,67,1940,3,2.5,2002,9600,0.025,9213,7831,0,255.9,454
2261,1,20120706,20120506,1,1,2,1,3,1,2,364000,361500,-2500,61,2080,4,3.5,2005,6450,0.0245,8857,7528,0,246.7,466.2
2262,1,20120711,20120527,1,1,1,4,1,1,2,295000,298500,3500,45,1640,3,2.5,1970,6900,0.0285,8507,7231,0,254.2,481.6
2263,1,20120723,20120614,1,1,2,2,2,5,2,285500,290000,4500,39,1710,3,2.5,1966,8000,0.028,8120,6902,0,241.1,490.1
2264,1,20120923,20120813,1,1,1,1,4,1,2,314500,310500,-4000,41,1720,2,2,2002,7800,0.0285,8849,7522,0,245.4,430.5
2265,1,20121011,20120901,1,1,2,1,1,1,2,285500,285000,-500,40,1760,3,2.5,1980,7150,0.023,6555,5572,0,271,474.4
2266,1,20120313,20111222,1,1,2,9,1,1,2,363000,356000,-7000,82,2080,3,2.5,1970,9500,0.025500000000000002,9078,7716,0,263.2,468.2
2267,1,20120505,20120327,1,1,3,1,1,5,2,307500,300000,-7500,39,2190,4,3.5,2011,5700,0.0475,14250,12113,0,274,459.5
2268,1,20120324,20120203,5,1,3,2,2,5,2,257000,256500,-500,50,1810,2,2,1961,4800,0.0485,12440,10574,0,534.6,432.8
2269,1,20120216,20120102,1,1,1,2,3,4,2,297000,295000,-2000,45,1790,4,3.5,1993,5650,0.0235,6933,5893,0,254.4,487.3
2270,1,20120524,20120413,1,1,1,2,4,5,1,232000,233000,1000,41,1470,3,2.5,2004,4150,0.024,5592,4753,0,237.2,486.5
2271,1,20120504,20120313,1,1,2,6,2,1,2,398500,395500,-3000,52,2420,3,2.5,1982,7950,0.027,10679,9077,0,242.5,476.4
2272,1,20130416,20130210,1,1,1,4,2,4,2,379500,384000,4500,65,2120,4,3.5,1962,6700,0.028,10752,9139,0,244.5,450
2273,1,20130311,20130119,1,1,1,6,1,2,2,396500,385500,-11000,51,2140,4,3.5,1968,6400,0.028,10794,9175,0,232.3,494.3
2274,1,20130902,20130608,1,1,1,4,2,2,2,321000,314500,-6500,86,1850,3,2.5,2008,4600,0.026000000000000002,8177,6950,0,249.3,442.2
2275,1,20130826,20130625,1,1,1,2,2,5,1,244500,243000,-1500,62,1570,2,2,1973,4450,0.023,5589,4751,0,270.8,453.6
2276,1,20130409,20130205,1,1,2,3,1,5,1,239500,243000,3500,63,1420,2,2,1966,5850,0.0275,6683,5681,0,238.9,447.4
2277,1,20131222,20131112,1,1,1,2,2,5,2,307500,303000,-4500,40,1470,2,2,1956,7050,0.026000000000000002,7878,6696,0,258.2,447.2
2278,1,20130125,20121209,1,1,2,2,2,2,2,336500,344000,7500,47,2150,4,3.5,1969,6750,0.0285,9804,8333,0,245.9,451.2
2279,1,20130207,20121226,1,1,1,1,3,1,2,283500,285000,1500,43,1530,2,2,1960,4200,0.023,6555,5572,0,253,474.6
2280,1,20130716,20130517,5,1,1,2,1,1,1,227500,232000,4500,60,1760,3,2.5,2001,4300,0.029500000000000002,6844,5817,0,527.9,421.5
2281,1,20130908,20130719,1,1,1,6,1,2,2,357000,344000,-13000,51,1950,3,2.5,2003,6750,0.029500000000000002,10148,8626,0,242.2,478.7
2282,1,20130822,20130701,1,1,3,2,1,5,2,245000,252000,7000,52,1960,2,2,1998,9650,0.0465,11718,9960,0,268.2,478.8
2283,1,20130827,20130619,1,1,1,4,1,2,2,448500,425000,-23500,69,2230,4,3.5,1987,10950,0.0225,9563,8129,0,246.8,447.8
2284,1,20130224,20130104,1,1,1,1,2,1,2,400500,369500,-31000,51,1930,3,2.5,1986,9450,0.026000000000000002,9607,8166,0,243.5,474.1
2285,1,20130906,20130723,1,1,1,2,1,2,2,272000,277500,5500,45,1770,3,2.5,1975,8100,0.0275,7631,6486,0,245.5,443.1
2286,1,20130712,20130525,1,1,1,3,4,1,2,258500,256000,-2500,48,1530,2,2,1975,6550,0.025500000000000002,6528,5549,0,233.3,432.2
2287,1,20130310,20130115,1,1,1,3,1,3,2,337500,342500,5000,54,1760,2,2,1976,5550,0.025500000000000002,8734,7424,0,249.7,487.1
2288,1,20130622,20130507,1,1,1,2,2,5,2,374500,375500,1000,46,2120,3,2.5,2002,6650,0.026000000000000002,9763,8299,0,270,458.2
2289,1,20131120,20131001,1,1,1,4,2,1,2,322000,315500,-6500,50,1900,3,2.5,1987,5100,0.0225,7099,6034,0,261.5,465.8
2290,1,20131027,20130916,1,1,3,2,4,5,2,409000,403000,-6000,41,2250,4,3.5,1962,10300,0.044,17732,15072,0,227.7,463
2291,1,20130501,20130306,1,1,2,7,3,3,1,230000,232500,2500,56,1830,3,2.5,1976,8400,0.024,5580,4743,0,261.9,455.5
2292,1,20130728,20130528,1,1,3,2,1,1,2,420000,403500,-16500,61,2280,3,2.5,1986,8150,0.05,20175,17149,0,241.1,485.5
2293,1,20131014,20130904,1,1,1,1,1,2,2,353500,348500,-5000,40,1910,3,2.5,1998,7150,0.0245,8538,7257,0,227.6,442.3
2294,1,20131030,20130827,1,1,1,2,1,5,1,224000,225000,1000,64,1590,2,2,1988,7400,0.0235,5288,4495,0,262,425.6
2295,1,20130626,20130514,1,1,1,3,1,2,2,277500,275000,-2500,43,1640,2,2,1982,5100,0.0245,6738,5727,0,247.6,466.3
2296,1,20130901,20130722,1,1,2,5,3,5,2,434500,425000,-9500,41,2170,3,2.5,1990,8850,0.022,9350,7948,0,263.1,488.9
2297,1,20130807,20130626,1,1,2,2,1,5,2,415500,391000,-24500,42,1920,3,2.5,2002,8000,0.0275,10753,9140,0,238.4,470.4
2298,1,20131110,20130926,1,1,2,1,1,2,2,303000,295500,-7500,45,1720,3,2.5,1985,5450,0.026000000000000002,7683,6531,0,255.4,460.9
2299,1,20131024,20130826,1,1,1,1,1,6,2,340000,338500,-1500,59,1870,2,2,1988,6250,0.028,9478,8056,0,260.5,470.4
2300,1,20130515,20130321,1,1,1,3,1,5,2,371500,365000,-6500,55,2400,4,3.5,1978,10300,0.028,10220,8687,0,243.2,482.2
2301,1,20130401,20130213,1,1,1,1,2,4,2,414500,407500,-7000,47,2070,4,3.5,2007,8550,0.026000000000000002,10595,9006,0,243.4,474.1
2302,1,20130417,20130213,1,1,1,1,5,2,2,310500,311000,500,63,1630,3,2.5,2009,7850,0.024,7464,6344,0,248.3,453.7
2303,1,20130516,20130322,1,1,1,9,4,4,1,234500,237500,3000,55,1630,2,2,1966,8050,0.0225,5344,4542,0,262.4,477.4
2304,1,20131013,20130823,2,1,2,3,2,2,3,484500,492500,8000,51,2390,4,3.5,2006,6350,0.022,10835,9210,0,238.4,409.5
2305,1,20130120,20121211,3,1,1,2,1,5,2,319500,312000,-7500,40,1770,3,2.5,2007,4750,0.025,7800,6630,0,472.2,409
2306,1,20130501,20130314,1,1,2,2,3,3,2,338500,343500,5000,48,2100,3,2.5,1987,9050,0.025,8588,7300,0,249.7,466.4
2307,1,20131231,20131119,1,1,1,2,4,3,2,336000,336000,0,42,1970,4,3.5,1976,7650,0.0235,7896,6712,0,252.8,459.6
2308,1,20130611,20130503,1,1,2,2,3,4,3,496000,476500,-19500,39,2500,4,3.5,1975,6800,0.0245,11674,9923,0,262.3,471.6
2309,1,20130831,20130716,2,1,1,2,2,5,3,537500,537500,0,46,2570,4,3.5,2012,11150,0.0265,14244,12107,9500,243.2,417.1
2310,1,20130923,20130802,1,1,1,1,2,5,2,365000,363500,-1500,52,1950,3,2.5,2011,7850,0.0245,8906,7570,0,253.9,468.9
2311,1,20130602,20130419,1,1,2,2,2,2,2,298000,300500,2500,44,1800,3,2.5,2001,4550,0.026000000000000002,7813,6641,3500,230.1,443.5
2312,1,20130715,20130523,1,1,1,1,1,2,2,368500,356500,-12000,53,2000,2,2,1962,7050,0.026000000000000002,9269,7879,0,277,452.8
2313,1,20130420,20130224,1,1,1,1,3,5,2,285000,274500,-10500,55,1500,2,2,1963,6900,0.0235,6451,5483,1750,274.2,453.8
2314,1,20130419,20130312,2,1,2,8,3,1,3,577500,582500,5000,38,2680,5,4,2010,9550,0.025500000000000002,14854,12626,0,248.1,410.8
2315,1,20131108,20130828,1,1,2,3,1,5,2,293000,291000,-2000,72,1750,3,2.5,2003,6150,0.025,7275,6184,0,252.8,452.7
2316,1,20130325,20130115,1,1,3,2,1,2,2,403000,400000,-3000,69,2240,3,2.5,2008,6750,0.048,19200,16320,0,271.3,481.3
2317,1,20131226,20131115,1,1,1,1,1,5,2,328500,318500,-10000,41,1850,3,2.5,1964,4600,0.026000000000000002,8281,7039,0,253.3,443.5
2318,1,20130305,20121215,1,1,1,2,1,1,2,331000,327000,-4000,80,2010,3,2.5,1979,5050,0.029500000000000002,9647,8200,0,250.9,479.1
2319,1,20130404,20130216,2,1,1,2,2,2,3,511000,493500,-17500,47,2570,3,2.5,2011,9750,0.0225,11104,9438,0,232.3,422.1
2320,1,20130913,20130803,1,1,1,3,3,2,2,380500,380500,0,41,2010,3,2.5,2002,8750,0.0225,8561,7277,0,244.8,452.3
2321,1,20130205,20121219,1,1,2,8,1,3,2,328000,328500,500,48,1870,3,2.5,1976,8500,0.026000000000000002,8541,7260,0,245.8,492.7
2322,1,20130319,20130130,1,1,3,3,2,1,2,368500,355000,-13500,48,1720,3,2.5,1987,6300,0.051000000000000004,18105,15389,0,236.1,447.3
2323,1,20130222,20130114,3,1,1,3,1,2,2,301000,292500,-8500,39,2020,4,3.5,1989,5750,0.026000000000000002,7605,6464,0,465,391.7
2324,1,20130621,20130513,1,1,1,3,3,2,2,391500,399000,7500,39,2110,4,3.5,1979,8300,0.026000000000000002,10374,8818,0,259.9,472.7
2325,1,20130926,20130807,1,1,1,8,1,5,2,393000,379000,-14000,50,2050,4,3.5,2008,7300,0.0235,8907,7571,0,273.4,466.4
2326,1,20130917,20130716,1,1,2,5,1,5,2,299500,299500,0,63,1830,3,2.5,1966,5400,0.03,8985,7637,0,241.7,460.2
2327,1,20130409,20130217,1,1,1,2,2,5,2,332500,334000,1500,51,1630,2,2,2010,6000,0.029,9686,8233,0,218.9,436.1
2328,1,20131205,20131027,1,1,3,2,1,5,2,362000,358000,-4000,39,2290,3,2.5,1987,8900,0.044,15752,13389,5250,247.2,453.6
2329,1,20130621,20130504,1,1,1,2,2,5,3,444500,466500,22000,48,2140,4,3.5,1977,7850,0.025,11663,9914,0,270.5,481.2
2330,1,20130528,20130406,1,1,2,3,1,5,2,339500,346000,6500,52,2100,4,3.5,2008,5800,0.027,9342,7941,0,246.2,473.1
2331,1,20130510,20130328,2,1,2,2,3,5,2,383000,391000,8000,43,2440,4,3.5,2012,11800,0.028,10948,9306,0,231.6,414.5
2332,1,20131104,20130925,1,1,1,1,1,1,2,355500,373000,17500,40,1780,4,3.5,1993,6400,0.029500000000000002,11004,9353,0,246.6,475.4
2333,1,20130903,20130727,1,1,1,1,1,3,2,340500,343000,2500,38,2030,3,2.5,2004,8450,0.025,8575,7289,4500,246.3,468.5
2334,1,20130302,20130115,2,1,1,2,1,5,2,388000,386500,-1500,46,1920,4,3.5,2013,6050,0.0225,8696,7392,0,236.8,409.7
2335,1,20130922,20130730,1,1,2,1,2,5,2,351500,350000,-1500,54,2000,3,2.5,1989,9100,0.025500000000000002,8925,7586,0,262.2,452
2336,1,20130927,20130722,1,1,1,4,6,1,2,320000,315000,-5000,67,1610,3,2.5,1990,5450,0.025,7875,6694,0,247.5,444.4
2337,1,20130402,20130131,1,1,1,8,1,5,2,281500,283500,2000,61,1890,4,3.5,1998,4550,0.022,6237,5301,0,262.6,488.9
2338,1,20130430,20130314,1,1,1,1,2,2,1,200500,197500,-3000,47,1240,2,2,1996,5250,0.025500000000000002,5036,4281,0,273.1,451.4
2339,1,20130423,20130314,1,1,1,3,1,5,2,410500,395500,-15000,40,2050,4,3.5,2011,6300,0.029500000000000002,11667,9917,0,254.8,471.2
2340,1,20130127,20121217,1,1,1,3,1,5,2,381000,366500,-14500,41,1800,2,2,2010,6400,0.023,8430,7166,2250,234.5,456.4
2341,1,20130908,20130627,1,1,2,3,2,1,2,354500,349000,-5500,73,1900,3,2.5,2000,5600,0.0245,8551,7268,0,237.8,455.4
2342,1,20130825,20130701,1,1,2,2,2,6,3,509000,494500,-14500,55,2300,3,2.5,1998,5600,0.024,11868,10088,0,231.3,452.8
2343,1,20130117,20121111,1,1,2,4,1,5,2,259000,256500,-2500,67,1620,2,2,1970,6750,0.0245,6284,5341,0,239.1,441.7
2344,1,20130325,20130210,1,1,2,4,2,2,2,308000,304000,-4000,43,1530,2,2,1961,5050,0.0245,7448,6331,0,243.1,454.5
2345,1,20130603,20130329,3,1,2,2,1,1,2,315500,317500,2000,66,2010,3,2.5,1974,8150,0.026000000000000002,8255,7017,0,472.2,385.4
2346,1,20130224,20130103,1,1,2,3,1,5,2,323000,327000,4000,52,1770,2,2,1973,8200,0.024,7848,6671,2000,243.1,458
2347,1,20130606,20130427,1,1,1,2,2,1,2,251500,256000,4500,40,1480,2,2,1965,4650,0.027,6912,5875,4250,231,452.8
2348,1,20130729,20130612,1,1,2,2,6,1,2,318000,307000,-11000,47,1750,3,2.5,1960,7550,0.025500000000000002,7829,6655,0,242,467.2
2349,1,20130725,20130613,1,1,1,3,1,2,2,384500,384000,-500,42,2130,3,2.5,2005,8050,0.025,9600,8160,0,240.6,448.7
2350,1,20131112,20130805,1,1,1,2,1,1,2,321500,311000,-10500,99,2350,4,3.5,1993,7000,0.025500000000000002,7931,6741,0,227.8,471.1
2351,1,20130613,20130315,1,1,1,2,1,1,2,256000,255000,-1000,90,1490,3,2.5,2012,4250,0.025500000000000002,6503,5528,0,258.8,455.3
2352,1,20130612,20130326,1,1,1,3,2,5,2,331000,334000,3000,78,1520,2,2,2008,6050,0.025,8350,7098,0,236.6,441.6
2353,1,20130426,20130314,1,1,2,2,1,3,2,439000,444000,5000,43,2000,3,2.5,1955,5450,0.025500000000000002,11322,9624,0,259.6,453.1
2354,1,20130518,20130323,1,1,2,3,1,2,2,364500,370000,5500,56,2050,3,2.5,1991,10050,0.029,10730,9121,0,245.1,458.1
2355,1,20131220,20130920,1,1,1,1,3,4,2,411500,408500,-3000,91,2230,3,2.5,1999,6650,0.024,9804,8333,0,254.7,463.2
2356,1,20130912,20130703,1,1,1,2,3,4,2,395500,390500,-5000,71,2070,3,2.5,1962,7350,0.0265,10348,8796,0,258.5,446.1
2357,1,20130713,20130517,1,1,2,1,1,1,2,417000,398000,-19000,57,2000,3,2.5,1994,6200,0.029,11542,9811,4750,264.1,446.4
2358,1,20131229,20131120,1,1,2,6,1,1,2,318000,318000,0,39,2470,4,3.5,1980,10200,0.026000000000000002,8268,7028,0,238.6,468.1
2359,1,20130209,20121207,3,1,1,2,1,3,2,280000,279000,-1000,64,1710,3,2.5,1983,5550,0.029500000000000002,8231,6996,0,468.8,396.8
2360,1,20130527,20130414,1,1,2,1,2,5,2,319000,316500,-2500,43,1830,3,2.5,2002,5550,0.0235,7438,6322,0,248.2,468.6
2361,1,20140410,20140221,2,1,1,1,1,3,3,496000,483000,-13000,48,2270,3,2.5,2014,9800,0.029,14007,11906,0,236.8,414
2362,1,20140716,20140602,1,1,2,1,1,1,2,321000,325000,4000,44,1680,2,2,1970,6950,0.022,7150,6078,4000,261.2,445.1
2363,1,20140316,20140110,1,1,1,1,1,3,2,365500,359500,-6000,65,2170,4,3.5,2010,8350,0.023,8269,7029,0,242.9,458
2364,1,20140203,20131212,1,1,1,4,1,5,2,353000,360000,7000,53,1850,3,2.5,1994,7100,0.026000000000000002,9360,7956,0,264.8,440.7
2365,1,20141024,20140907,2,1,1,5,1,5,2,443000,446500,3500,47,2120,4,3.5,2014,8250,0.0285,12725,10816,0,232.6,403.9
2366,1,20140418,20140226,1,1,1,1,1,2,2,379500,377000,-2500,51,1950,3,2.5,1984,7400,0.0245,9237,7851,0,234.8,487.5
2367,1,20140328,20140217,1,1,1,8,1,1,2,306000,289000,-17000,39,1480,3,2.5,1993,6300,0.026000000000000002,7514,6387,3000,233.9,459.8
2368,1,20140403,20140221,2,1,2,3,2,5,2,424500,418000,-6500,41,2290,3,2.5,2001,9100,0.029,12122,10304,0,240.6,399.7
2369,1,20141002,20140822,5,1,2,1,3,1,2,413500,414500,1000,41,2230,4,3.5,1997,9200,0.025,10363,8809,6250,517.7,449.3
2370,1,20140626,20140503,1,1,2,6,1,1,2,342500,336500,-6000,54,1790,3,2.5,1987,8450,0.023,7740,6579,0,241.6,436
2371,1,20140510,20140305,1,1,2,4,2,1,2,301000,305500,4500,66,1510,3,2.5,1995,3800,0.0245,7485,6362,0,247.6,488.2
2372,1,20140825,20140617,1,1,1,2,5,1,2,287500,277000,-10500,69,1350,2,2,2000,3450,0.0235,6510,5534,0,235.8,459.9
2373,1,20140702,20140514,1,1,2,1,1,1,2,451500,438000,-13500,49,1900,4,3.5,2013,7050,0.0245,10731,9121,0,280.4,470.2
2374,1,20140212,20140103,1,1,2,5,1,5,2,375500,374000,-1500,40,1740,2,2,1957,7100,0.023,8602,7312,0,230.3,456.2
2375,1,20140306,20140119,1,1,1,2,1,5,2,422000,410000,-12000,46,2170,4,3.5,2004,8950,0.023,9430,8016,0,253.7,463.1
2376,1,20140305,20140113,1,1,3,1,1,1,2,383000,388500,5500,51,1730,3,2.5,1974,5950,0.0485,18842,16016,0,235.5,464.5
2377,1,20140701,20140509,1,1,1,1,2,2,2,401000,399000,-2000,53,1900,3,2.5,1958,7800,0.027,10773,9157,0,242,470.6
2378,1,20140730,20140609,1,1,3,2,1,1,2,406000,389500,-16500,51,1940,4,3.5,1959,6500,0.0485,18891,16057,0,245.9,474.3
2379,1,20140416,20140219,1,1,1,2,1,5,2,368500,366000,-2500,56,1810,3,2.5,1973,7700,0.026000000000000002,9516,8089,0,226.2,495.1
2380,1,20140113,20131110,1,1,2,2,1,5,1,224500,222000,-2500,64,1250,2,2,1973,3700,0.022,4884,4151,0,269.2,459.3
2381,1,20140122,20131209,1,1,1,4,2,5,2,297000,287000,-10000,44,1600,3,2.5,1973,5800,0.026000000000000002,7462,6343,0,247.2,450.1
2382,1,20140715,20140527,1,1,1,1,3,1,2,405500,399500,-6000,49,1940,3,2.5,1976,6000,0.0265,10587,8999,0,227.5,445.7
2383,1,20141222,20141013,1,1,1,6,1,6,2,444500,447000,2500,70,2250,3,2.5,1956,5900,0.028,12516,10639,0,230.6,438.9
2384,1,20140528,20140407,1,1,3,2,4,1,2,323500,313000,-10500,51,1640,3,2.5,1957,5950,0.05,15650,13303,0,245.3,490.3
2385,1,20140824,20140703,2,1,2,3,1,6,3,485500,480000,-5500,52,2540,4,3.5,2014,7850,0.0235,11280,9588,0,236.6,403.9
2386,1,20140416,20140304,1,1,1,1,3,2,3,442000,450500,8500,43,2320,4,3.5,1970,11250,0.025,11263,9574,0,262.8,478.6
2387,1,20140915,20140722,1,1,1,6,1,2,2,420500,408000,-12500,55,1840,3,2.5,1999,8750,0.0285,11628,9884,0,257.9,476
2388,1,20140505,20140224,1,1,1,2,3,2,2,339500,346000,6500,70,1820,2,2,2001,8450,0.0275,9515,8088,0,246.6,468.5
2389,1,20140802,20140530,4,4,3,8,1,5,3,576000,559000,-17000,64,3060,5,4,2014,14750,0.0475,26553,22570,0,436.7,420.2
2390,1,20140709,20140526,1,1,1,1,1,1,2,435500,436000,500,44,1740,2,2,1970,6650,0.026000000000000002,11336,9636,0,233.9,471.4
2391,1,20140427,20140316,1,1,2,2,1,1,2,387000,380500,-6500,42,1960,3,2.5,1982,5700,0.0285,10844,9217,0,232.7,463.2
2392,1,20140628,20140504,1,1,1,6,4,2,3,526500,533000,6500,55,2270,3,2.5,1962,5900,0.026000000000000002,13858,11779,4000,225.5,472.1
2393,1,20140105,20131118,4,4,2,1,1,5,3,535500,538500,3000,48,2930,5,4,2014,12000,0.029500000000000002,15886,13503,0,433,423.7
2394,1,20140127,20131205,1,1,1,1,2,5,2,305500,312000,6500,53,1610,3,2.5,1982,4150,0.026000000000000002,8112,6895,0,236.4,478.4
2395,1,20140603,20140411,1,1,1,1,2,5,2,364000,351000,-13000,53,2040,5,4,1990,10200,0.024,8424,7160,0,272.9,474.5
2396,1,20140603,20140407,1,1,1,2,5,5,2,320000,322000,2000,57,2120,4,3.5,1961,7600,0.0245,7889,6706,0,243.7,453.4
2397,1,20140729,20140618,1,1,2,2,1,5,2,320500,323500,3000,41,1930,3,2.5,2006,8150,0.024,7764,6599,0,266,475.3
2398,1,20141121,20141012,1,1,2,5,1,2,2,318000,330000,12000,40,1940,3,2.5,1967,9350,0.023,7590,6452,0,246.4,453.6
2399,1,20140823,20140706,1,1,1,1,1,1,2,303500,301000,-2500,48,1740,3,2.5,1995,5650,0.029500000000000002,8880,7548,3000,241.3,418.8
2400,1,20140610,20140408,1,1,1,3,1,1,2,323500,316500,-7000,63,1960,3,2.5,2013,5550,0.0265,8387,7129,0,239.1,502.7
2401,1,20140908,20140731,1,1,3,4,2,2,2,399000,391500,-7500,39,2090,2,2,1971,7700,0.046,18009,15308,4250,212.4,446.1
2402,1,20140716,20140514,1,1,2,1,1,2,2,363500,364500,1000,63,2220,4,3.5,2007,8950,0.026000000000000002,9477,8055,1750,278.2,457.4
2403,1,20140620,20140503,1,1,2,3,1,5,2,353500,347500,-6000,48,1860,3,2.5,1992,7400,0.03,10425,8861,0,245.4,455.8
2404,1,20140518,20140314,1,1,2,2,1,6,2,361500,354000,-7500,65,1960,3,2.5,1992,7250,0.0235,8319,7071,2500,254.8,464.3
2405,1,20140720,20140608,1,1,2,4,1,2,2,411000,411000,0,42,2030,2,2,2010,5250,0.027,11097,9432,0,259.7,465.7
2406,1,20140505,20140311,1,1,2,1,1,1,2,396500,406000,9500,55,2690,4,3.5,1977,10950,0.025,10150,8628,0,254.6,481.6
2407,1,20140820,20140709,1,1,1,9,1,1,2,385000,383500,-1500,42,1700,2,2,2012,7250,0.0265,10163,8639,0,263.8,440.6
2408,1,20140331,20140209,1,1,1,3,2,2,2,361500,363000,1500,50,1930,3,2.5,2007,9000,0.0225,8168,6943,0,236.3,488.7
2409,1,20140718,20140604,1,1,1,4,1,5,3,499500,493000,-6500,44,2330,4,3.5,1996,6450,0.0245,12079,10267,0,262.5,465.9
2410,1,20141026,20140816,1,1,1,3,1,5,2,398000,383000,-15000,71,1980,3,2.5,2002,5850,0.0235,9001,7651,0,271.1,477.8
2411,1,20140911,20140801,1,1,2,3,3,5,1,219000,225500,6500,41,1230,2,2,1981,4550,0.029,6540,5559,0,249.8,475.6
2412,1,20140517,20140408,1,1,2,2,1,5,2,411000,407000,-4000,39,2090,3,2.5,1962,6400,0.028,11396,9687,0,248.4,451.4
2413,1,20140310,20140130,1,1,1,9,1,2,2,349500,351000,1500,39,1980,3,2.5,1990,9050,0.03,10530,8951,0,258.5,463.4
2414,1,20140927,20140815,1,1,1,2,4,2,2,382500,386000,3500,43,1900,3,2.5,1970,5800,0.0245,9457,8038,0,243,470.7
2415,1,20140502,20140304,1,1,1,8,1,5,3,525500,531000,5500,59,2320,4,3.5,1996,7050,0.029,15399,13089,0,250.5,495.2
2416,1,20140104,20131022,1,1,2,2,2,1,2,365000,353000,-12000,74,2100,3,2.5,2002,7750,0.0245,8649,7352,0,238.5,486.6
2417,1,20140411,20140114,1,1,2,1,1,1,2,389500,383000,-6500,87,1670,3,2.5,1975,6050,0.023,8809,7488,2250,236,458.8
2418,1,20140728,20140616,1,1,2,7,1,5,2,351000,346500,-4500,42,1650,2,2,1996,7600,0.0245,8489,7216,0,241.9,441.8
2419,1,20140508,20140218,4,4,1,3,1,5,3,578500,573500,-5000,79,2640,4,3.5,2014,12950,0.0235,13477,11455,0,430.7,415.3
2420,1,20140323,20140129,1,1,1,6,3,1,2,321000,320000,-1000,53,1460,3,2.5,1999,6900,0.029,9280,7888,0,246.8,476.6
2421,1,20140817,20140609,1,1,2,1,2,2,2,278000,268000,-10000,69,1660,3,2.5,1971,6800,0.0245,6566,5581,4250,280.4,491
2422,1,20140624,20140505,3,1,2,6,4,1,2,353000,350000,-3000,50,2100,3,2.5,1966,6250,0.024,8400,7140,5250,477.7,403
2423,1,20140517,20140326,1,1,2,2,2,5,2,409500,418000,8500,52,1990,3,2.5,2008,9550,0.029,12122,10304,0,259.2,473.8
2424,1,20140813,20140614,1,1,2,2,4,4,2,332000,321000,-11000,60,1790,3,2.5,2002,4500,0.029500000000000002,9470,8050,0,270.2,462.8
2425,1,20140730,20140605,4,4,2,4,2,5,3,552000,558500,6500,55,3080,5,4,2014,10700,0.0245,13683,11631,0,439,417.4
2426,1,20140901,20140713,1,1,1,2,1,2,2,257000,263000,6000,50,1510,3,2.5,1985,4650,0.023,6049,5142,0,265.6,481
2427,1,20140826,20140718,4,4,1,1,1,2,3,547500,552500,5000,39,3100,5,4,2014,12000,0.0285,15746,13384,0,443.1,421.5
2428,1,20140525,20140401,1,1,2,2,1,2,2,339500,334500,-5000,54,1660,2,2,1959,7750,0.027,9032,7677,0,273.5,480.2
2429,1,20140821,20140709,1,1,1,9,1,5,2,387500,386500,-1000,43,1760,2,2,2008,5050,0.025500000000000002,9856,8378,0,248.5,464
2430,1,20140812,20140623,1,1,2,1,1,1,2,451000,438500,-12500,50,2120,4,3.5,2009,9050,0.0225,9866,8386,0,232.6,454
2431,1,20140813,20140520,2,1,1,2,4,1,3,522000,505000,-17000,85,2720,5,4,2009,9750,0.022,11110,9444,0,238,417.7
2432,1,20140918,20140801,1,1,1,3,5,2,3,475000,483500,8500,48,2490,4,3.5,1988,9600,0.023,11121,9453,4250,250,462.9
2433,1,20140630,20140506,3,1,1,2,1,5,2,381000,379000,-2000,55,2130,3,2.5,1962,9900,0.0265,10044,8537,0,462.9,398.1
2434,1,20140722,20140605,1,1,1,2,1,1,2,305000,318500,13500,47,1640,3,2.5,2010,8100,0.0285,9077,7715,0,267.9,461.5
2435,1,20140823,20140626,1,1,1,4,5,4,2,340500,339000,-1500,58,1880,3,2.5,1982,7100,0.026000000000000002,8814,7492,0,251.2,456.1
2436,1,20140914,20140730,1,1,2,2,3,5,2,361000,362500,1500,46,1950,3,2.5,2012,9450,0.0225,8156,6933,0,242.8,463.7
2437,1,20140424,20140314,1,1,1,1,1,2,2,393000,396500,3500,41,2050,3,2.5,1994,6550,0.0285,11300,9605,0,259.9,473.8
2438,1,20141022,20140823,2,1,2,3,1,2,3,525500,514500,-11000,60,2790,4,3.5,2005,8600,0.024,12348,10496,0,236.6,406.7
2439,1,20140915,20140803,1,1,1,3,1,5,1,241000,244500,3500,43,1380,3,2.5,1983,3950,0.025,6113,5196,0,262.8,456.7
2440,1,20140307,20140109,1,1,1,3,1,2,2,268000,273000,5000,57,1280,2,2,1987,4100,0.0235,6416,5454,0,222.3,474.2
2441,1,20140114,20131207,4,4,1,1,2,3,2,449000,445500,-3500,38,2560,4,3.5,2014,7050,0.024,10692,9088,0,446,435.1
2442,1,20140527,20140330,1,1,1,1,3,2,2,414000,422000,8000,58,1810,4,3.5,2003,7400,0.025,10550,8968,0,226.9,458.3
2443,1,20140615,20140502,2,1,2,1,5,5,3,471000,471000,0,44,1910,3,2.5,2014,5000,0.022,10362,8808,0,228.8,415.3
2444,1,20140414,20140217,1,1,2,2,4,5,1,233500,230000,-3500,56,1290,2,2,1971,3500,0.029500000000000002,6785,5767,2500,278.7,464.4
2445,1,20140522,20140325,4,4,2,5,1,5,4,678500,694000,15500,58,2960,5,4,2014,10050,0.022,15268,12978,0,433.1,428.7
2446,1,20141020,20140826,5,1,2,4,1,1,2,294500,298000,3500,55,1730,2,2,1955,7050,0.024,7152,6079,0,537.1,416.8
2447,1,20140911,20140629,1,1,1,4,3,2,2,365500,367000,1500,74,1850,4,3.5,1968,5750,0.027,9909,8423,0,260.3,489.9
2448,1,20140615,20140409,3,1,1,2,1,2,2,286500,284000,-2500,67,1590,2,2,1970,7700,0.029,8236,7001,0,467.9,415.8
2449,1,20141128,20141020,1,1,2,2,1,2,2,343000,339000,-4000,39,1950,4,3.5,1957,4900,0.027,9153,7780,0,246.3,472
2450,1,20140625,20140507,1,1,1,3,1,3,2,451500,433000,-18500,49,1880,3,2.5,2005,6850,0.025500000000000002,11042,9386,0,245,465
2451,1,20140102,20131109,2,1,3,1,1,2,2,459000,448000,-11000,54,2110,3,2.5,2002,9600,0.0465,20832,17707,0,231.1,407.1
2452,1,20140904,20140706,1,1,2,1,1,1,2,264000,264000,0,60,1440,2,2,1961,4950,0.0235,6204,5273,0,242.1,475.2
2453,1,20141022,20140830,1,1,2,1,1,1,2,438000,438000,0,53,2100,4,3.5,1973,7650,0.025500000000000002,11169,9494,0,235.4,486.4
2454,1,20141227,20141113,1,1,2,1,1,1,2,300500,297500,-3000,44,1550,2,2,1958,5400,0.0285,8479,7207,0,248.5,462.9
2455,1,20140625,20140425,1,1,2,6,2,5,2,400000,414500,14500,61,2000,3,2.5,1957,6650,0.025,10363,8809,0,253.2,457.4
2456,1,20140601,20140417,1,1,2,2,1,2,2,378500,367000,-11500,45,1930,3,2.5,1979,6250,0.0225,8258,7019,0,256.6,464.4
2457,1,20141003,20140823,1,1,1,6,1,1,3,481000,468500,-12500,41,2080,3,2.5,1959,10050,0.028,13118,11150,0,258.4,486.4
2458,1,20140502,20140314,1,1,2,6,3,5,2,360000,353000,-7000,49,1900,3,2.5,2013,8900,0.0285,10061,8552,0,247,446.7
2459,1,20140719,20140411,1,1,1,9,1,5,2,359000,354000,-5000,99,1920,2,2,1968,6900,0.027,9558,8124,0,276.6,455.1
2460,1,20141004,20140813,1,1,2,3,1,4,3,481000,479000,-2000,52,2170,3,2.5,1957,6800,0.0265,12694,10790,0,248.6,465.2
2461,1,20141107,20140909,1,1,2,3,3,2,3,454500,472000,17500,59,2500,5,4,2012,12100,0.027,12744,10832,0,257.6,457.6
2462,1,20140508,20140309,1,1,1,1,4,6,2,292500,290500,-2000,60,1460,3,2.5,2002,4950,0.0275,7989,6791,0,264.1,482.1
2463,1,20140324,20140207,4,4,2,8,1,2,3,554500,538000,-16500,45,2770,5,4,2014,9400,0.0225,12105,10289,0,437.6,420.6
2464,1,20140516,20140321,1,1,1,1,1,2,2,266000,267000,1000,56,1790,3,2.5,1992,6300,0.0275,7343,6242,0,247.2,473.2
2465,1,20140520,20140306,1,1,2,9,4,2,2,435500,428000,-7500,75,2090,4,3.5,1963,8900,0.0265,11342,9641,0,247.4,458.2
2466,1,20140529,20140414,1,1,1,5,1,3,2,336000,328000,-8000,45,1920,4,3.5,1971,7400,0.023,7544,6412,5250,238.9,469.3
2467,1,20140513,20140320,2,1,1,9,1,2,3,657500,638500,-19000,54,3000,6,5,2014,12450,0.0285,18197,15467,0,234.5,412.3
2468,1,20140504,20140305,2,1,1,3,6,5,2,445500,433000,-12500,60,1830,3,2.5,2009,6650,0.0235,10176,8650,3750,219.7,410.3
2469,1,20140628,20140417,1,1,1,2,2,5,3,485500,484000,-1500,72,2060,3,2.5,1990,8950,0.0225,10890,9257,0,249.5,468.7
2470,1,20141029,20140918,1,1,1,2,1,2,2,366500,355000,-11500,41,2000,4,3.5,1969,8750,0.0285,10118,8600,0,246.9,454.7
2471,1,20140714,20140528,5,1,2,2,1,2,2,451500,449500,-2000,47,2300,4,3.5,1960,7350,0.023,10339,8788,0,500.8,454.2
2472,1,20140303,20140111,1,1,1,1,1,5,2,317500,316000,-1500,51,1640,2,2,2010,5450,0.0265,8374,7118,0,257,455.2
2473,1,20150830,20150711,1,1,1,1,4,5,2,433500,440000,6500,50,1960,3,2.5,2005,5750,0.0265,11660,9911,0,251,473.4
2474,1,20150930,20150807,1,1,1,1,3,5,2,284000,288500,4500,54,1320,3,2.5,1975,4750,0.026000000000000002,7501,6376,0,257.8,463.3
2475,1,20150427,20150305,1,1,1,1,1,3,2,378000,373000,-5000,53,1740,3,2.5,1960,4400,0.0275,10258,8719,0,255.2,479.3
2476,1,20151012,20150812,1,1,2,2,1,3,2,394000,393500,-500,61,2080,3,2.5,1971,8200,0.03,11805,10034,0,264.2,451
2477,1,20150328,20150211,1,1,2,2,1,5,2,375500,374000,-1500,45,1690,3,2.5,1957,7550,0.0225,8415,7153,0,269.4,470.8
2478,1,20151001,20150821,1,1,1,2,1,1,2,327000,321500,-5500,41,1470,2,2,1979,5700,0.025500000000000002,8198,6968,0,240.5,470.5
2479,1,20150121,20141204,1,1,1,1,5,2,3,621000,626000,5000,48,2340,4,3.5,1978,7000,0.03,18780,15963,0,243.4,471.8
2480,1,20150511,20150316,1,1,2,1,2,5,2,425000,423000,-2000,56,1960,3,2.5,1968,5650,0.0265,11210,9529,0,230.7,473.5
2481,1,20150508,20150325,1,1,2,2,1,1,3,491000,473500,-17500,44,2170,3,2.5,2012,9850,0.029500000000000002,13968,11873,0,264,452.1
2482,1,20150412,20150217,1,1,2,2,1,1,3,467000,483000,16000,54,2170,4,3.5,1970,7000,0.029,14007,11906,0,225.8,460.6
2483,1,20150502,20150217,2,1,1,2,4,2,3,617500,601500,-16000,74,2160,4,3.5,2009,7450,0.025,15038,12782,0,241.9,416.2
2484,1,20150416,20150302,1,1,1,2,2,5,2,437000,436500,-500,45,2070,3,2.5,2012,9300,0.027,11786,10018,7000,234.4,462.2
2485,1,20150710,20150504,1,1,1,4,3,5,3,510500,511000,500,67,1990,3,2.5,1999,7100,0.028,14308,12162,0,263.1,464.8
2486,1,20151025,20150824,1,1,1,3,1,5,2,403000,399000,-4000,62,1730,4,3.5,1976,5500,0.0225,8978,7631,0,246,454.7
2487,1,20150617,20150504,4,4,3,6,2,3,3,574500,557500,-17000,44,2660,4,3.5,2015,7900,0.0495,27596,23457,0,430.7,419
2488,1,20151212,20151029,3,1,1,9,1,2,2,430000,424000,-6000,44,2040,2,2,1986,7700,0.023,9752,8289,0,482.4,411.4
2489,1,20151116,20151001,1,1,2,2,1,4,2,443000,442500,-500,46,2390,4,3.5,2002,7550,0.0285,12611,10719,0,227,468.7
2490,1,20150115,20141105,1,1,1,2,2,5,4,685000,675000,-10000,71,2610,4,3.5,1981,10050,0.026000000000000002,17550,14918,0,253.4,464.3
2491,1,20150804,20150620,1,1,2,2,1,5,2,434500,426000,-8500,45,1740,2,2,1987,5300,0.0235,10011,8509,4750,241.5,430.3
2492,1,20150417,20150307,1,1,1,6,4,1,3,465500,476500,11000,41,1860,3,2.5,2005,8500,0.029,13819,11746,0,243,473
2493,1,20150620,20150430,1,1,1,1,1,1,3,501000,499000,-2000,51,2450,4,3.5,1967,6300,0.0275,13723,11665,0,262.8,442.9
2494,1,20150905,20150622,1,1,1,1,2,1,2,415000,409500,-5500,75,1970,3,2.5,1969,5000,0.025,10238,8702,0,271.9,462.9
2495,1,20150628,20150511,1,1,1,2,3,1,2,391500,386000,-5500,48,1850,2,2,1987,7750,0.029500000000000002,11387,9679,0,255.2,489.7
2496,1,20150822,20150630,1,1,1,9,2,1,2,322500,331500,9000,53,1870,3,2.5,1971,7100,0.0275,9116,7749,0,233.5,454.1
2497,1,20151224,20151113,1,1,1,4,1,5,2,375000,368500,-6500,41,1800,4,3.5,2014,6150,0.029,10687,9084,0,266.9,461.5
2498,1,20150705,20150503,1,1,2,2,4,5,3,490000,504000,14000,63,2120,4,3.5,1978,5350,0.028,14112,11995,0,235.9,465.7
2499,1,20150704,20150418,1,1,1,4,1,5,2,360500,362000,1500,77,1730,3,2.5,1990,8600,0.027,9774,8308,0,257.9,448.4
2500,1,20151017,20150905,1,1,1,1,1,4,1,249000,248500,-500,42,1580,3,2.5,1977,4550,0.025500000000000002,6337,5386,0,238.2,435.9
2501,1,20150110,20141201,1,1,2,2,4,5,3,484000,482000,-2000,40,2220,3,2.5,1978,10300,0.022,10604,9013,5750,248,462.8
2502,1,20150926,20150801,1,1,3,2,1,5,2,363000,367000,4000,56,1760,3,2.5,2006,4700,0.048,17616,14974,0,234.5,443.7
2503,1,20151001,20150823,1,1,2,2,3,5,2,338500,338000,-500,39,1940,4,3.5,2009,7400,0.029500000000000002,9971,8475,0,242.9,441.9
2504,1,20150825,20150712,2,1,2,5,1,5,3,621000,612000,-9000,44,2400,4,3.5,2015,9350,0.024,14688,12485,0,229.6,421.5
2505,1,20151006,20150823,1,1,2,4,1,2,2,349000,358000,9000,44,1890,4,3.5,1997,8050,0.024,8592,7303,0,247.5,467.4
2506,1,20150906,20150728,1,1,2,2,2,4,3,524500,513500,-11000,40,2350,4,3.5,1969,7650,0.024,12324,10475,0,270.4,493.9
2507,1,20150613,20150401,4,4,2,2,2,5,2,450500,442000,-8500,73,2100,3,2.5,2015,10500,0.026000000000000002,11492,9768,0,444.7,419.7
2508,1,20150616,20150430,1,1,1,2,3,4,2,445500,438500,-7000,47,1840,2,2,2009,9100,0.028,12278,10436,0,246.1,478.9
2509,1,20150802,20150612,1,1,1,2,1,1,3,482000,475000,-7000,51,2160,3,2.5,1974,7100,0.024,11400,9690,0,241.6,479.8
2510,1,20150123,20141129,1,1,1,2,1,2,2,399500,400000,500,55,2200,4,3.5,2000,5450,0.0275,11000,9350,3750,248.2,472.1
2511,1,20150709,20150521,3,1,1,1,1,1,3,575500,580500,5000,49,2500,4,3.5,1968,6400,0.0265,15383,13076,0,479.3,405
2512,1,20150608,20150421,1,1,1,6,1,5,2,380500,380500,0,48,1790,3,2.5,1990,4550,0.025500000000000002,9703,8248,0,255.1,474.7
2513,1,20150505,20150314,1,1,2,1,2,1,2,289500,289000,-500,52,1570,2,2,1979,7050,0.023,6647,5650,0,244.3,485.7
2514,1,20150404,20150217,1,1,1,9,1,2,2,401500,401000,-500,46,1700,3,2.5,1991,5200,0.0245,9825,8351,2750,247.3,468.6
2515,1,20150831,20150717,1,1,2,6,1,4,2,423000,421000,-2000,45,1980,3,2.5,1980,8000,0.029,12209,10378,6000,236.3,439.2
2516,1,20150322,20150129,1,1,2,3,1,1,2,429500,426500,-3000,52,1830,3,2.5,1964,6650,0.029,12369,10514,0,263.1,432.5
2517,1,20150428,20150225,4,4,2,1,1,2,3,642000,645500,3500,62,2740,3,2.5,2015,11600,0.023,14847,12620,0,446.3,419.1
2518,1,20151106,20150927,1,1,3,1,1,2,2,405500,403000,-2500,40,1760,2,2,1994,7700,0.0455,18337,15586,0,261.8,485.4
2519,1,20150824,20150712,1,1,3,2,1,1,2,312000,304500,-7500,43,1760,2,2,2006,7600,0.044,13398,11388,0,254,459.7
2520,1,20150222,20150109,1,1,1,3,1,1,2,393000,394000,1000,44,1920,3,2.5,1962,6550,0.027,10638,9042,0,266.6,441.9
2521,1,20150529,20150406,1,1,1,1,2,6,2,304500,306500,2000,53,1610,3,2.5,1963,6750,0.029,8889,7556,0,252.5,450.4
2522,1,20150928,20150815,1,1,2,5,4,5,3,498500,502000,3500,44,2200,4,3.5,1975,6800,0.026000000000000002,13052,11094,0,232.8,449.4
2523,1,20150302,20150116,1,1,1,2,1,5,3,451500,459500,8000,45,2090,3,2.5,1997,7800,0.028,12866,10936,4750,242.2,483.3
2524,1,20151025,20150827,1,1,1,2,3,2,2,333000,325000,-8000,59,1600,2,2,1997,6500,0.025,8125,6906,1750,240.9,454.4
2525,1,20151108,20150917,1,1,1,8,2,5,2,396500,391000,-5500,52,1770,2,2,2009,7650,0.0285,11144,9472,0,260.8,464.6
2526,1,20150927,20150811,1,1,2,5,5,5,2,445000,443000,-2000,47,1940,3,2.5,1963,9100,0.026000000000000002,11518,9790,0,254.3,442.4
2527,1,20150614,20150428,1,1,1,2,3,2,2,348000,348500,500,47,1940,3,2.5,1971,5450,0.0285,9932,8442,0,243,477.6
2528,1,20150816,20150626,1,1,1,3,1,2,2,377500,394500,17000,51,1810,4,3.5,1967,6350,0.0225,8876,7545,0,222.9,490.4
2529,1,20150315,20150203,1,1,2,2,1,3,3,476000,485000,9000,40,2030,4,3.5,1990,4900,0.027,13095,11131,0,225,472.1
2530,1,20151027,20150904,2,1,2,4,3,1,2,351500,347000,-4500,53,1680,2,2,2007,6750,0.025,8675,7374,0,237.5,408.8
2531,1,20150625,20150414,1,1,1,1,3,1,2,285000,291500,6500,72,1480,3,2.5,1964,4050,0.0245,7142,6071,0,272.9,497.5
2532,1,20150615,20150418,1,1,2,2,5,1,2,298000,297500,-500,58,1750,3,2.5,1991,4500,0.029,8628,7334,0,264.5,462.5
2533,1,20150314,20150123,5,1,1,1,1,1,2,332000,341500,9500,50,1710,3,2.5,1963,5900,0.0275,9391,7982,0,516.7,446.8
2534,1,20151109,20150909,1,1,2,1,2,6,2,422000,432000,10000,61,1900,3,2.5,1988,8500,0.0285,12312,10465,0,259.9,468.1
2535,1,20150530,20150406,1,1,2,4,3,6,2,450000,443500,-6500,54,2180,4,3.5,1960,6850,0.025,11088,9425,0,257.8,444.9
2536,1,20151102,20150829,1,1,2,3,3,2,3,557000,551500,-5500,65,2500,4,3.5,1976,7300,0.024,13236,11251,0,252.9,450.4
2537,1,20150302,20150105,1,1,1,2,5,1,2,399500,410500,11000,56,1610,2,2,1974,5200,0.028,11494,9770,0,260.1,456.5
2538,1,20150808,20150630,1,1,3,3,3,5,2,358500,353000,-5500,39,1540,2,2,1979,7700,0.0485,17121,14553,0,273.5,446.9
2539,1,20151119,20151006,1,1,2,6,1,1,3,465000,478500,13500,44,1920,2,2,1980,6450,0.03,14355,12202,0,245.4,448.9
2540,1,20150327,20150201,1,1,1,8,3,5,2,451000,432000,-19000,54,2130,3,2.5,1969,6850,0.0225,9720,8262,0,273.2,459.5
2541,1,20150712,20150527,2,1,1,3,3,5,4,700500,676500,-24000,46,2760,5,4,2015,13150,0.0285,19280,16388,0,251.3,413
2542,1,20151216,20151026,1,1,3,2,4,2,3,494000,489500,-4500,51,2180,3,2.5,1974,8100,0.0455,22272,18931,0,240.1,485.5
2543,1,20150913,20150715,3,1,1,2,1,2,2,350500,347500,-3000,60,1860,3,2.5,1996,6200,0.0285,9904,8418,0,471.4,396.2
2544,1,20150315,20150205,1,1,1,5,1,5,2,443000,442500,-500,38,1990,3,2.5,1998,9200,0.028,12390,10532,0,239.4,461.3
2545,1,20151021,20150823,1,1,1,3,4,4,2,427500,426500,-1000,59,1600,3,2.5,1957,7650,0.023,9810,8339,0,229.4,489.6
2546,1,20151122,20151012,1,1,1,1,3,5,2,356000,355000,-1000,41,1950,3,2.5,2001,7300,0.024,8520,7242,0,258,425.4
2547,1,20150313,20150119,1,1,1,6,4,5,3,496500,497500,1000,53,2100,3,2.5,1994,7700,0.025,12438,10572,0,273.1,472.2
2548,1,20150925,20150706,1,1,2,1,2,5,2,314000,330000,16000,81,1550,3,2.5,1987,6400,0.0235,7755,6592,0,240.9,439.5
2549,1,20150614,20150430,2,1,3,1,1,5,3,449000,455500,6500,45,1910,4,3.5,2015,8250,0.0475,21636,18391,0,234.1,412
2550,1,20151122,20150924,1,1,1,2,1,2,2,427000,413500,-13500,59,1800,2,2,1956,6100,0.029,11992,10193,0,241.9,421.1
2551,1,20150225,20150115,2,1,1,1,1,4,3,595000,592500,-2500,41,2610,4,3.5,2006,10350,0.024,14220,12087,0,236.4,405.2
2552,1,20150519,20150408,1,1,1,2,2,2,3,508500,498500,-10000,41,2230,3,2.5,1993,9700,0.028,13958,11864,2500,240,452.1
2553,1,20150517,20150327,1,1,1,5,1,5,3,457000,458000,1000,51,1970,3,2.5,1969,7800,0.023,10534,8954,0,264.7,475.2
2554,1,20150623,20150514,1,1,1,2,6,1,2,347000,345000,-2000,40,1620,2,2,1993,4350,0.0265,9143,7772,0,228,454.9
2555,1,20150618,20150426,1,1,2,4,1,3,2,451000,441500,-9500,53,2180,4,3.5,2011,7850,0.0285,12583,10696,0,237.1,458.8
2556,1,20150625,20150516,1,1,2,1,1,2,2,353500,361000,7500,40,1760,2,2,1999,4400,0.023,8303,7058,0,251,464.2
2557,1,20150521,20150407,1,1,1,1,1,2,2,437500,435500,-2000,44,1750,3,2.5,2011,7950,0.0245,10670,9070,0,244.5,436.2
2558,1,20150908,20150729,1,1,1,2,1,2,2,393500,400000,6500,41,1800,2,2,1973,8550,0.03,12000,10200,0,243.3,460.3
2559,1,20150601,20150411,1,1,2,1,1,1,2,339000,333000,-6000,51,1750,3,2.5,2002,5950,0.028,9324,7925,0,274.2,452.6
2560,1,20150613,20150424,1,1,1,2,4,5,2,384000,380000,-4000,50,1690,4,3.5,1959,6550,0.0225,8550,7268,0,242.8,462.6
2561,1,20150911,20150722,1,1,2,4,1,5,2,399500,387500,-12000,51,1710,2,2,2009,7250,0.024,9300,7905,0,264.4,426.8
2562,1,20151109,20150916,2,1,1,3,1,5,3,620500,615000,-5500,54,2640,4,3.5,2014,8000,0.0235,14453,12285,0,235.2,415.7
2563,1,20150809,20150628,2,1,1,7,1,1,3,601500,588500,-13000,42,2430,4,3.5,2015,6300,0.025500000000000002,15007,12756,0,236.5,405.3
2564,1,20150214,20150101,1,1,1,2,1,4,2,402500,403500,1000,44,1640,3,2.5,1982,5150,0.0225,9079,7717,0,255.2,441.3
2565,1,20151204,20151025,1,1,2,2,2,2,2,366000,354500,-11500,40,1590,3,2.5,1963,5550,0.0225,7976,6780,0,269.2,443.2
2566,1,20151224,20151102,1,1,2,7,1,6,2,308500,302500,-6000,52,1770,3,2.5,1978,7900,0.0275,8319,7071,0,257,459.8
2567,1,20150913,20150729,1,1,2,3,2,5,2,327000,323000,-4000,46,1640,2,2,1992,3950,0.025,8075,6864,0,249.9,460.6
2568,1,20150104,20141124,5,1,1,1,2,2,2,413000,417500,4500,41,1940,4,3.5,2012,8000,0.0265,11064,9404,0,536.1,455
2569,1,20150509,20150331,1,1,2,2,2,5,2,338000,333000,-5000,39,1700,2,2,1963,6950,0.026000000000000002,8658,7359,0,267.6,467.3
2570,1,20151212,20151102,2,1,1,3,2,3,3,563000,534500,-28500,40,2500,4,3.5,2015,10250,0.0275,14699,12494,0,241.1,411.4
2571,1,20150210,20141215,1,1,1,2,1,5,2,406500,400000,-6500,57,1510,3,2.5,1964,5650,0.0265,10600,9010,0,249.9,444.5
2572,1,20150914,20150801,1,1,2,6,2,4,2,400000,411000,11000,44,1750,3,2.5,1975,8700,0.0235,9659,8210,0,260,473.8
2573,1,20150301,20150113,1,1,1,3,1,3,2,337500,337000,-500,47,1770,3,2.5,1957,8100,0.022,7414,6302,0,259.6,473.8
2574,1,20150801,20150622,1,1,1,1,1,3,2,388000,387500,-500,40,1690,3,2.5,1984,7500,0.029500000000000002,11431,9716,0,230.8,478.1
2575,1,20150528,20150417,5,1,1,3,1,5,2,349500,358500,9000,41,1630,2,2,1980,7650,0.026000000000000002,9321,7923,0,516.3,436.4
2576,1,20150825,20150709,1,1,1,1,4,6,2,325000,328500,3500,47,1550,3,2.5,1964,4650,0.0235,7720,6562,0,227.6,475.6
2577,1,20151002,20150805,3,1,1,4,1,1,3,449500,454000,4500,58,2380,4,3.5,1956,10250,0.026000000000000002,11804,10033,0,471,404.5
2578,1,20150525,20150402,1,1,1,1,1,2,2,397500,389000,-8500,53,1560,3,2.5,1980,5250,0.0285,11087,9424,0,247.2,475.5
2579,1,20150822,20150528,4,4,2,1,1,1,3,587500,603000,15500,86,2580,5,4,2015,12500,0.029,17487,14864,0,440.5,425.4
2580,1,20150225,20150101,1,1,1,4,3,4,2,427500,439000,11500,55,2210,3,2.5,2012,10850,0.027,11853,10075,0,261.2,471.6
2581,1,20151202,20151008,1,1,1,9,6,1,2,346000,341500,-4500,55,1710,4,3.5,1971,7450,0.024,8196,6967,0,242,481
2582,1,20150317,20150128,1,1,2,9,1,2,2,441000,442000,1000,48,2020,4,3.5,1963,8800,0.0265,11713,9956,0,249.8,483.7
2583,1,20151216,20151030,1,1,1,9,1,1,2,399000,376000,-23000,47,1680,3,2.5,2014,7300,0.028,10528,8949,0,261.5,457.8
2584,1,20150414,20150305,1,1,1,2,1,2,3,488500,513000,24500,40,2140,3,2.5,1968,7700,0.029500000000000002,15134,12864,0,255.7,455.2
2585,1,20150706,20150510,1,1,3,9,2,1,2,355000,353500,-1500,57,1780,3,2.5,1998,8050,0.047,16615,14123,0,266.8,454.6
2586,1,20151002,20150818,1,1,2,6,1,3,3,431500,450000,18500,45,2540,5,4,1976,12400,0.025,11250,9563,0,273.2,476.8
2587,1,20150401,20150221,1,1,1,2,1,5,3,456500,453000,-3500,39,2000,4,3.5,1990,7800,0.026000000000000002,11778,10011,0,276.7,470
2588,1,20150308,20150127,1,1,2,1,1,5,1,226000,230500,4500,40,1140,2,2,1976,3800,0.0285,6569,5584,0,236.4,457.7
2589,1,20150817,20150630,1,1,1,4,1,4,2,407500,410000,2500,48,1940,2,2,1955,7850,0.028,11480,9758,0,257.2,464.5
2590,1,20150416,20150218,1,1,2,2,3,4,2,317500,317000,-500,57,1960,4,3.5,1995,8100,0.026000000000000002,8242,7006,0,242.2,462.6
2591,1,20150310,20150128,1,1,2,1,1,2,2,257000,257000,0,41,1330,3,2.5,1998,5700,0.0235,6040,5134,0,246.4,465.1
2592,1,20150427,20150227,3,1,1,1,1,2,3,455500,459500,4000,59,1920,3,2.5,1988,5650,0.028,12866,10936,0,470.9,402.2
2593,1,20150915,20150806,3,1,1,2,1,5,2,258500,259000,500,40,1690,3,2.5,1988,4900,0.0225,5828,4954,0,470,401.2
2594,1,20150320,20150206,1,1,1,6,1,2,2,455500,449500,-6000,42,2320,4,3.5,2005,6100,0.029500000000000002,13260,11271,0,253.6,455.1
2595,1,20151013,20150825,1,1,2,7,1,3,2,338000,335500,-2500,49,1650,3,2.5,1988,7150,0.025,8388,7130,0,240.3,454.4
2596,1,20150318,20150128,2,1,1,4,2,2,4,726000,741500,15500,49,3140,5,4,2015,8550,0.03,22245,18908,0,240.8,416.9
2597,1,20151117,20151009,1,1,1,1,1,1,3,469000,462000,-7000,39,1870,3,2.5,1970,8800,0.026000000000000002,12012,10210,0,239.8,448.6
2598,1,20151028,20150918,1,1,2,2,1,2,2,374500,379000,4500,40,1670,2,2,2000,8150,0.03,11370,9665,0,265.1,443
2599,1,20150216,20141209,1,1,1,2,1,4,2,422500,422000,-500,69,1900,3,2.5,1970,9350,0.0235,9917,8429,3000,273,454.9
2600,1,20151128,20151010,1,1,1,1,5,6,4,663500,655000,-8500,49,2610,5,4,1993,8800,0.0275,18013,15311,0,252.4,464.2
2601,1,20150409,20150201,1,1,2,1,1,2,3,468000,465000,-3000,67,2170,3,2.5,2007,7600,0.027,12555,10672,4250,268.3,453.5
2602,1,20150815,20150702,1,1,1,3,3,2,2,396500,403000,6500,44,2040,4,3.5,2009,5700,0.025500000000000002,10277,8735,0,293,489.3
2603,1,20161106,20160927,1,1,1,1,2,5,3,462000,474500,12500,40,2430,5,4,1964,9950,0.025,11863,10084,0,243.5,461.5
2604,1,20160818,20160622,1,1,2,5,1,1,2,407000,394000,-13000,57,1970,4,3.5,1978,6000,0.029,11426,9712,0,260.6,461.2
2605,1,20161026,20160912,1,1,2,2,4,2,2,336000,343500,7500,44,1600,3,2.5,1991,6600,0.024,8244,7007,0,228.2,464.2
2606,1,20160304,20160121,1,1,2,2,2,1,2,361500,359000,-2500,43,1510,2,2,1987,5400,0.028,10052,8544,0,236.7,427.7
2607,1,20160424,20160306,1,1,1,2,1,1,2,332500,331500,-1000,49,1450,2,2,1996,7000,0.0225,7459,6340,0,262.3,452
2608,1,20161213,20160918,1,1,2,1,2,2,3,499500,489500,-10000,86,1970,3,2.5,2010,7950,0.029,14196,12067,0,247,476.6
2609,1,20160802,20160605,1,1,1,3,1,5,3,562000,566000,4000,58,2150,4,3.5,1991,6900,0.026000000000000002,14716,12509,0,241.9,466
2610,1,20160724,20160614,1,1,2,4,3,4,2,341000,341500,500,40,1680,2,2,1988,4850,0.029500000000000002,10074,8563,0,242,461.4
2611,1,20160409,20160120,1,1,1,2,1,2,2,321000,319000,-2000,80,1460,2,2,1959,4050,0.029500000000000002,9411,7999,0,261,479.6
2612,1,20160115,20151205,1,1,2,2,1,4,2,430500,434000,3500,41,1650,3,2.5,2013,5050,0.029,12586,10698,0,232,459.7
2613,1,20160514,20160318,1,1,2,2,1,6,2,399000,391500,-7500,57,1680,3,2.5,2011,7750,0.026000000000000002,10179,8652,5500,257.6,459.9
2614,1,20160329,20160216,2,1,1,2,4,5,3,510500,505000,-5500,42,2220,3,2.5,2011,6300,0.0225,11363,9659,5250,223.7,410.3
2615,1,20160512,20160307,4,4,2,2,1,5,3,692500,645500,-47000,66,3330,5,4,2016,15500,0.0235,15169,12894,0,444.5,418.4
2616,1,20160202,20151119,1,1,1,2,2,1,3,619500,621500,2000,75,2450,4,3.5,1987,11550,0.0235,14605,12414,0,243.2,463.8
2617,1,20160415,20160307,1,1,2,1,1,1,3,509500,502000,-7500,39,2060,3,2.5,1991,7450,0.027,13554,11521,0,253.2,474.6
2618,1,20160203,20151219,1,1,1,2,3,2,2,437000,423000,-14000,46,2030,4,3.5,2013,5550,0.0235,9941,8450,0,220.2,456.9
2619,1,20160418,20160302,1,1,1,1,1,2,2,258500,268000,9500,47,1550,3,2.5,1976,7150,0.025500000000000002,6834,5809,0,257.6,501.3
2620,1,20160919,20160807,1,1,2,4,1,3,3,526500,535000,8500,43,2010,4,3.5,1990,9250,0.0265,14178,12051,0,260.7,455.4
2621,1,20160129,20151209,1,1,3,2,2,1,3,565000,556500,-8500,51,2390,3,2.5,2010,10750,0.0505,28103,23888,0,236.6,469.2
2622,1,20160501,20160304,1,1,2,9,3,1,2,371000,364000,-7000,58,1900,3,2.5,2010,9250,0.024,8736,7426,0,247.1,455.9
2623,1,20160601,20160407,1,1,2,3,1,2,2,421500,430000,8500,55,1840,4,3.5,2011,6100,0.028,12040,10234,0,234.4,453
2624,1,20160205,20151223,1,1,3,8,1,2,3,459500,463500,4000,44,1910,3,2.5,1987,6500,0.043000000000000003,19931,16941,0,258,453
2625,1,20160407,20160221,1,1,1,7,1,5,2,415500,423000,7500,46,2050,5,4,1960,4950,0.028,11844,10067,0,273.2,460.7
2626,1,20160218,20151128,1,1,1,1,3,5,3,514500,514000,-500,82,2450,4,3.5,2004,8050,0.029500000000000002,15163,12889,0,254.1,471.2
2627,1,20161020,20160815,1,1,1,2,3,1,3,519500,492500,-27000,66,2030,3,2.5,1967,7650,0.0225,11081,9419,4000,238.5,493.5
2628,1,20161002,20160726,1,1,1,1,2,5,2,353500,360000,6500,68,1940,3,2.5,1983,6100,0.027,9720,8262,0,247.2,464
2629,1,20160621,20160505,1,1,1,2,1,5,3,497500,488000,-9500,47,2060,4,3.5,2010,6250,0.0235,11468,9748,0,236.2,472.6
2630,1,20160117,20151209,1,1,1,1,1,1,2,379500,382000,2500,39,1730,2,2,1958,7050,0.0235,8977,7630,0,248.8,447.9
2631,1,20160610,20160501,1,1,1,3,1,3,2,437000,426000,-11000,40,1570,2,2,1996,5650,0.0265,11289,9596,2250,260.4,434.7
2632,1,20160130,20151220,1,1,1,3,1,6,2,328500,332000,3500,41,1770,3,2.5,1959,5650,0.0235,7802,6632,0,241.6,481
2633,1,20161122,20161011,1,1,1,3,1,4,3,537500,541500,4000,42,1840,3,2.5,2015,5700,0.022,11913,10126,0,258.3,481.8
2634,1,20160709,20160526,1,1,2,6,1,5,2,341000,356500,15500,44,2070,4,3.5,1973,7750,0.0275,9804,8333,0,262.2,475.1
2635,1,20160824,20160708,1,1,1,2,6,5,3,480000,467000,-13000,47,2250,4,3.5,1998,8750,0.0235,10975,9329,0,255.6,454
2636,1,20160416,20160308,2,1,1,3,1,3,4,791000,769500,-21500,39,2930,5,4,2015,7500,0.027,20777,17660,0,240.5,406.7
2637,1,20160731,20160618,1,1,2,9,5,5,2,373000,373000,0,43,1800,3,2.5,1979,5350,0.0245,9139,7768,0,257.7,448.4
2638,1,20161214,20161106,1,1,3,2,2,5,2,323500,334000,10500,38,1550,2,2,1999,6400,0.0465,15531,13201,3750,271.5,476.7
2639,1,20160525,20160329,1,1,1,6,4,3,2,417500,414500,-3000,57,1980,3,2.5,1966,9100,0.025500000000000002,10570,8985,4250,254.9,458.6
2640,1,20160824,20160714,1,1,1,2,2,5,2,404500,399000,-5500,41,1630,2,2,1977,6400,0.025,9975,8479,6750,239.4,457.8
2641,1,20160517,20160330,1,1,1,1,5,5,2,312500,311000,-1500,48,1290,2,2,1955,4250,0.0245,7620,6477,0,247.6,430.6
2642,1,20161113,20160924,1,1,1,3,3,5,2,430500,439000,8500,50,1600,3,2.5,1955,4650,0.025,10975,9329,0,242,452.2
2643,1,20160227,20160113,1,1,1,1,2,2,2,385500,389000,3500,45,1630,3,2.5,1998,4450,0.025,9725,8266,0,257.9,474.9
2644,1,20161013,20160817,1,1,2,2,1,3,2,453500,431000,-22500,57,1970,4,3.5,1990,5900,0.0245,10560,8976,0,267.9,469.6
2645,1,20160807,20160611,1,1,2,1,4,5,2,403500,394500,-9000,57,2100,3,2.5,1970,5800,0.0265,10454,8886,3500,264,468.3
2646,1,20160320,20160204,1,1,1,6,3,1,2,369500,368000,-1500,45,1510,2,2,2004,5800,0.0265,9752,8289,0,264.8,421.1
2647,1,20160806,20160610,1,1,2,4,1,5,2,304500,302500,-2000,57,1430,2,2,1983,5300,0.025500000000000002,7714,6557,0,244.7,458.1
2648,1,20161230,20161115,1,1,1,3,2,2,2,399500,395500,-4000,45,1850,2,2,2006,6700,0.025500000000000002,10085,8572,0,228.9,457.3
2649,1,20160202,20151212,1,1,1,1,1,2,3,471500,463000,-8500,52,2050,3,2.5,2002,8350,0.0245,11344,9642,0,227.3,446.8
2650,1,20160615,20160423,5,1,3,1,3,1,2,383000,369500,-13500,53,1630,2,2,2011,4950,0.0455,16812,14290,0,513.7,434.9
2651,1,20160812,20160628,5,1,2,2,3,1,2,397000,398500,1500,45,1770,3,2.5,1982,7150,0.027,10760,9146,0,520.3,456.5
2652,1,20161220,20161107,1,1,1,1,1,5,3,507500,511500,4000,43,2030,3,2.5,2000,7300,0.0265,13555,11522,0,222.5,470.8
2653,1,20160529,20160416,1,1,2,1,1,3,2,359000,362000,3000,43,1710,2,2,2011,7300,0.028,10136,8616,3000,243.6,440.8
2654,1,20161025,20160814,1,1,1,9,1,5,2,414500,427000,12500,72,1830,3,2.5,1997,6100,0.025500000000000002,10889,9256,0,242,462.5
2655,1,20160625,20160430,1,1,1,1,1,6,2,353500,349500,-4000,56,1370,3,2.5,1967,6100,0.0275,9611,8169,0,251.5,455
2656,1,20160203,20151204,1,1,2,2,2,1,2,365500,377000,11500,61,1610,3,2.5,2005,4000,0.029500000000000002,11122,9454,0,257.7,453
2657,1,20160511,20160228,1,1,1,2,1,1,3,512000,505500,-6500,73,2230,3,2.5,2010,5400,0.0235,11879,10097,0,249.2,464.1
2658,1,20160622,20160426,1,1,1,3,1,2,3,501500,487500,-14000,57,1880,3,2.5,2014,9050,0.0285,13894,11810,0,266,460.3
2659,1,20160509,20160229,2,1,2,3,1,4,3,457000,452500,-4500,70,2540,4,3.5,2015,8450,0.0245,11086,9423,0,238.5,392.6
2660,1,20160904,20160701,1,1,1,2,4,3,2,338500,336500,-2000,65,1390,2,2,1989,6700,0.029,9759,8295,0,255.7,469
2661,1,20160621,20160415,1,1,1,7,2,1,3,621500,621500,0,67,2350,4,3.5,1962,11700,0.0235,14605,12414,0,224.6,461.7
2662,1,20160501,20160307,1,1,2,3,5,1,2,340500,321500,-19000,55,1930,3,2.5,1971,5200,0.029500000000000002,9484,8061,0,252.8,483.8
2663,1,20160624,20160430,1,1,3,2,2,1,3,447500,468000,20500,55,1900,3,2.5,1959,7150,0.0475,22230,18896,6000,268.2,465
2664,1,20160102,20151022,4,4,2,1,1,5,2,416000,421000,5000,72,1910,3,2.5,2016,5700,0.029,12209,10378,0,439.9,415.3
2665,1,20161016,20160824,1,1,1,4,1,1,2,442000,446000,4000,53,2230,3,2.5,1994,7850,0.0235,10481,8909,0,257.5,494.4
2666,1,20160104,20151124,1,1,1,1,1,4,3,537000,538000,1000,41,2050,3,2.5,2008,6300,0.029500000000000002,15871,13490,0,244,473
2667,1,20160223,20160107,1,1,2,1,1,2,2,403500,402000,-1500,47,1870,3,2.5,1997,6700,0.0275,11055,9397,0,248.8,445.6
2668,1,20160628,20160414,1,1,2,2,1,5,2,393000,386500,-6500,75,1580,2,2,1967,4450,0.025,9663,8214,0,258.7,487.6
2669,1,20160712,20160501,5,1,1,5,5,1,3,471000,470000,-1000,72,2350,4,3.5,1988,9650,0.0225,10575,8989,0,538.1,426.2
2670,1,20160115,20151107,2,1,1,1,1,2,3,589500,585000,-4500,69,2210,3,2.5,2013,10950,0.025,14625,12431,8750,221.4,419.9
2671,1,20161025,20160823,1,1,2,6,2,1,2,370500,368000,-2500,63,1850,3,2.5,1970,5900,0.023,8464,7194,0,235.8,453
2672,1,20160709,20160417,1,1,2,2,2,2,3,503000,501000,-2000,83,2370,4,3.5,1957,8550,0.028,14028,11924,0,235.4,449.6
2673,1,20160123,20151106,1,1,3,2,1,1,2,403000,391000,-12000,78,1870,3,2.5,1988,6150,0.0465,18182,15455,0,259.4,464.6
2674,1,20160911,20160802,1,1,2,1,1,4,2,390000,389000,-1000,40,2030,3,2.5,1996,7100,0.029500000000000002,11476,9755,0,273.3,451.4
2675,1,20161130,20160918,1,1,1,1,1,5,2,390000,394500,4500,73,1990,3,2.5,2007,4850,0.026000000000000002,10257,8718,0,264.8,479.8
2676,1,20160913,20160725,1,1,2,5,3,5,2,335500,336500,1000,50,1470,3,2.5,1988,3700,0.025,8413,7151,0,270.2,454.7
2677,1,20160330,20160205,1,1,3,9,4,1,2,429500,427500,-2000,54,1890,3,2.5,1989,9100,0.045,19238,16352,0,240.2,456.7
2678,1,20161125,20160928,1,1,1,3,1,4,3,653500,629000,-24500,58,2140,3,2.5,1972,9850,0.0235,14782,12565,0,268.2,469.6
2679,1,20160706,20160508,4,4,3,1,1,3,3,517500,510500,-7000,59,2190,4,3.5,2016,6200,0.043500000000000004,22207,18876,2500,430.3,410.2
2680,1,20160224,20160102,1,1,3,1,1,5,3,481000,487000,6000,53,1920,3,2.5,1969,6650,0.046,22402,19042,0,258.9,481.8
2681,1,20160426,20160214,1,1,1,2,1,5,3,566000,571000,5000,72,2040,4,3.5,1959,6300,0.0245,13990,11892,0,244.2,463.8
2682,1,20160319,20160207,4,4,2,2,1,5,4,742000,749500,7500,41,2940,5,4,2016,13100,0.025,18738,15927,8750,443.1,424
2683,1,20160330,20160125,1,1,2,2,3,2,2,372500,377500,5000,65,1640,3,2.5,1967,6000,0.0265,10004,8503,0,230.8,459.7
2684,1,20161202,20161017,1,1,2,2,4,1,2,421500,411000,-10500,46,1720,2,2,1963,6500,0.028,11508,9782,6750,269.1,458.1
2685,1,20160106,20151120,1,1,2,2,1,6,1,242000,245500,3500,47,1070,2,2,1995,3800,0.0275,6751,5738,0,259.6,455.4
2686,1,20160814,20160624,1,1,3,3,1,2,2,367500,369000,1500,51,1560,2,2,1980,4000,0.047,17343,14742,0,245.5,463.9
2687,1,20160623,20160424,1,1,1,5,3,2,3,533500,517500,-16000,60,2230,4,3.5,2005,6650,0.028,14490,12317,0,258.6,430
2688,1,20160216,20151227,1,1,1,1,1,6,2,362500,355000,-7500,51,1750,3,2.5,2012,6750,0.023,8165,6940,0,240.2,459
2689,1,20160124,20151122,2,1,2,2,1,2,3,614000,614000,0,63,2120,4,3.5,2014,9300,0.026000000000000002,15964,13569,0,237.3,405.8
2690,1,20160816,20160708,1,1,3,3,1,2,2,382500,370000,-12500,39,1620,3,2.5,1961,6650,0.0495,18315,15568,0,262.1,444
2691,1,20160601,20160421,1,1,1,3,1,1,2,386500,390000,3500,41,1660,3,2.5,1978,5400,0.028,10920,9282,0,262.9,463.6
2692,1,20161202,20161020,1,1,2,2,1,2,2,388000,375000,-13000,43,1610,3,2.5,1993,6550,0.03,11250,9563,6250,260.8,475
2693,1,20160307,20160123,1,1,2,1,1,2,3,492000,499000,7000,44,1920,3,2.5,1966,7650,0.029,14471,12300,0,262.1,456.6
2694,1,20160428,20160307,1,1,2,2,1,5,2,428000,430500,2500,52,2010,3,2.5,1990,7700,0.023,9902,8417,0,234.1,462.2
2695,1,20161117,20160923,1,1,1,9,1,2,3,490500,493000,2500,55,2270,3,2.5,1967,9450,0.025,12325,10476,0,242.4,474.1
2696,1,20160225,20160114,1,1,2,4,1,5,4,746500,732500,-14000,42,2770,4,3.5,1981,10750,0.025500000000000002,18679,15877,12750,235.5,457.6
2697,1,20160618,20160420,3,1,1,2,2,1,3,483000,490500,7500,59,2080,3,2.5,1976,6250,0.0265,12998,11048,0,478.7,401.6
2698,1,20160625,20160508,1,1,2,1,1,2,2,417500,410500,-7000,48,1600,2,2,1965,5350,0.0285,11699,9944,0,237.3,449.6
2699,1,20161125,20160901,1,1,1,4,1,5,2,427000,419500,-7500,85,1690,2,2,2013,6500,0.023,9649,8202,0,262.5,483.1
2700,1,20161001,20160801,1,1,1,2,1,5,2,442500,436000,-6500,61,1620,3,2.5,1966,6550,0.024,10464,8894,0,267.4,493.8
2701,1,20160710,20160522,1,1,2,1,2,5,3,506500,518500,12000,49,2200,3,2.5,2005,7350,0.029500000000000002,15296,13002,0,271.3,481.3
2702,1,20160210,20151228,1,1,1,2,1,3,2,399000,407000,8000,44,1940,3,2.5,1986,8500,0.0275,11193,9514,0,258.6,454.2
2703,1,20160309,20160113,1,1,1,2,1,1,2,355000,360500,5500,56,1760,3,2.5,1991,4800,0.025500000000000002,9193,7814,0,243.3,459.2
2704,1,20160330,20160218,1,1,1,3,4,1,2,323000,315000,-8000,41,1520,2,2,1986,5450,0.023,7245,6158,0,274.1,452.6
2705,1,20160702,20160509,1,1,1,3,3,5,2,428500,424000,-4500,54,2010,2,2,1966,6500,0.028,11872,10091,0,250.6,460.7
2706,1,20161008,20160806,1,1,2,1,1,3,2,429500,421000,-8500,63,1880,2,2,1970,7750,0.026000000000000002,10946,9304,0,256.5,467.9
2707,1,20160528,20160401,1,1,2,4,1,2,3,452000,455000,3000,57,1940,2,2,2014,7000,0.025500000000000002,11603,9863,0,255.7,477
2708,1,20161021,20160903,1,1,1,4,6,1,2,437000,425000,-12000,48,2270,3,2.5,2006,5550,0.025,10625,9031,0,229.4,444.6
2709,1,20160329,20160127,1,1,1,4,3,5,2,345000,340000,-5000,62,1750,2,2,1973,4700,0.0285,9690,8237,0,264.6,455.6
2710,1,20160314,20160116,2,1,1,1,1,5,3,636000,628500,-7500,58,2180,4,3.5,2016,8350,0.029,18227,15493,0,226.7,401.1
2711,1,20160903,20160719,5,1,1,2,1,2,2,412000,400000,-12000,46,1880,3,2.5,1956,5800,0.025,10000,8500,0,540.8,441.6
2712,1,20160802,20160620,1,1,3,2,2,5,3,617500,613500,-4000,43,2290,4,3.5,1966,8400,0.0505,30982,26335,0,239.1,446.3
2713,1,20160802,20160601,1,1,1,4,1,4,3,519000,508500,-10500,62,1970,2,2,1973,6000,0.028,14238,12102,0,235.9,479.5
2714,1,20160602,20160414,1,1,3,1,1,1,3,452000,450000,-2000,49,2020,4,3.5,1958,7850,0.0465,20925,17786,0,251.5,474.5
2715,1,20160819,20160711,1,1,1,1,1,2,2,398500,406500,8000,39,1870,2,2,1990,5450,0.025,10163,8639,0,255.2,449.4
2716,1,20161018,20160826,1,1,1,2,1,4,2,417500,410500,-7000,53,1780,3,2.5,2001,8750,0.0265,10878,9246,0,250.1,466.4
2717,1,20160325,20160206,1,1,2,1,4,5,3,543500,544500,1000,48,2380,4,3.5,1992,10900,0.0265,14429,12265,0,256.2,469
2718,1,20160614,20160414,1,1,2,2,1,2,2,393500,384500,-9000,61,1750,3,2.5,1961,8600,0.0245,9420,8007,0,232.8,475.9
2719,1,20160806,20160616,1,1,1,5,1,2,2,300000,296000,-4000,51,1320,2,2,1995,5400,0.03,8880,7548,0,241.4,469.4
2720,1,20160527,20160416,1,1,1,4,1,2,2,327500,323500,-4000,41,1390,2,2,1969,3500,0.029500000000000002,9543,8112,0,252.2,471.1
2721,1,20160615,20160429,1,1,1,1,1,4,2,440500,425000,-15500,47,1830,3,2.5,1967,7750,0.026000000000000002,11050,9393,0,241,456.7
2722,1,20160503,20160208,1,1,1,1,1,4,3,475500,465500,-10000,85,1980,4,3.5,1962,4900,0.024,11172,9496,0,229.3,483.8
2723,1,20160224,20151217,1,1,2,1,1,5,2,363500,375500,12000,69,1990,4,3.5,2015,7200,0.022,8261,7022,0,230.2,460.8
2724,1,20160520,20160411,1,1,1,2,2,3,3,501000,494000,-7000,39,2110,3,2.5,2013,7950,0.0265,13091,11127,0,249.7,462.9
2725,1,20160815,20160629,1,1,1,2,1,3,2,275500,268000,-7500,47,1400,3,2.5,1973,5150,0.0225,6030,5126,0,245.1,458.1
2726,1,20160817,20160708,1,1,1,9,4,5,2,354500,352500,-2000,40,1690,2,2,1992,8100,0.0245,8636,7341,0,239.6,439.4
2727,1,20160325,20160215,2,1,1,1,5,2,4,689500,683000,-6500,39,2390,4,3.5,2001,7200,0.026000000000000002,17758,15094,0,242.3,395.3
2728,1,20160702,20160421,1,1,1,1,4,1,3,492500,484000,-8500,72,1840,3,2.5,1976,7000,0.0275,13310,11314,0,240.6,484.4
2729,1,20160914,20160803,1,1,1,1,1,5,2,422000,421000,-1000,42,2070,3,2.5,1981,5300,0.025,10525,8946,0,260.9,455.4
2730,1,20160528,20160419,1,1,2,3,1,1,3,529500,525000,-4500,39,2030,3,2.5,1960,8500,0.024,12600,10710,0,266.2,463.8
2731,1,20161014,20160820,1,1,3,2,2,1,2,370500,371000,500,55,1790,3,2.5,1992,7750,0.0445,16510,14034,6250,243.3,456.9
2732,1,20160907,20160722,1,1,2,3,1,5,2,426000,416000,-10000,47,1750,2,2,1983,5650,0.024,9984,8486,0,259.3,449.6
2733,1,20161204,20161018,1,1,2,2,2,1,2,366500,353000,-13500,47,1820,4,3.5,1972,8300,0.023,8119,6901,0,250.2,454.9
2734,1,20160620,20160430,1,1,1,8,1,2,2,420000,429500,9500,51,1930,3,2.5,1964,5150,0.023,9879,8397,0,247.3,493.9
2735,1,20160401,20160213,1,1,2,4,1,1,2,429500,436500,7000,48,1880,3,2.5,1961,8050,0.0235,10258,8719,0,229.6,466.5
2736,1,20160408,20160213,1,1,2,8,3,5,2,305000,305000,0,55,1550,3,2.5,1962,6350,0.0265,8083,6871,4750,243,451.1
2737,1,20160908,20160726,1,1,1,1,4,5,2,372500,381000,8500,44,1500,2,2,2011,4300,0.029500000000000002,11240,9554,0,250.2,468.7
2738,1,20160407,20160227,1,1,2,1,2,1,2,299000,298000,-1000,40,1480,2,2,2002,4700,0.0225,6705,5699,0,235.7,463.4
2739,1,20160825,20160718,3,1,2,2,1,1,2,405500,412000,6500,38,2110,2,2,1979,8100,0.027,11124,9455,0,464.2,393.1
2740,1,20160523,20160407,1,1,2,1,3,1,2,435500,420500,-15000,46,1830,3,2.5,2009,4700,0.0235,9882,8400,0,273.5,474.5
2741,1,20160627,20160520,1,1,1,2,3,5,3,564000,560000,-4000,38,2190,3,2.5,1970,6300,0.028,15680,13328,0,241,444.1
2742,1,20160524,20160415,1,1,1,2,2,5,2,350500,354000,3500,39,1450,2,2,2007,4750,0.0265,9381,7974,0,238.6,463.5
2743,1,20161204,20161021,1,1,1,6,4,4,3,463000,452000,-11000,44,2210,3,2.5,1986,7300,0.029500000000000002,13334,11334,0,251.5,440
2744,1,20170731,20170612,1,1,2,2,1,5,2,442000,433500,-8500,49,1670,3,2.5,1988,6050,0.029500000000000002,12788,10870,0,257.6,428.8
2745,1,20170206,20161226,5,1,1,1,1,1,2,321500,326000,4500,42,1610,2,2,2002,4700,0.026000000000000002,8476,7205,0,533.7,475.5
2746,1,20170201,20161219,1,1,2,1,1,5,2,392500,389500,-3000,44,1780,4,3.5,2011,5400,0.0285,11101,9436,0,212.2,446.1
2747,1,20170826,20170621,1,1,3,6,1,4,3,466500,462000,-4500,66,1570,2,2,1982,6550,0.044,20328,17279,0,249.6,492.9
2748,1,20170802,20170601,1,1,2,3,1,2,3,475000,471500,-3500,62,1780,3,2.5,1983,8800,0.03,14145,12023,0,247.2,482.4
2749,1,20170415,20170224,1,1,1,1,3,5,3,441500,452000,10500,50,1820,3,2.5,1981,7400,0.029500000000000002,13334,11334,0,228.8,491.8
2750,1,20170726,20170617,1,1,3,1,1,2,4,697000,679500,-17500,39,2310,4,3.5,1981,7750,0.049,33296,28302,0,235.5,453
2751,1,20170122,20161205,4,4,2,6,5,3,5,921000,952500,31500,48,3320,5,4,2015,11600,0.029500000000000002,28099,23884,0,438.8,428.5
2752,1,20170727,20170531,1,1,1,3,1,4,3,509000,505000,-4000,57,2280,3,2.5,1958,8950,0.0235,11868,10088,0,273.3,457.2
2753,1,20170210,20161228,1,1,1,8,3,5,2,388500,380000,-8500,44,1450,2,2,2012,7200,0.029,11020,9367,0,267.2,452.3
2754,1,20170819,20170707,1,1,2,1,3,1,3,478000,463000,-15000,43,1670,2,2,1976,7400,0.029,13427,11413,0,234.9,458.7
2755,1,20170829,20170709,1,1,3,5,3,2,3,513500,510000,-3500,51,2100,3,2.5,1982,6950,0.048,24480,20808,0,224.8,477.8
2756,1,20171003,20170825,1,1,2,1,1,5,3,546500,527000,-19500,39,2150,3,2.5,1957,6900,0.027,14229,12095,0,243.3,471.8
2757,1,20170825,20170714,1,1,3,3,1,4,2,291500,286000,-5500,42,1320,2,2,1997,6550,0.0445,12727,10818,2000,241.5,475.2
2758,1,20170715,20170531,2,1,1,2,4,1,3,525000,533000,8000,45,2030,3,2.5,2011,6500,0.025,13325,11326,0,241.1,419.8
2759,1,20171218,20171012,1,1,2,1,1,5,2,398500,392500,-6000,67,1690,2,2,1987,6300,0.0225,8831,7506,0,227.2,464.1
2760,1,20170125,20161129,1,1,1,1,4,2,3,451000,461500,10500,57,1860,3,2.5,1974,6300,0.024,11076,9415,5250,252,429.7
2761,1,20171024,20170802,1,1,1,2,1,1,2,309500,299000,-10500,83,1250,3,2.5,1970,5650,0.0285,8522,7244,0,244.1,458
2762,1,20170518,20170324,1,1,2,3,1,2,2,317500,312500,-5000,55,1300,2,2,1966,3400,0.023,7188,6110,0,250.7,438.8
2763,1,20170818,20170628,1,1,2,5,2,2,3,467000,457000,-10000,51,1970,4,3.5,1999,8050,0.029500000000000002,13482,11460,0,250.1,471
2764,1,20170517,20170327,1,1,2,2,1,4,2,410500,416000,5500,51,1560,3,2.5,1998,6000,0.027,11232,9547,0,227.9,458.4
2765,1,20170405,20170115,1,1,2,8,3,1,3,520000,525500,5500,80,2070,3,2.5,2011,5000,0.022,11561,9827,0,235.2,492.1
2766,1,20170724,20170602,4,4,2,1,1,3,4,730000,736500,6500,52,2790,5,4,2017,9450,0.027,19886,16903,0,429.8,424.9
2767,1,20170710,20170425,1,1,1,3,1,3,3,590500,595000,4500,76,2190,4,3.5,1973,6750,0.023,13685,11632,0,255.3,464.4
2768,1,20171123,20170915,4,4,2,3,1,5,3,511500,509500,-2000,69,2280,3,2.5,2017,9800,0.0275,14011,11909,2000,431,422.9
2769,1,20170413,20170213,1,1,1,1,4,1,3,583500,578500,-5000,59,2090,3,2.5,1973,5050,0.029500000000000002,17066,14506,0,247.9,449
2770,1,20171223,20171112,2,1,1,1,4,5,3,600500,587000,-13500,41,2620,4,3.5,2014,7300,0.0235,13795,11726,0,236.6,402.5
2771,1,20170603,20170410,1,1,1,2,6,5,2,389000,396000,7000,54,1740,3,2.5,2010,8250,0.0225,8910,7574,0,261.5,442.8
2772,1,20170527,20170404,1,1,2,2,4,5,2,341000,345500,4500,53,1460,2,2,1955,5900,0.0245,8465,7195,0,266.6,470.7
2773,1,20170429,20170227,1,1,1,3,2,5,2,341000,343000,2000,61,1340,2,2,1978,5400,0.025,8575,7289,0,286.4,495.9
2774,1,20170925,20170817,1,1,2,4,3,2,3,509500,498500,-11000,39,2040,3,2.5,1977,6150,0.0235,11715,9958,0,242.5,460.3
2775,1,20170601,20170324,1,1,1,6,1,5,2,429500,425000,-4500,69,1630,3,2.5,1996,8050,0.029,12325,10476,0,259.1,451.9
2776,1,20170526,20170401,1,1,1,1,1,1,2,456000,449500,-6500,55,2010,3,2.5,1966,8500,0.0235,10563,8979,0,259.8,460
2777,1,20170927,20170809,5,1,1,2,1,1,2,413500,409500,-4000,49,2020,3,2.5,1958,7000,0.0225,9214,7832,0,536.7,433
2778,1,20170406,20170224,2,1,2,3,1,2,3,595000,578000,-17000,41,2150,3,2.5,2001,6150,0.025500000000000002,14739,12528,0,236.5,416.6
2779,1,20171021,20170825,2,1,1,4,1,5,3,578500,575500,-3000,57,2200,4,3.5,2010,5850,0.0275,15826,13452,0,242.9,409.8
2780,1,20171128,20171008,1,1,1,1,1,3,2,365000,360500,-4500,51,1510,3,2.5,1989,5100,0.029,10455,8887,0,230.6,462
2781,1,20170521,20170405,1,1,1,4,1,3,3,523500,526500,3000,46,2040,3,2.5,1997,6700,0.0235,12373,10517,0,248.3,451.3
2782,1,20170817,20170702,3,1,2,3,1,2,2,399000,407500,8500,46,1910,3,2.5,1965,5900,0.0245,9984,8486,0,478.8,409.9
2783,1,20171102,20170907,1,1,2,5,1,4,3,487000,472000,-15000,56,2280,4,3.5,2010,10650,0.0285,13452,11434,0,274.5,464.2
2784,1,20170305,20170112,1,1,2,3,1,1,2,335000,320500,-14500,52,1360,3,2.5,1995,4250,0.029,9295,7901,0,277.8,470.1
2785,1,20170313,20170121,1,1,2,6,1,3,3,524000,503500,-20500,51,1940,3,2.5,2009,5100,0.03,15105,12839,0,251.7,464.2
2786,1,20171215,20171024,2,1,1,4,3,5,3,653500,649000,-4500,52,2610,5,4,2014,9100,0.0235,15252,12964,0,239.9,406.3
2787,1,20171024,20170905,1,1,1,4,2,3,2,389000,395000,6000,49,1550,3,2.5,1999,7200,0.03,11850,10073,0,266.6,467.2
2788,1,20170511,20170327,1,1,1,3,1,1,2,389500,385000,-4500,45,1500,2,2,1991,6900,0.0265,10203,8673,0,241.4,479.8
2789,1,20171215,20171026,1,1,1,5,4,2,3,492000,492500,500,50,1870,3,2.5,1986,5350,0.0265,13051,11093,0,263.1,484.3
2790,1,20170820,20170706,1,1,2,6,6,2,2,438500,443500,5000,45,1630,3,2.5,1969,4550,0.0225,9979,8482,0,250.6,463
2791,1,20170110,20161127,1,1,2,2,1,1,2,451500,449500,-2000,44,1870,3,2.5,1965,6750,0.025500000000000002,11462,9743,0,265.4,470.6
2792,1,20171225,20171031,4,4,1,1,3,3,4,829000,774500,-54500,55,3140,4,3.5,2017,11350,0.0225,17426,14812,8250,436,419.9
2793,1,20171207,20171019,1,1,1,3,2,1,3,545500,537000,-8500,49,2180,4,3.5,1977,8650,0.026000000000000002,13962,11868,0,275.4,464.2
2794,1,20171018,20170904,1,1,2,2,1,5,3,455500,454500,-1000,44,2100,3,2.5,1967,9550,0.03,13635,11590,0,251.3,461.9
2795,1,20171203,20171011,1,1,1,2,1,4,3,601500,606000,4500,53,2390,4,3.5,1968,7450,0.0225,13635,11590,8000,254.2,467.8
2796,1,20171019,20170906,1,1,1,2,1,5,3,543000,536000,-7000,43,2210,4,3.5,1970,8100,0.023,12328,10479,3250,251.6,473.4
2797,1,20170527,20170322,2,1,2,2,2,2,3,517000,517500,500,66,2050,4,3.5,2008,7350,0.0285,14749,12537,0,233,401.3
2798,1,20170507,20170326,1,1,1,2,4,4,3,464000,454000,-10000,42,1750,3,2.5,1958,4950,0.029500000000000002,13393,11384,0,265.9,441.9
2799,1,20170708,20170415,1,1,2,2,1,5,3,505500,503000,-2500,84,2240,4,3.5,1968,9500,0.026000000000000002,13078,11116,0,227.6,442.3
2800,1,20170724,20170616,1,1,1,3,4,3,3,499500,482500,-17000,38,2090,3,2.5,1992,7200,0.03,14475,12304,0,271.6,465.2
2801,1,20170728,20170618,1,1,1,8,3,5,4,677000,682000,5000,40,2310,4,3.5,1976,6700,0.0225,15345,13043,0,247,452.4
2802,1,20170824,20170703,1,1,1,2,1,5,2,405500,408500,3000,52,1710,2,2,1972,5650,0.029,11847,10070,0,229.1,499.9
2803,1,20170602,20170409,1,1,3,2,4,1,3,548000,550500,2500,54,2370,5,4,2012,7850,0.049,26975,22929,0,240.3,459
2804,1,20170730,20170610,1,1,1,2,1,1,2,425500,443000,17500,50,1820,2,2,2007,9050,0.025500000000000002,11297,9602,0,237.1,447.3
2805,1,20170502,20170323,1,1,1,1,1,2,3,471500,483500,12000,40,1500,2,2,1993,7150,0.0235,11362,9658,0,226.1,451.4
2806,1,20170202,20161125,1,1,1,5,3,5,4,658500,655500,-3000,69,2440,4,3.5,1959,6800,0.025,16388,13930,0,225.6,488.2
2807,1,20170327,20170215,1,1,1,1,1,4,2,336500,329500,-7000,40,1590,3,2.5,1981,4600,0.023,7579,6442,0,232.5,433.3
2808,1,20170826,20170708,1,1,2,2,2,2,2,321500,311000,-10500,49,1340,2,2,1978,3450,0.029,9019,7666,0,260.4,419.7
2809,1,20170429,20170317,1,1,2,2,1,3,2,348000,349000,1000,43,1390,2,2,1960,6450,0.025500000000000002,8900,7565,0,251.5,458.4
2810,1,20170719,20170611,1,1,1,4,6,5,2,442000,437500,-4500,38,1860,2,2,1964,4850,0.0235,10281,8739,0,228.9,497.6
2811,1,20171106,20170830,1,1,1,2,1,4,3,486000,513500,27500,68,2120,3,2.5,1957,10350,0.025500000000000002,13094,11130,0,233,456.3
2812,1,20170805,20170527,1,1,2,3,4,5,2,278000,279500,1500,70,1350,2,2,1995,6550,0.0285,7966,6771,0,232.7,456.3
2813,1,20171021,20170817,1,1,1,4,4,2,4,690000,679000,-11000,65,2310,4,3.5,2010,6600,0.025,16975,14429,0,244.2,462.7
2814,1,20170224,20170107,1,1,1,3,1,2,2,429500,425000,-4500,48,1770,3,2.5,1981,5150,0.029500000000000002,12538,10657,0,227.7,464.1
2815,1,20171009,20170831,1,1,2,1,3,6,3,505000,488500,-16500,39,1910,3,2.5,1962,8150,0.023,11236,9551,5500,269.5,468.5
2816,1,20171031,20170907,2,1,1,1,1,5,4,783000,762000,-21000,54,2500,4,3.5,2017,7800,0.023,17526,14897,0,239,412.7
2817,1,20171230,20171119,1,1,1,1,3,2,2,400500,387000,-13500,41,1730,2,2,1996,6100,0.0235,9095,7731,0,230.9,447
2818,1,20171111,20170823,1,1,2,1,1,2,2,433500,426000,-7500,80,1700,2,2,2007,5200,0.029,12354,10501,0,249.6,459.5
2819,1,20170510,20170328,1,1,3,2,1,5,3,464500,461500,-3000,43,2060,3,2.5,1976,8050,0.0485,22383,19026,0,267,437.3
2820,1,20171207,20171030,1,1,1,4,3,1,3,573500,582000,8500,38,2330,3,2.5,1983,10200,0.023,13386,11378,0,268.7,427
2821,1,20170723,20170525,1,1,1,2,1,5,2,418500,411500,-7000,59,1810,3,2.5,1983,4450,0.028,11522,9794,0,257.9,453
2822,1,20171010,20170825,2,1,2,2,4,2,3,612000,609000,-3000,46,2620,4,3.5,2017,8150,0.029500000000000002,17966,15271,0,234.5,430.7
2823,1,20170411,20170228,1,1,1,3,3,5,3,625500,637000,11500,42,2450,4,3.5,1961,6850,0.023,14651,12453,0,237,456.5
2824,1,20170112,20161107,1,1,2,1,1,1,2,393000,392500,-500,66,1720,4,3.5,1989,7250,0.0235,9224,7840,0,247.2,439.8
2825,1,20170905,20170727,1,1,2,2,4,2,2,361500,369500,8000,40,1670,2,2,1962,7450,0.028,10346,8794,0,259,451.9
2826,1,20170403,20170208,1,1,1,2,1,4,2,450000,438500,-11500,54,1820,5,4,1985,8950,0.024,10524,8945,0,252.6,460.8
2827,1,20170607,20170422,2,1,1,8,2,4,3,595000,592500,-2500,46,2140,4,3.5,2016,6050,0.029,17183,14606,0,238.6,405.4
2828,1,20170604,20170409,5,1,1,3,3,6,2,392500,401000,8500,56,1890,4,3.5,1984,5600,0.024,9624,8180,0,534.6,450.1
2829,1,20170731,20170522,1,1,1,9,1,2,2,370500,366500,-4000,70,1660,2,2,1981,5000,0.027,9896,8412,0,263.3,459
2830,1,20170301,20170105,1,1,1,6,1,2,3,658000,649000,-9000,55,2430,4,3.5,1984,9700,0.029500000000000002,19146,16274,9000,225.6,483.6
2831,1,20170522,20170329,1,1,2,3,1,6,3,567500,570000,2500,54,2310,4,3.5,1981,11050,0.0245,13965,11870,0,241.9,492.5
2832,1,20170325,20170127,1,1,1,1,1,2,3,605500,598500,-7000,57,2190,4,3.5,2006,5300,0.0265,15860,13481,0,232.5,481.6
2833,1,20170505,20170317,1,1,1,4,1,2,3,464000,461500,-2500,49,1790,4,3.5,1977,6850,0.0275,12691,10787,0,222.8,469.6
2834,1,20170809,20170629,1,1,1,1,4,4,3,470000,477500,7500,41,1880,3,2.5,1957,5750,0.03,14325,12176,0,256.2,454
2835,1,20170328,20161226,1,1,1,2,1,3,2,357000,343500,-13500,92,1530,2,2,1991,4300,0.028,9618,8175,0,252.1,473.4
2836,1,20171019,20170724,1,1,2,3,4,2,2,430500,428000,-2500,87,1810,3,2.5,1986,8800,0.0265,11342,9641,0,242.7,444.2
2837,1,20171107,20170927,1,1,2,5,5,2,2,434500,435500,1000,41,1920,3,2.5,1977,5100,0.029,12630,10736,0,246.9,458.2
2838,1,20170725,20170424,1,1,2,3,1,3,3,463000,458500,-4500,92,1630,3,2.5,1995,7900,0.0235,10775,9159,0,254.3,462
2839,1,20171222,20171103,1,1,1,1,1,3,3,465000,460500,-4500,49,1890,2,2,2000,5300,0.0245,11282,9590,6000,233.7,464.4
2840,1,20170509,20170328,1,1,2,2,1,5,3,538000,518000,-20000,42,2320,4,3.5,1992,6550,0.029500000000000002,15281,12989,0,233.7,455.2
2841,1,20170224,20161226,1,1,1,2,1,2,3,459500,458500,-1000,60,1830,4,3.5,1956,5350,0.025,11463,9744,0,232.3,474.7
2842,1,20170727,20170619,1,1,1,1,1,1,2,440000,439000,-1000,38,1800,3,2.5,1972,5100,0.029,12731,10821,0,235.8,443.8
2843,1,20170422,20170305,1,1,1,2,2,2,2,417000,432000,15000,48,1900,3,2.5,2012,7950,0.029500000000000002,12744,10832,0,251.2,463
2844,1,20170801,20170617,1,1,1,9,1,2,2,413000,410000,-3000,45,1550,3,2.5,1997,4950,0.024,9840,8364,0,246.6,472
2845,1,20170601,20170415,5,1,1,1,1,5,2,390000,380000,-10000,47,1950,3,2.5,2016,5600,0.0245,9310,7914,0,524.6,440.8
2846,1,20170302,20170115,1,1,2,4,4,3,2,461000,448000,-13000,46,2000,3,2.5,1961,9600,0.025,11200,9520,0,234.9,457.6
2847,1,20170128,20161212,1,1,1,1,1,1,3,564500,550000,-14500,47,2200,4,3.5,1967,9650,0.0275,15125,12856,0,246.4,440.9
2848,1,20171110,20170908,5,1,1,4,3,1,2,418500,418500,0,63,1650,3,2.5,1958,7500,0.0225,9416,8004,0,533.1,456.9
2849,1,20170923,20170805,1,1,1,3,1,1,3,454000,460500,6500,49,1800,2,2,1968,5750,0.029,13355,11352,0,228.4,445.7
2850,1,20170625,20170416,2,1,1,9,2,5,3,589500,567500,-22000,70,1990,3,2.5,2006,6350,0.023,13053,11095,0,232.5,420.8
2851,1,20170427,20170313,2,1,1,1,5,3,4,655000,657500,2500,45,2670,6,5,2015,10250,0.026000000000000002,17095,14531,0,227.2,412.8
2852,1,20170607,20170429,1,1,1,4,5,2,2,367000,371500,4500,39,1820,3,2.5,1982,6600,0.028,10402,8842,0,216.2,447.4
2853,1,20170202,20161204,1,1,1,1,1,2,3,501500,492000,-9500,60,1890,3,2.5,2001,7000,0.023,11316,9619,0,243.8,477.6
2854,1,20170815,20170627,1,1,1,2,2,1,2,398500,419000,20500,49,1530,2,2,1975,4750,0.0265,11104,9438,0,257.6,469.1
2855,1,20170115,20161202,1,1,1,3,1,5,2,421000,417500,-3500,44,1700,2,2,1965,6800,0.028,11690,9937,0,277.4,462
2856,1,20170911,20170717,1,1,1,1,1,5,2,359500,363000,3500,56,1650,3,2.5,1959,4800,0.0225,8168,6943,0,244.9,460.4
2857,1,20170101,20161116,1,1,1,5,1,2,3,481000,484000,3000,46,1700,3,2.5,1961,5800,0.0235,11374,9668,0,238.9,472.8
2858,1,20170412,20170222,1,1,1,1,1,3,2,391500,377500,-14000,49,1660,2,2,1974,7350,0.03,11325,9626,0,240.2,475.1
2859,1,20170717,20170608,1,1,2,7,3,5,3,514500,515000,500,39,2080,3,2.5,2003,9600,0.0285,14678,12476,0,247.8,455.9
2860,1,20170725,20170609,4,4,1,1,2,5,3,600000,580000,-20000,46,2460,3,2.5,2017,10200,0.0235,13630,11586,4000,433.3,416.4
2861,1,20171026,20170917,1,1,1,3,1,1,3,462500,457000,-5500,39,1660,3,2.5,2006,7550,0.024,10968,9323,0,222,442
2862,1,20170503,20170301,3,1,2,4,3,5,2,424000,427000,3000,63,1840,4,3.5,1957,8800,0.024,10248,8711,0,458.4,395.6
2863,1,20170405,20170205,1,1,2,1,1,2,2,431500,428500,-3000,59,1830,4,3.5,1974,5050,0.024,10284,8741,0,278.6,474.7
2864,1,20170713,20170524,1,1,2,1,1,6,2,332500,321000,-11500,50,1470,3,2.5,2002,4650,0.025500000000000002,8186,6958,1500,264.9,463.7
2865,1,20170215,20170106,1,1,2,3,1,6,3,521000,512000,-9000,40,2040,4,3.5,1980,9900,0.026000000000000002,13312,11315,0,254.3,479.3
2866,1,20170415,20170218,2,1,2,6,1,5,3,621500,595500,-26000,56,2390,4,3.5,2017,9500,0.029,17270,14680,0,232.9,414
2867,1,20180422,20180217,1,1,2,2,1,1,3,561000,562000,1000,64,1980,4,3.5,1993,5950,0.0235,13207,11226,0,250.8,454.9
2868,1,20180302,20171223,1,1,1,3,1,5,2,371000,371500,500,69,1760,3,2.5,1999,6250,0.03,11145,9473,0,269.6,484.7
2869,1,20181229,20181102,1,1,2,2,2,2,2,397500,394000,-3500,57,1740,4,3.5,1976,7100,0.029,11426,9712,0,268.4,469.6
2870,1,20180530,20180326,1,1,1,1,1,5,2,384000,392500,8500,65,1530,3,2.5,2000,5200,0.028,10990,9342,0,236.7,466.9
2871,1,20180709,20180520,1,1,2,2,3,2,3,597500,579500,-18000,50,2160,3,2.5,2007,6550,0.0225,13039,11083,0,263.1,452.1
2872,1,20181210,20181008,3,1,1,1,2,1,2,459500,445500,-14000,63,1810,3,2.5,1987,5650,0.028,12474,10603,0,463.1,401.6
2873,1,20181202,20180916,1,1,1,3,1,5,2,391500,377500,-14000,77,1410,3,2.5,1973,4500,0.03,11325,9626,0,264.3,462.5
2874,1,20180418,20180309,1,1,1,9,5,1,2,397500,395500,-2000,40,1600,2,2,1966,4400,0.0245,9690,8237,0,262.2,463.6
2875,1,20180308,20180121,1,1,1,3,1,2,3,568000,581500,13500,46,2230,4,3.5,1994,6000,0.029500000000000002,17154,14581,0,269.3,473.1
2876,1,20180119,20171118,1,1,2,2,1,1,3,453000,455000,2000,62,1700,3,2.5,1973,5300,0.0285,12968,11023,3750,246.9,453.6
2877,1,20181127,20181010,1,1,2,1,5,1,2,324000,322500,-1500,48,1560,3,2.5,1988,4550,0.0275,8869,7539,0,258.5,463.4
2878,1,20180518,20180319,1,1,2,1,1,5,2,449000,440500,-8500,60,1580,3,2.5,1988,6400,0.0235,10352,8799,0,239.5,437.1
2879,1,20180708,20180524,3,1,2,9,1,5,3,465000,461000,-4000,45,2030,3,2.5,1986,9150,0.0285,13139,11168,0,465.9,391.5
2880,1,20181031,20180828,5,1,1,2,2,3,3,561500,546000,-15500,64,2340,5,4,1976,8800,0.029,15834,13459,0,537.3,445.8
2881,1,20181128,20181008,1,1,2,2,1,1,3,482000,476000,-6000,51,1970,3,2.5,2004,6100,0.022,10472,8901,0,269.9,463.9
2882,1,20181116,20180922,1,1,1,2,1,1,2,358000,354500,-3500,55,1680,3,2.5,1990,6850,0.022,7799,6629,0,208.6,443.6
2883,1,20180527,20180406,1,1,1,2,4,5,3,608000,609500,1500,51,2020,3,2.5,2002,5450,0.0285,17371,14765,0,225.1,468.6
2884,1,20181019,20180907,1,1,1,3,4,2,3,574500,574500,0,42,2180,4,3.5,2012,10850,0.025,14363,12209,0,279.1,464.4
2885,1,20180502,20180313,2,1,1,2,2,2,3,552500,553000,500,50,1990,4,3.5,2010,6750,0.0275,15208,12927,0,235.9,413.4
2886,1,20180801,20180607,1,1,3,5,1,5,3,587000,564500,-22500,55,1890,3,2.5,2007,5250,0.043500000000000004,24556,20873,0,255.9,465.5
2887,1,20180612,20180502,1,1,2,1,2,2,2,373000,370500,-2500,41,1520,2,2,2005,4900,0.0285,10559,8975,6250,240.9,464.8
2888,1,20180205,20171217,4,4,1,1,3,2,4,713000,722000,9000,50,2710,4,3.5,2018,8600,0.023,16606,14115,0,448.4,421.2
2889,1,20180814,20180603,1,1,1,3,2,2,2,350000,339500,-10500,72,1630,2,2,1965,6600,0.028,9506,8080,0,274.5,464.2
2890,1,20180511,20180325,1,1,1,2,2,2,3,447500,450000,2500,47,1940,3,2.5,2000,8850,0.0245,11025,9371,0,247.6,443.3
2891,1,20180413,20180123,1,1,1,2,1,1,2,376500,369500,-7000,80,1530,2,2,1955,5900,0.029,10716,9109,0,231.6,478.1
2892,1,20181225,20181115,4,4,2,9,1,5,4,774000,771500,-2500,40,2830,4,3.5,2014,9400,0.024,18516,15739,0,452.7,415.5
2893,1,20180902,20180720,3,1,2,7,1,5,3,463000,461500,-1500,44,1710,4,3.5,1971,5150,0.028,12922,10984,0,475.2,385.9
2894,1,20180624,20180503,1,1,2,4,6,1,2,359000,356000,-3000,52,1610,2,2,1983,4650,0.0285,10146,8624,0,248.6,444.5
2895,1,20180731,20180622,1,1,1,9,4,2,2,382500,387500,5000,39,1780,3,2.5,2009,4500,0.027,10463,8894,0,236.5,456.5
2896,1,20180516,20180403,2,1,2,1,4,1,3,537500,513500,-24000,43,2240,4,3.5,2018,11000,0.027,13865,11785,0,235.8,414.7
2897,1,20180511,20180325,5,1,1,2,1,5,2,361500,357500,-4000,47,1380,2,2,2010,4800,0.0235,8401,7141,0,526.6,435.3
2898,1,20180803,20180623,1,1,1,2,1,2,2,423000,416500,-6500,41,1940,2,2,1999,5150,0.025,10413,8851,0,225.8,454.8
2899,1,20180509,20180313,1,1,1,2,1,1,3,532000,539000,7000,57,1770,3,2.5,1967,6850,0.029500000000000002,15901,13516,4500,249,488.2
2900,1,20181031,20180921,1,1,2,9,5,5,2,316000,309500,-6500,40,1240,2,2,1981,5200,0.0225,6964,5919,0,229.9,471.2
2901,1,20180922,20180729,1,1,2,2,1,1,3,478500,466000,-12500,55,1830,2,2,1955,4850,0.023,10718,9110,0,253.6,479.3
2902,1,20180408,20180129,2,1,2,6,1,1,4,676000,681000,5000,69,2390,4,3.5,2010,7200,0.0225,15323,13025,11750,248,413.5
2903,1,20180608,20180411,1,1,2,2,4,2,3,432500,454000,21500,58,1870,3,2.5,1996,4650,0.028,12712,10805,0,231.3,480.4
2904,1,20181226,20181025,5,1,3,2,1,5,3,501500,490500,-11000,62,2090,3,2.5,1996,5950,0.0485,23789,20221,0,521.6,437
2905,1,20180112,20171128,1,1,1,9,4,1,2,437000,426500,-10500,45,1600,3,2.5,1956,7750,0.0225,9596,8157,0,230.1,458.5
2906,1,20180206,20171208,1,1,2,3,1,3,3,623000,603500,-19500,60,2570,4,3.5,2016,9700,0.026000000000000002,15691,13337,0,237.9,449.7
2907,1,20180524,20180413,1,1,1,2,1,5,2,324500,321000,-3500,41,1110,2,2,1981,2850,0.026000000000000002,8346,7094,0,250.9,459.5
2908,1,20180709,20180513,1,1,1,2,4,5,3,562000,549500,-12500,57,1970,3,2.5,1985,8650,0.026000000000000002,14287,12144,7750,266,481
2909,1,20181123,20180919,1,1,1,2,4,3,3,450500,459500,9000,65,1990,4,3.5,2011,8950,0.027,12407,10546,6000,243.2,468.4
2910,1,20180814,20180630,2,1,2,2,1,2,5,904000,928500,24500,45,2950,5,4,2018,9600,0.0265,24605,20914,0,233.9,414.7
2911,1,20180114,20171126,4,4,2,2,1,2,3,635500,648000,12500,49,2330,4,3.5,2015,8550,0.025,16200,13770,0,439.9,422.7
2912,1,20180420,20180312,1,1,2,8,1,2,2,417500,414500,-3000,39,1670,2,2,2016,7800,0.0285,11813,10041,0,241.3,474
2913,1,20181011,20180825,1,1,2,3,1,2,3,570500,571000,500,47,2160,4,3.5,1997,8150,0.0235,13419,11406,0,256.1,456.3
2914,1,20180128,20171202,2,1,1,4,4,1,5,962000,970000,8000,57,2940,4,3.5,2018,9550,0.029500000000000002,28615,24323,0,239.6,401.8
2915,1,20180910,20180728,1,1,3,5,1,1,3,600000,589000,-11000,44,2290,3,2.5,1996,6750,0.0485,28567,24282,0,258.7,436.9
2916,1,20180626,20180507,1,1,1,2,1,2,2,411500,420500,9000,50,1670,3,2.5,2005,6000,0.026000000000000002,10933,9293,5750,248.6,457.1
2917,1,20181022,20180910,1,1,2,2,4,5,3,490000,502500,12500,42,1920,2,2,1956,7250,0.0235,11809,10038,0,247.3,453.6
2918,1,20181119,20180908,1,1,2,2,2,2,3,558500,564500,6000,72,2390,4,3.5,1988,10850,0.0235,13266,11276,0,237.2,470.4
2919,1,20180725,20180616,2,1,1,4,1,4,4,726500,752000,25500,39,2720,4,3.5,2018,6750,0.026000000000000002,19552,16619,0,258.7,414.1
2920,1,20181119,20181005,5,1,1,1,3,5,2,423000,424000,1000,45,1650,4,3.5,2007,7000,0.025500000000000002,10812,9190,0,532.2,442.9
2921,1,20181023,20180817,1,1,1,1,1,3,3,501500,495000,-6500,67,1810,3,2.5,2009,6350,0.024,11880,10098,0,255.6,467.8
2922,1,20181115,20180929,1,1,3,2,1,6,2,453000,440500,-12500,47,1820,4,3.5,1968,5950,0.0455,20043,17037,0,258.5,469.1
2923,1,20180821,20180711,1,1,2,3,1,5,2,367500,364000,-3500,41,1710,3,2.5,1997,6800,0.0265,9646,8199,0,236.7,438.1
2924,1,20180516,20180324,1,1,1,4,1,5,3,486000,486500,500,53,1530,2,2,1993,4250,0.025,12163,10339,0,230.8,442.4
2925,1,20180826,20180620,1,1,1,9,1,5,3,472000,459500,-12500,67,1890,3,2.5,1970,6050,0.023,10569,8984,0,260.3,465.8
2926,1,20180610,20180406,1,1,2,5,1,1,3,461500,456000,-5500,65,1940,3,2.5,2014,6050,0.029500000000000002,13452,11434,0,246.2,454.7
2927,1,20180105,20171006,1,1,1,1,1,3,3,526500,531000,4500,91,2140,5,4,2006,8400,0.023,12213,10381,0,256.8,464.4
2928,1,20180410,20180220,2,1,1,3,1,5,4,807500,801500,-6000,49,2700,4,3.5,2004,10200,0.028,22442,19076,0,242.5,406.8
2929,1,20180407,20180221,1,1,2,2,1,2,2,289500,284500,-5000,45,1170,2,2,1964,3450,0.028,7966,6771,0,256.8,481.7
2930,1,20180509,20180217,1,1,1,4,1,5,2,379000,384500,5500,81,1720,4,3.5,1960,7150,0.0245,9420,8007,0,255.5,457.5
2931,1,20180121,20171210,1,1,2,2,1,3,3,494000,477000,-17000,42,1660,2,2,1960,4800,0.03,14310,12164,0,241.5,460.2
2932,1,20180514,20180320,1,1,1,2,1,2,2,439500,431000,-8500,55,1650,3,2.5,1986,5500,0.026000000000000002,11206,9525,0,255.6,501.2
2933,1,20181222,20181112,1,1,2,2,1,1,2,374500,371500,-3000,40,1810,2,2,2005,6600,0.029500000000000002,10959,9315,2750,256.3,459.8
2934,1,20180216,20171230,1,1,1,3,1,5,2,424500,424000,-500,48,2140,3,2.5,2017,7200,0.0275,11660,9911,0,269.4,451.3
2935,1,20180614,20180421,1,1,1,2,2,1,2,322500,319000,-3500,54,1540,2,2,1959,4950,0.03,9570,8135,2750,255.4,492
2936,1,20181103,20180925,1,1,1,8,1,5,3,484500,486500,2000,39,2010,4,3.5,2009,7600,0.0235,11433,9718,0,255.6,477
2937,1,20181218,20181107,1,1,1,2,6,1,3,549500,545500,-4000,41,2080,4,3.5,2006,7000,0.026000000000000002,14183,12056,0,220.5,459.2
2938,1,20180108,20171111,4,4,1,4,1,5,4,764500,766500,2000,58,2690,5,4,2014,7750,0.029500000000000002,22612,19220,12000,448.6,433.6
2939,1,20180210,20171213,1,1,2,2,1,1,3,499000,493000,-6000,59,2150,3,2.5,1999,9900,0.0265,13065,11105,0,240.8,459
2940,1,20180924,20180801,1,1,1,2,2,5,2,389500,380500,-9000,54,1590,3,2.5,2014,4800,0.0235,8942,7601,0,257.9,466.8
2941,1,20180702,20180515,1,1,2,1,1,5,2,443000,441500,-1500,48,1680,3,2.5,1975,7400,0.023,10155,8632,0,256.6,469
2942,1,20181015,20180830,1,1,1,2,2,1,2,403500,415000,11500,46,2090,3,2.5,1964,6750,0.027,11205,9524,0,245.5,498.4
2943,1,20180609,20180407,1,1,2,3,1,2,3,528500,514500,-14000,63,2160,4,3.5,1964,8700,0.025,12863,10934,0,249.8,441.1
2944,1,20180927,20180814,1,1,2,1,2,2,4,671000,684500,13500,44,2040,4,3.5,1975,6050,0.0235,16086,13673,0,254.9,487.4
2945,1,20180817,20180630,1,1,2,2,3,2,2,300000,306500,6500,48,1460,3,2.5,2014,3550,0.029,8889,7556,0,259.4,457.7
2946,1,20180329,20180117,4,4,1,1,1,2,4,708000,718500,10500,71,2830,5,4,2018,13050,0.023,16526,14047,0,448.8,415.1
2947,1,20180908,20180710,5,1,1,2,5,1,2,382500,374000,-8500,60,1650,2,2,1971,5450,0.0265,9911,8424,0,522.1,433.6
2948,1,20180220,20171224,1,1,1,2,1,1,4,669000,650500,-18500,58,2320,4,3.5,1965,9100,0.028,18214,15482,0,260.3,463.5
2949,1,20180601,20180419,4,4,3,3,5,5,3,610000,607000,-3000,43,2630,5,4,2018,7800,0.046,27922,23734,0,440.2,417.9
2950,1,20180327,20180123,1,1,3,1,1,1,3,461000,459000,-2000,63,1800,2,2,1975,6600,0.043000000000000003,19737,16776,0,239.2,446.3
2951,1,20180623,20180512,1,1,2,3,2,5,3,484000,466000,-18000,42,1870,2,2,1999,6700,0.027,12582,10695,0,242.8,449.9
2952,1,20180712,20180602,2,1,1,1,2,2,4,747000,765500,18500,40,2340,4,3.5,2005,10350,0.0285,21817,18544,0,226.3,405.1
2953,1,20180917,20180709,1,1,1,2,1,3,3,567000,567500,500,70,1900,3,2.5,2006,8450,0.0265,15039,12783,0,253.4,474.6
2954,1,20180723,20180519,1,1,1,5,5,1,3,578500,557000,-21500,65,2320,4,3.5,2009,10500,0.0275,15318,13020,0,254.9,445.9
2955,1,20180922,20180629,1,1,2,2,1,4,3,475000,462500,-12500,85,1840,3,2.5,1955,5500,0.028,12950,11008,0,222.2,473.1
2956,1,20181217,20181005,1,1,1,2,1,1,3,471000,475000,4000,73,2260,3,2.5,1988,7800,0.0235,11163,9489,0,238.5,461.2
2957,1,20181228,20181015,1,1,1,2,1,2,3,499500,506000,6500,74,1710,2,2,1980,7350,0.025500000000000002,12903,10968,0,244.5,448.9
2958,1,20180710,20180524,1,1,1,1,5,3,3,556000,554500,-1500,47,1870,3,2.5,1968,6450,0.025500000000000002,14140,12019,0,236.3,434.6
2959,1,20180724,20180611,1,1,1,1,2,5,3,452500,459500,7000,43,1520,3,2.5,2002,6050,0.028,12866,10936,0,246.3,470.8
2960,1,20181008,20180818,1,1,1,1,1,1,2,462500,442000,-20500,51,1470,2,2,1975,4000,0.03,13260,11271,0,251.3,471.1
2961,1,20181027,20180829,1,1,1,2,2,1,3,508500,508500,0,59,1970,3,2.5,1968,9050,0.024,12204,10373,0,248.8,477.9
2962,1,20180118,20171122,1,1,1,5,5,2,3,480500,464000,-16500,57,1810,3,2.5,1979,8550,0.024,11136,9466,0,246.2,458.2
2963,1,20180724,20180611,1,1,2,9,3,5,3,595500,590500,-5000,43,1980,2,2,2008,8750,0.028,16534,14054,0,262,458.9
2964,1,20180505,20180325,1,1,2,1,1,1,2,346500,346000,-500,41,1460,2,2,2009,6100,0.0235,8131,6911,0,248.8,461.7
2965,1,20180404,20180131,1,1,2,1,3,1,3,579000,567000,-12000,63,2030,2,2,2007,10050,0.03,17010,14459,0,264.4,467.1
2966,1,20181125,20180911,1,1,2,4,4,3,3,603000,615000,12000,75,2180,4,3.5,1980,8250,0.023,14145,12023,0,252.7,497.6
2967,1,20181014,20180829,1,1,2,6,1,3,2,353000,349500,-3500,46,1450,2,2,2001,5400,0.023,8039,6833,0,253.1,466.6
2968,1,20180702,20180517,1,1,1,2,1,1,3,443500,453500,10000,46,1950,3,2.5,1976,8250,0.023,10431,8866,0,232.2,474.7
2969,1,20180921,20180712,1,1,3,1,3,1,3,457500,452000,-5500,71,1710,3,2.5,1974,8200,0.047,21244,18057,0,236.2,457.7
2970,1,20180224,20171221,1,1,1,3,2,1,2,454500,438500,-16000,65,1570,3,2.5,1995,6850,0.0245,10743,9132,0,235.3,461.1
2971,1,20180510,20180228,1,1,1,2,1,4,2,397500,393500,-4000,71,1730,4,3.5,1976,7850,0.024,9444,8027,0,250.4,476.8
2972,1,20180401,20180114,1,1,1,4,3,1,2,386000,386000,0,77,1550,2,2,2013,7000,0.022,8492,7218,0,272.6,509
2973,1,20190525,20190409,1,1,1,5,1,2,3,443500,461500,18000,46,1600,3,2.5,1955,5150,0.0275,12691,10787,0,259.1,477.2
2974,1,20190406,20190219,1,1,1,1,1,3,3,523500,520000,-3500,46,2030,3,2.5,1994,8350,0.029500000000000002,15340,13039,0,252.1,465.4
2975,1,20190714,20190525,1,1,2,1,3,5,4,660500,658000,-2500,50,1910,3,2.5,1981,6250,0.03,19740,16779,0,264.6,477.5
2976,1,20190330,20190208,1,1,1,1,1,1,3,569000,573500,4500,50,2170,4,3.5,1988,8150,0.0225,12904,10968,0,218.7,438.4
2977,1,20190818,20190701,3,1,1,9,4,1,3,555500,558500,3000,48,2110,3,2.5,1999,7250,0.0275,15359,13055,0,473.5,404
2978,1,20190718,20190606,1,1,1,2,1,2,3,530500,520000,-10500,42,1900,2,2,1979,6800,0.028,14560,12376,0,265,491.3
2979,1,20190915,20190801,1,1,1,1,1,5,3,479000,488500,9500,45,2050,4,3.5,1955,9150,0.0245,11968,10173,0,243.6,450
2980,1,20191023,20190913,4,4,1,2,1,6,4,770500,768000,-2500,40,2670,4,3.5,2019,10100,0.0265,20352,17299,0,437.4,418
2981,1,20190823,20190615,1,1,1,4,4,1,3,517500,521500,4000,69,1750,3,2.5,1975,5800,0.023,11995,10196,0,238.2,453.1
2982,1,20190426,20190224,1,1,1,4,1,1,2,343000,340000,-3000,61,1420,2,2,1959,4500,0.026000000000000002,8840,7514,0,242.5,491.4
2983,1,20190125,20181208,1,1,3,2,3,6,3,600000,585000,-15000,48,1970,3,2.5,2009,8250,0.0485,28373,24117,0,247.4,474.3
2984,1,20190922,20190812,1,1,1,2,1,1,2,339000,340500,1500,41,1450,3,2.5,2014,4450,0.027,9194,7815,0,263.3,463.6
2985,1,20190811,20190627,1,1,2,2,1,2,2,362000,360000,-2000,45,1670,3,2.5,1987,5800,0.025,9000,7650,0,239.8,460.1
2986,1,20191014,20190901,1,1,1,2,1,1,3,539500,536500,-3000,43,1900,3,2.5,1996,7600,0.026000000000000002,13949,11857,0,253.7,472.3
2987,1,20190317,20190114,1,1,1,1,2,2,3,531000,525000,-6000,62,2000,3,2.5,1963,9400,0.023,12075,10264,0,264.6,486.7
2988,1,20191014,20190825,1,1,1,1,2,1,3,463000,452000,-11000,50,1650,2,2,2018,7750,0.028,12656,10758,0,240.9,467.1
2989,1,20190707,20190503,1,1,2,1,3,1,3,553500,531500,-22000,65,1680,2,2,1962,7500,0.0265,14085,11972,0,242,459.1
2990,1,20190325,20190213,1,1,1,4,1,3,3,558000,553500,-4500,40,2050,3,2.5,1970,7200,0.0275,15221,12938,0,234,473.7
2991,1,20190701,20190506,1,1,1,1,3,5,3,532000,533500,1500,56,1820,3,2.5,1995,5000,0.029,15472,13151,0,255.5,470.1
2992,1,20190716,20190523,1,1,1,3,2,2,3,497000,475000,-22000,54,1800,3,2.5,1962,4700,0.025,11875,10094,0,227.5,466.4
2993,1,20190828,20190713,1,1,1,9,4,2,3,537000,560500,23500,46,1920,2,2,2015,8100,0.025500000000000002,14293,12149,8250,260,455.4
2994,1,20190204,20181209,1,1,3,2,5,2,2,443500,441000,-2500,57,1530,3,2.5,2000,5050,0.044,19404,16493,0,238.6,480.8
2995,1,20190805,20190621,1,1,1,4,1,4,2,398000,395000,-3000,45,1710,3,2.5,1996,7150,0.0245,9678,8226,4000,225.5,465.2
2996,1,20190917,20190808,1,1,1,1,5,2,4,738500,707000,-31500,40,2050,3,2.5,2008,8850,0.0285,20150,17128,0,242,467.2
2997,1,20190301,20190117,1,1,1,2,1,5,4,844000,817500,-26500,43,2670,4,3.5,2003,10000,0.0245,20029,17025,0,259.1,458.8
2998,1,20190811,20190603,4,4,2,7,1,2,4,771500,764500,-7000,69,2760,4,3.5,2019,13600,0.0245,18730,15921,9250,443.9,425.6
2999,1,20190719,20190606,1,1,2,1,1,5,2,405500,407500,2000,43,1770,3,2.5,1959,5200,0.024,9780,8313,0,237.3,446.2
3000,1,20191005,20190727,1,1,1,1,1,2,3,531000,520000,-11000,70,2030,4,3.5,1974,6150,0.0265,13780,11713,0,237.8,455.4
3001,1,20190927,20190806,1,1,1,2,4,2,3,525000,514500,-10500,52,1930,3,2.5,2017,8700,0.024,12348,10496,0,242.7,441.9
3002,1,20190331,20190219,1,1,1,2,1,2,2,438000,447000,9000,40,1470,2,2,1963,4500,0.029500000000000002,13187,11209,3750,275.4,453.9
3003,1,20191017,20190907,1,1,2,4,4,2,3,657500,639000,-18500,40,2310,4,3.5,2018,7750,0.0225,14378,12221,0,257.1,479.4
3004,1,20191020,20190808,1,1,2,1,3,1,2,423500,417500,-6000,73,1740,3,2.5,2017,6600,0.0235,9811,8339,0,227.3,464.1
3005,1,20190702,20190525,1,1,2,5,4,3,2,327500,329500,2000,38,1330,2,2,1987,3700,0.026000000000000002,8567,7282,0,256.5,459.8
3006,1,20190403,20190211,1,1,2,2,4,1,3,619500,625500,6000,51,1970,2,2,1980,6250,0.022,13761,11697,0,293,469.7
3007,1,20190626,20190508,4,4,3,6,5,5,5,949000,938500,-10500,49,3360,6,5,2019,11150,0.0475,44579,37892,0,439.5,412.7
3008,1,20190512,20190313,1,1,1,2,3,5,3,599000,591500,-7500,60,1900,3,2.5,2002,5500,0.028,16562,14078,0,245.7,462.7
3009,1,20190910,20190710,1,1,1,3,6,1,3,558500,565000,6500,62,2040,4,3.5,1991,8700,0.023,12995,11046,0,264.1,471.7
3010,1,20191019,20190906,1,1,2,2,5,6,4,650000,664000,14000,43,2360,4,3.5,1994,7150,0.025,16600,14110,0,251.2,466.5
3011,1,20190720,20190608,1,1,1,2,1,3,3,607500,617000,9500,42,1990,4,3.5,1973,5350,0.023,14191,12062,7000,256.6,458.7
3012,1,20190912,20190718,1,1,1,2,3,1,2,334000,320000,-14000,56,1440,2,2,2014,6500,0.026000000000000002,8320,7072,0,277.6,488.5
3013,1,20190906,20190625,1,1,1,1,2,5,3,522500,522500,0,73,2130,5,4,1975,7800,0.0265,13846,11769,0,254.3,437.8
3014,1,20190607,20190414,1,1,1,1,1,4,3,615000,617500,2500,54,2000,3,2.5,1955,5900,0.023,14203,12073,0,261.5,464.7
3015,1,20190531,20190326,1,1,3,2,1,4,3,575000,592500,17500,66,1920,3,2.5,2001,8600,0.047,27848,23671,0,248.1,479
3016,1,20191120,20190910,2,1,2,5,1,2,4,669500,666000,-3500,71,2380,3,2.5,2019,8150,0.025500000000000002,16983,14436,0,230.7,413.8
3017,1,20190710,20190511,1,1,1,2,6,1,3,522000,513500,-8500,60,2070,4,3.5,1984,5350,0.026000000000000002,13351,11348,0,237.5,463.5
3018,1,20190305,20190106,1,1,3,8,4,1,3,536000,533000,-3000,58,2310,4,3.5,1998,7850,0.0455,24252,20614,0,238.9,476.2
3019,1,20190729,20190528,1,1,1,8,4,1,3,493500,501500,8000,62,1670,2,2,1973,4200,0.028,14042,11936,0,236.5,471.5
3020,1,20191006,20190808,4,4,2,1,5,4,5,965500,975500,10000,59,3490,6,5,2019,14200,0.0275,26826,22802,0,440.4,421.7
3021,1,20190614,20190404,1,1,1,3,1,1,2,436500,440000,3500,71,1710,2,2,2014,4350,0.0285,12540,10659,0,221.8,467.3
3022,1,20191229,20191025,1,1,2,6,1,1,2,414500,415500,1000,65,1870,4,3.5,2000,7400,0.0245,10180,8653,4250,243.7,443.1
3023,1,20191227,20191111,1,1,2,2,1,1,3,627500,628500,1000,46,2210,4,3.5,1994,5350,0.027,16970,14425,0,243.4,464.9
3024,1,20190302,20181208,2,1,2,3,1,5,4,750000,760500,10500,84,2830,4,3.5,2010,7250,0.0245,18632,15837,0,233.8,410.4
3025,1,20190603,20190408,1,1,3,9,1,5,3,528000,530500,2500,56,1850,3,2.5,1969,5000,0.0485,25729,21870,0,223.7,459.3
3026,1,20190919,20190803,1,1,2,1,2,5,3,592000,599000,7000,47,2040,2,2,2006,5000,0.025500000000000002,15275,12984,0,266.3,473
3027,1,20190806,20190615,1,1,2,2,1,1,3,488500,485000,-3500,52,1830,3,2.5,1980,8800,0.0265,12853,10925,0,243,448.8
3028,1,20191106,20190902,1,1,2,5,1,2,3,519500,500500,-19000,65,1610,2,2,1956,4000,0.0275,13764,11699,0,269.6,475.4
3029,1,20190920,20190731,1,1,2,1,3,1,2,410500,407000,-3500,51,1510,2,2,1964,5150,0.0285,11600,9860,0,269.3,473.1
3030,1,20190617,20190502,1,1,2,3,4,2,3,501500,489500,-12000,46,1890,2,2,2001,5450,0.026000000000000002,12727,10818,0,278.7,457.5
3031,1,20190810,20190626,1,1,2,1,1,2,2,427500,429500,2000,45,1810,3,2.5,1971,8650,0.0235,10093,8579,7750,225.4,476.7
3032,1,20190717,20190525,1,1,2,3,5,2,3,479000,462000,-17000,53,2010,2,2,1970,5500,0.03,13860,11781,3500,252,458.4
3033,1,20190206,20181227,5,1,1,2,1,2,2,337000,349500,12500,41,1620,3,2.5,2003,5050,0.026000000000000002,9087,7724,0,520.4,458.9
3034,1,20191027,20190916,4,4,2,5,4,2,5,940000,941000,1000,41,2930,5,4,2019,8900,0.025500000000000002,23996,20397,0,445.5,427.4
3035,1,20190504,20190322,1,1,2,2,4,1,4,751500,710500,-41000,43,2330,5,4,2000,8450,0.023,16342,13891,0,237.4,452
3036,1,20191116,20191004,1,1,2,2,3,1,3,520500,512500,-8000,43,1730,3,2.5,1979,6450,0.025500000000000002,13069,11109,0,250.8,463
3037,1,20190917,20190722,1,1,1,2,1,5,4,736000,737000,1000,57,2510,4,3.5,1961,11750,0.026000000000000002,19162,16288,0,267,468.4
3038,1,20190507,20190211,1,1,2,2,4,2,3,554500,575500,21000,85,2050,3,2.5,1975,9100,0.0265,15251,12963,0,263.7,459
3039,1,20191102,20190828,2,1,2,2,1,5,4,791500,833000,41500,66,2490,4,3.5,2019,9200,0.027,22491,19117,0,248.6,415.3
3040,1,20190505,20190327,1,1,1,3,1,2,2,388500,393000,4500,39,1520,2,2,1981,3750,0.025500000000000002,10022,8519,0,252.4,463.1
3041,1,20190105,20181107,4,4,2,2,1,2,4,664500,656500,-8000,59,2160,3,2.5,2018,9750,0.03,19695,16741,0,438.4,417.2
3042,1,20191011,20190822,1,1,1,3,1,5,2,469000,440000,-29000,50,1690,2,2,1985,5200,0.0265,11660,9911,0,239.3,463.6
3043,1,20191026,20190909,1,1,2,5,4,5,3,461000,467500,6500,47,1710,2,2,1977,5500,0.025500000000000002,11921,10133,0,257.1,477.1
3044,1,20190525,20190330,1,1,2,2,4,2,2,405000,394000,-11000,56,1650,2,2,1994,5800,0.0285,11229,9545,0,240.5,482
3045,1,20190501,20190224,1,1,1,2,2,5,2,346000,350500,4500,66,1290,2,2,1993,3200,0.0275,9639,8193,0,245.1,465
3046,1,20190707,20190525,1,1,1,9,2,5,3,473500,479500,6000,43,2220,4,3.5,1955,6650,0.025,11988,10190,0,239.3,472.8
3047,1,20190701,20190423,1,1,2,4,1,5,2,409000,392000,-17000,69,1990,3,2.5,1974,6300,0.0235,9212,7830,0,243.7,460.3
3048,1,20190201,20181216,1,1,2,1,1,4,3,479500,472000,-7500,47,2060,3,2.5,2003,5000,0.025,11800,10030,0,279.2,459.8
3049,1,20191208,20191008,1,1,1,5,5,2,3,604000,587500,-16500,61,1990,3,2.5,1969,5950,0.027,15863,13484,9000,241.3,489
3050,1,20190411,20190215,1,1,2,5,1,1,3,561000,561500,500,55,2360,4,3.5,1976,8350,0.0285,16003,13603,9250,265.9,479.9
3051,1,20190717,20190514,1,1,2,3,1,1,2,312000,312500,500,64,1350,2,2,1990,4600,0.022,6875,5844,0,235.1,474.9
3052,1,20190323,20190126,1,1,1,3,1,2,3,555000,546000,-9000,56,1800,3,2.5,2014,7650,0.029,15834,13459,0,276.4,462
3053,1,20190410,20190127,1,1,1,1,1,2,3,483000,479000,-4000,73,1630,2,2,2008,4700,0.0225,10778,9161,0,241.6,483.3
3054,1,20190728,20190531,1,1,2,1,2,5,3,463000,459000,-4000,58,1590,2,2,2000,4650,0.025500000000000002,11705,9949,0,220.5,453.4
3055,1,20191215,20191009,4,4,1,4,1,2,4,827500,810000,-17500,67,2530,3,2.5,2019,9550,0.029,23490,19967,0,440.4,420.4
3056,1,20190224,20181216,1,1,2,4,3,5,2,317500,316500,-1000,70,1300,3,2.5,2003,5200,0.0275,8704,7398,0,238.9,453.2
3057,1,20190405,20190218,1,1,1,5,1,1,3,548500,547500,-1000,46,2140,3,2.5,1956,9550,0.025,13688,11635,0,256.4,489.7
3058,1,20190505,20190324,1,1,1,1,1,5,3,451500,464500,13000,42,1650,2,2,2000,5800,0.0285,13238,11252,0,228,465.3
3059,1,20191009,20190828,1,1,1,3,3,5,3,459000,459000,0,42,1750,2,2,1959,7500,0.029,13311,11314,0,277.4,472.4
3060,1,20190905,20190709,1,1,2,3,1,1,2,417500,416000,-1500,58,1780,2,2,1972,7400,0.027,11232,9547,0,272.7,453.7
3061,1,20191229,20191020,2,1,1,2,6,5,4,716000,702500,-13500,70,2590,5,4,2011,10050,0.0265,18616,15824,0,243.8,409.1
3062,1,20191112,20190819,1,1,1,2,4,2,2,291500,294500,3000,85,1380,2,2,1960,4500,0.0275,8099,6884,0,240.7,463.6
3063,1,20190506,20190305,1,1,1,2,1,1,2,409500,420000,10500,62,1790,3,2.5,1977,7400,0.029,12180,10353,0,257.5,481.7
3064,1,20190605,20190424,1,1,1,2,3,1,2,378500,397500,19000,42,1590,3,2.5,1976,6300,0.026000000000000002,10335,8785,0,239.2,485.4
3065,1,20190310,20190126,1,1,1,2,6,2,3,558500,552500,-6000,43,1780,3,2.5,2000,4850,0.028,15470,13150,0,249.5,471
3066,1,20191122,20191005,1,1,1,3,3,1,3,515500,515500,0,48,1930,3,2.5,1999,9600,0.029500000000000002,15207,12926,0,257,480.6
3067,1,20190401,20190217,1,1,1,3,1,5,3,580000,564500,-15500,43,1880,3,2.5,1990,6000,0.029500000000000002,16653,14155,5750,241.2,482.1
3068,1,20190811,20190616,1,1,2,9,5,4,2,372000,370000,-2000,56,1770,2,2,1964,7300,0.0265,9805,8334,6250,249.8,472.1
3069,1,20190501,20190225,4,4,1,2,5,2,4,653000,655500,2500,65,2160,3,2.5,2019,5700,0.029,19010,16159,0,437,425.3
3070,1,20190722,20190515,1,1,1,1,1,3,3,567000,563000,-4000,68,2090,3,2.5,1993,5750,0.03,16890,14357,0,253.6,452.8
3071,1,20190519,20190323,2,1,2,3,1,1,4,659500,706500,47000,57,1970,2,2,2010,7300,0.028,19782,16815,0,234.3,400.9
3072,1,20190614,20190503,2,1,2,2,3,5,4,658000,661500,3500,42,2450,4,3.5,2014,6150,0.023,15215,12933,0,239.5,414.5
3073,1,20190201,20181119,1,1,1,3,2,2,3,462000,459500,-2500,74,1740,3,2.5,1982,6300,0.0265,12177,10350,0,244.9,445.4
3074,1,20191222,20191112,1,1,2,3,1,3,3,537500,522500,-15000,40,2000,3,2.5,1958,7450,0.023,12018,10215,0,257.6,449.5
3075,1,20190709,20190514,5,1,1,5,2,1,2,369500,372000,2500,56,1780,3,2.5,2011,7500,0.0275,10230,8696,0,523.3,438.4
3076,1,20191118,20190829,1,1,1,1,1,5,3,534000,528500,-5500,81,1820,3,2.5,1996,7150,0.0275,14534,12354,0,256,455.2
3077,1,20191214,20191105,1,1,2,3,5,2,3,474000,468500,-5500,39,1800,3,2.5,1971,8300,0.029,13587,11549,0,267.6,478.8
3078,1,20190603,20190416,1,1,1,2,2,4,2,416500,416000,-500,48,1700,2,2,1964,4950,0.024,9984,8486,0,254.5,488.5
3079,1,20190816,20190707,1,1,1,1,1,2,3,549000,540000,-9000,40,1990,3,2.5,1975,5700,0.0285,15390,13082,0,268.8,478.9
3080,1,20190202,20181220,1,1,2,2,4,4,4,718500,715000,-3500,44,2350,3,2.5,1956,9200,0.029500000000000002,21093,17929,3750,264.3,452.2
3081,1,20200801,20200716,1,1,2,2,1,2,3,611500,632000,20500,16,2140,4,3.5,2016,7650,0.027,17064,14504,0,256.8,434.5
3082,1,20200309,20200215,1,1,1,1,3,5,3,619000,644500,25500,23,2060,4,3.5,2015,8700,0.0235,15146,12874,0,253.5,480.4
3083,1,20200705,20200621,1,1,1,2,1,1,2,346500,362000,15500,14,1670,3,2.5,1956,7500,0.025,9050,7693,0,246.9,466.2
3084,1,20200331,20200315,1,1,1,6,4,5,3,455000,455500,500,16,1630,2,2,2019,4050,0.023,10477,8905,0,283.6,447.4
3085,1,20200306,20200209,1,1,2,1,1,5,3,501500,504500,3000,26,1650,2,2,2004,6850,0.0285,14378,12221,0,237.7,466.9
3086,1,20200711,20200622,1,1,1,2,2,2,2,409500,430500,21000,19,1400,2,2,1998,4800,0.029,12485,10612,0,240.3,461.3
3087,1,20200614,20200524,1,1,1,4,5,2,3,602500,633000,30500,21,1950,4,3.5,2008,7600,0.029,18357,15603,0,224,468.6
3088,1,20201224,20201211,1,1,1,1,1,2,3,495500,514500,19000,13,2040,3,2.5,1961,8150,0.0235,12091,10277,0,260.3,468.1
3089,1,20200507,20200330,1,1,2,7,2,5,3,511500,548500,37000,38,1810,2,2,1985,8450,0.0285,15632,13287,0,220,451.1
3090,1,20201108,20201015,1,1,1,6,1,4,3,461500,479500,18000,24,1840,3,2.5,2016,7300,0.029,13906,11820,0,243.9,477.6
3091,1,20200825,20200728,1,1,1,1,1,5,3,517500,533000,15500,28,1710,3,2.5,1988,5850,0.025,13325,11326,0,249.9,453.7
3092,1,20201027,20200929,4,4,2,5,4,2,5,1252000,1291500,39500,28,3570,5,4,2020,12300,0.025,32288,27445,0,444.8,427.2
3093,1,20200229,20200215,1,1,1,2,5,5,3,548500,563000,14500,14,1550,3,2.5,1961,4650,0.025500000000000002,14357,12203,0,253.5,448.2
3094,1,20200405,20200320,1,1,1,2,1,5,2,431000,438000,7000,16,1230,2,2,1960,6050,0.024,10512,8935,0,228.6,484.9
3095,1,20200318,20200303,1,1,1,3,1,5,4,749500,770000,20500,15,2400,3,2.5,2001,8050,0.026000000000000002,20020,17017,0,256.1,466.7
3096,1,20200818,20200802,1,1,1,7,1,4,3,494500,510500,16000,16,1800,2,2,1955,5850,0.0245,12507,10631,0,265.1,462.6
3097,1,20200817,20200801,1,1,1,1,1,2,3,629500,636500,7000,16,1860,3,2.5,2008,9100,0.0265,16867,14337,0,255.2,437.9
3098,1,20200629,20200613,1,1,1,2,5,5,3,434500,460500,26000,16,1600,2,2,2015,7400,0.028,12894,10960,0,233.3,456.4
3099,1,20200501,20200406,1,1,2,2,6,1,2,429500,440000,10500,25,1420,2,2,2001,5200,0.023,10120,8602,0,268,473.1
3100,1,20200503,20200413,4,4,1,3,1,2,4,777000,775500,-1500,20,2420,4,3.5,2017,12000,0.0265,20551,17468,0,443.5,419.2
3101,1,20200702,20200614,1,1,2,9,1,1,3,531000,559500,28500,18,2120,4,3.5,1972,9550,0.022,12309,10463,0,243.1,437.3
3102,1,20200605,20200521,1,1,1,6,1,6,4,675500,696000,20500,15,2090,3,2.5,1997,5900,0.024,16704,14198,0,231.3,452.8
3103,1,20201122,20201109,2,1,1,1,5,5,5,896000,908000,12000,13,3060,5,4,2018,15100,0.027,24516,20839,0,233.6,404.6
3104,1,20200517,20200502,1,1,2,2,3,5,3,445000,461500,16500,15,1620,3,2.5,1959,5000,0.025,11538,9807,0,241,471.7
3105,1,20200701,20200612,1,1,3,4,5,2,4,705000,697500,-7500,19,2140,3,2.5,1969,8600,0.049,34178,29051,0,233.3,449.4
3106,1,20201016,20200930,2,1,1,3,1,2,3,537000,557500,20500,16,1950,3,2.5,2014,8850,0.0225,12544,10662,0,232.3,422.1
3107,1,20200522,20200502,1,1,2,2,1,1,2,427500,437000,9500,20,1630,3,2.5,1963,6150,0.023,10051,8543,0,221.5,478.8
3108,1,20200202,20200117,1,1,2,1,1,5,3,609000,622500,13500,16,1980,3,2.5,2012,9100,0.0265,16496,14022,0,262.4,459
3109,1,20200618,20200605,1,1,2,4,1,1,3,528500,557500,29000,13,1910,3,2.5,1978,5100,0.03,16725,14216,4000,254.6,455.1
3110,1,20200416,20200401,1,1,2,1,4,2,3,523500,544500,21000,15,1870,2,2,1979,8350,0.028,15246,12959,0,256.2,469
3111,1,20200203,20200107,1,1,1,2,1,5,3,491500,509000,17500,27,1480,2,2,1972,6850,0.0235,11962,10168,0,240.5,439.4
3112,1,20200727,20200701,2,1,2,2,4,1,4,665000,700000,35000,26,2220,4,3.5,2011,8750,0.0225,15750,13388,5500,243.5,408.9
3113,1,20200730,20200709,4,4,1,1,2,2,4,780500,808000,27500,21,2490,4,3.5,2017,10200,0.029,23432,19917,0,450,424.3
3114,1,20200906,20200809,3,1,1,3,2,2,4,653500,679000,25500,28,2390,3,2.5,2006,7850,0.028,19012,16160,0,469.4,401.4
3115,1,20200331,20200308,1,1,1,2,5,5,2,388000,405500,17500,23,1700,3,2.5,1976,8350,0.027,10949,9307,0,261.7,472.7
3116,1,20201229,20201206,1,1,1,3,1,2,3,567500,596500,29000,23,1930,4,3.5,1996,9250,0.027,16106,13690,0,276.3,470
3117,1,20200627,20200611,1,1,2,3,1,1,3,450500,469500,19000,16,1500,2,2,1960,6500,0.025500000000000002,11972,10176,0,238.5,480.8
3118,1,20200402,20200310,1,1,2,4,2,2,4,700000,727000,27000,23,2100,4,3.5,2000,10200,0.024,17448,14831,0,237.3,466.9
3119,1,20200424,20200403,1,1,1,2,1,5,3,513500,533000,19500,21,1880,2,2,1960,7800,0.026000000000000002,13858,11779,0,271.5,451.4
3120,1,20201217,20201130,2,1,1,6,1,4,4,766500,813500,47000,17,2740,4,3.5,2004,13650,0.025,20338,17287,0,245.1,419.9
3121,1,20200609,20200517,4,4,1,2,5,1,5,848500,903500,55000,23,3050,6,5,2015,15200,0.022,19877,16895,0,445.9,425.1
3122,1,20200923,20200826,1,1,3,2,3,1,3,464500,478500,14000,28,1590,2,2,1970,5700,0.044,21054,17896,0,274.4,450.4
3123,1,20200326,20200305,1,1,1,2,1,2,3,578500,589500,11000,21,2000,4,3.5,1957,6850,0.025,14738,12527,0,255.7,463.2
3124,1,20200627,20200601,1,1,2,1,1,5,3,463000,493000,30000,26,1810,3,2.5,1983,4350,0.025,12325,10476,0,225.9,467.5
3125,1,20201207,20201117,1,1,2,2,1,5,3,438500,460000,21500,20,1770,3,2.5,2015,5100,0.027,12420,10557,0,251.2,457.3
3126,1,20201121,20201105,2,1,2,4,4,5,4,706000,725500,19500,16,2220,3,2.5,2001,9850,0.03,21765,18500,0,230.1,413.4
3127,1,20200729,20200711,1,1,2,4,1,2,3,448500,476500,28000,18,1590,2,2,1956,7900,0.0235,11198,9518,0,267.5,441.9
3128,1,20200719,20200706,1,1,1,4,3,1,3,429000,455000,26000,13,1610,3,2.5,1974,7150,0.025,11375,9669,0,235.7,464.5
3129,1,20200116,20191224,1,1,1,2,3,2,2,400000,422000,22000,23,1520,3,2.5,2017,4200,0.0225,9495,8071,0,260.8,452
3130,1,20200502,20200416,1,1,1,2,2,5,3,503500,526500,23000,16,1650,3,2.5,2016,7000,0.0275,14479,12307,0,247.5,482.4
3131,1,20200610,20200526,1,1,1,2,1,5,3,571500,596000,24500,15,2020,4,3.5,2003,10050,0.0245,14602,12412,0,247.4,454.8
3132,1,20200804,20200718,1,1,1,5,1,4,4,716000,738500,22500,17,2330,4,3.5,1963,6700,0.0265,19570,16635,0,263.9,457.9
3133,1,20200214,20200131,1,1,1,2,1,2,3,620000,618500,-1500,14,1850,4,3.5,1969,8900,0.025500000000000002,15772,13406,0,266.9,455.7
3134,1,20200515,20200420,1,1,2,1,3,1,3,550500,553500,3000,25,1880,3,2.5,1958,6500,0.029500000000000002,16328,13879,7000,237,471.5
3135,1,20200824,20200810,1,1,1,2,5,1,4,618500,650000,31500,14,2320,3,2.5,1962,9150,0.028,18200,15470,0,261.6,471.6
3136,1,20201031,20201017,1,1,2,2,1,2,3,538000,554500,16500,14,1830,2,2,1957,6900,0.027,14972,12726,0,234.2,447.2
3137,1,20201221,20201122,1,1,2,1,2,1,3,443000,455500,12500,29,1590,3,2.5,1963,7250,0.0235,10704,9098,0,239.1,496.9
3138,1,20200820,20200806,1,1,1,2,3,2,3,517000,539500,22500,14,1710,3,2.5,1968,4400,0.029,15646,13299,0,247,452.4
3139,1,20201020,20200925,1,1,2,5,4,5,4,630000,668000,38000,25,2210,4,3.5,2008,7050,0.029500000000000002,19706,16750,0,253.8,473.5
3140,1,20201221,20201204,3,1,1,2,6,5,3,450000,484500,34500,17,1420,3,2.5,2006,6250,0.025500000000000002,12355,10502,0,471.5,419.7
3141,1,20200730,20200714,1,1,1,6,3,2,3,527000,545500,18500,16,1830,2,2,1986,5100,0.0225,12274,10433,0,231.4,465.5
3142,1,20201021,20201004,1,1,1,8,2,1,4,632500,654500,22000,17,2020,4,3.5,1994,5100,0.022,14399,12239,0,252.7,452.7
3143,1,20200511,20200425,1,1,1,1,1,5,3,491500,507000,15500,16,1710,3,2.5,2006,5150,0.028,14196,12067,0,259.6,456.5
3144,1,20201123,20201106,1,1,2,6,1,1,3,585500,600500,15000,17,2040,4,3.5,1978,5850,0.03,18015,15313,0,246.8,472
3145,1,20200317,20200224,1,1,1,3,5,5,2,361500,362500,1000,22,1280,2,2,1968,4050,0.03,10875,9244,0,252.2,433.1
3146,1,20200115,20200101,1,1,1,2,2,5,3,607000,630000,23000,14,2070,3,2.5,1971,9600,0.028,17640,14994,0,226.9,462.9
3147,1,20200606,20200503,1,1,3,1,3,1,3,600500,624000,23500,34,2120,4,3.5,2003,7500,0.043500000000000004,27144,23072,0,253.5,457.4
3148,1,20200709,20200620,1,1,1,3,3,2,3,576000,590500,14500,19,1910,3,2.5,1973,6050,0.024,14172,12046,0,234.8,488.7
3149,1,20200731,20200707,1,1,2,2,1,2,3,464000,488500,24500,24,1670,3,2.5,2017,5950,0.026000000000000002,12701,10796,8250,262.6,475.1
3150,1,20201105,20201021,3,1,2,1,2,5,2,442000,449000,7000,15,1650,3,2.5,1957,3950,0.027,12123,10305,0,464.1,396.6
3151,1,20200710,20200621,1,1,2,2,2,5,3,471500,499500,28000,19,1610,3,2.5,1974,6500,0.025500000000000002,12737,10826,0,240.7,464.8
3152,1,20200610,20200527,1,1,1,1,1,5,3,442000,466000,24000,14,1370,2,2,1967,5650,0.0235,10951,9308,0,250.8,484.9
3153,1,20200401,20200311,1,1,1,2,1,5,4,672500,698500,26000,21,2120,4,3.5,1960,7750,0.0245,17113,14546,9250,242.4,482.1
3154,1,20201029,20201009,1,1,2,3,2,5,3,555000,581500,26500,20,1800,3,2.5,1973,7500,0.027,15701,13346,0,239,456.6
3155,1,20200617,20200601,1,1,1,6,4,1,3,596500,621500,25000,16,2170,4,3.5,1975,10800,0.025,15538,13207,0,260.8,463.5
3156,1,20200425,20200407,1,1,1,1,1,1,3,534500,549000,14500,18,1710,2,2,1959,4400,0.025,13725,11666,0,242.5,437.2
3157,1,20200625,20200606,1,1,1,2,1,2,3,561500,568000,6500,19,1990,3,2.5,1956,8700,0.025,14200,12070,0,235.7,472.6
3158,1,20200624,20200606,1,1,1,3,2,5,2,405000,431000,26000,18,1670,3,2.5,1990,7150,0.0225,9698,8243,0,248.6,473.2
3159,1,20200401,20200316,1,1,2,7,2,1,3,453500,465500,12000,16,1840,3,2.5,1980,8700,0.03,13965,11870,0,255.7,447.1
3160,1,20200826,20200805,1,1,3,5,1,5,3,460500,484500,24000,21,1590,2,2,1955,4450,0.0465,22529,19150,0,265.5,443
3161,1,20200923,20200830,1,1,1,1,2,5,2,374000,400500,26500,24,1430,2,2,1964,6600,0.0245,9812,8340,0,236.7,457.7
3162,1,20200814,20200724,1,1,1,1,1,5,3,635500,648000,12500,21,2210,4,3.5,1998,5350,0.0225,14580,12393,0,244.8,481.1
3163,1,20201019,20201002,1,1,2,8,1,1,4,663500,693500,30000,17,1890,3,2.5,1976,8650,0.029500000000000002,20458,17389,0,245.6,461.6
3164,1,20200604,20200518,1,1,1,5,6,6,3,491500,515000,23500,17,1810,2,2,2005,7850,0.028,14420,12257,0,233.9,463.3
3165,1,20201009,20200924,2,1,1,2,1,5,4,691000,722000,31000,15,2110,3,2.5,2014,10100,0.026000000000000002,18772,15956,0,243.9,404.9
3166,1,20200521,20200504,1,1,1,8,2,1,3,637500,618500,-19000,17,1960,3,2.5,1958,7800,0.026000000000000002,16081,13669,0,250.6,450.3
3167,1,20200228,20200209,1,1,2,1,1,1,3,544000,558500,14500,19,1920,3,2.5,2007,5350,0.029500000000000002,16476,14005,0,253,456.2
3168,1,20201006,20200923,1,1,2,1,1,1,3,516000,517500,1500,13,1660,3,2.5,1964,5150,0.025,12938,10997,0,245.8,474.3
3169,1,20200511,20200428,1,1,1,4,1,5,3,512500,540000,27500,13,1810,2,2,1980,7850,0.025500000000000002,13770,11705,0,244.6,463.8
3170,1,20200326,20200304,1,1,1,4,1,2,3,450500,458000,7500,22,1720,3,2.5,2006,5750,0.028,12824,10900,0,239.7,482
3171,1,20200331,20200304,1,1,1,2,1,3,4,647500,684500,37000,27,1850,4,3.5,1962,6550,0.025500000000000002,17455,14837,0,246.1,476.6
3172,1,20200318,20200226,1,1,1,1,1,5,3,536000,549500,13500,21,2060,3,2.5,1999,5250,0.029,15936,13546,7750,220.7,456.9
3173,1,20200511,20200423,1,1,1,6,1,1,2,393500,406000,12500,18,1300,2,2,1998,5700,0.029,11774,10008,0,237.7,456.6
3174,1,20201206,20201118,3,1,2,3,3,2,3,636000,647000,11000,18,1980,3,2.5,2019,9100,0.0265,17146,14574,0,470.5,391.7
3175,1,20200718,20200704,1,1,2,5,1,3,3,509000,520500,11500,14,1530,3,2.5,2005,5150,0.0225,11711,9954,0,245,481.1
3176,1,20200528,20200503,1,1,2,2,1,1,3,560500,584500,24000,25,1980,3,2.5,1992,7300,0.024,14028,11924,0,227.4,450.3
3177,1,20200619,20200525,1,1,1,1,6,5,3,515500,551500,36000,25,1940,3,2.5,2019,8950,0.0275,15166,12891,0,248.1,458.2
3178,1,20200708,20200619,1,1,2,1,1,1,3,521500,552000,30500,19,1980,4,3.5,1992,9750,0.0275,15180,12903,0,241.3,476.3
3179,1,20200411,20200321,1,1,2,2,1,4,4,694500,703500,9000,21,2050,3,2.5,1969,8550,0.029500000000000002,20753,17640,0,233.5,462.1
3180,1,20200621,20200603,2,1,2,1,4,5,4,836500,857000,20500,18,2900,4,3.5,2020,11700,0.022,18854,16026,0,243.1,397.3
3181,1,20200623,20200604,1,1,2,2,2,1,3,549500,543000,-6500,19,1480,2,2,1966,6250,0.029,15747,13385,0,250,463
3182,1,20201006,20200914,1,1,1,8,1,1,2,369000,384500,15500,22,1630,4,3.5,1986,5300,0.025,9613,8171,0,236.8,465.7
3183,1,20200220,20200128,1,1,2,4,1,5,3,510000,520500,10500,23,2040,3,2.5,1990,6550,0.0285,14834,12609,0,254.5,426.3
3184,1,20200728,20200710,1,1,2,5,1,1,2,296500,294500,-2000,18,1470,3,2.5,2015,4600,0.029,8541,7260,0,289.2,474.1
3185,1,20200309,20200218,4,4,1,1,1,2,5,1031500,1106500,75000,20,3330,5,4,2020,15000,0.026000000000000002,28769,24454,0,449.2,428.9
3186,1,20201026,20201006,1,1,2,1,4,1,3,457000,477000,20000,20,1820,3,2.5,2006,5500,0.03,14310,12164,0,247.1,468.6
3187,1,20200423,20200408,1,1,2,3,1,2,3,534000,548500,14500,15,1890,2,2,2009,6550,0.0245,13438,11422,0,231.4,445.9
3188,1,20201008,20200922,1,1,1,5,1,3,3,600500,619000,18500,16,1910,3,2.5,2006,7400,0.023,14237,12101,0,267.3,459.2
3189,1,20201002,20200915,1,1,2,2,3,5,3,468500,494500,26000,17,1980,3,2.5,1961,7000,0.0275,13599,11559,0,245.8,468.5
3190,1,20200628,20200612,5,1,1,9,1,3,2,392000,412500,20500,16,1400,2,2,1956,6750,0.029,11963,10169,0,524,444.2
3191,1,20200412,20200324,1,1,1,6,1,2,3,450000,464000,14000,19,1850,3,2.5,2001,8550,0.024,11136,9466,0,238.3,478.5
3192,1,20200705,20200618,1,1,1,1,2,2,3,566000,580500,14500,17,1910,3,2.5,2003,5450,0.0285,16544,14062,0,248.8,503.2
3193,1,20200520,20200507,1,1,1,5,1,3,2,372000,385000,13000,13,1210,2,2,1981,5050,0.0285,10973,9327,0,264.1,452.1
3194,1,20200427,20200413,1,1,1,6,3,5,3,543000,566000,23000,14,1800,3,2.5,1957,8800,0.023,13018,11065,2250,260.9,461.2
3195,1,20200711,20200624,1,1,1,1,1,2,4,626000,657500,31500,17,2370,4,3.5,1960,6700,0.0265,17424,14810,0,223.2,470.8
3196,1,20200509,20200424,1,1,2,3,1,5,3,586500,589000,2500,15,1820,3,2.5,2007,5800,0.026000000000000002,15314,13017,0,246.8,455.9
3197,1,20201030,20201012,1,1,1,5,4,1,3,446500,473000,26500,18,1650,2,2,1971,7950,0.0285,13481,11459,0,263.8,468.2
3198,1,20200720,20200705,2,1,3,1,1,4,4,812000,842500,30500,15,2290,4,3.5,2001,6150,0.05,42125,35806,0,243.5,417.3
3199,1,20200621,20200522,1,1,2,4,3,1,3,542000,551000,9000,30,1690,3,2.5,1986,8250,0.029500000000000002,16255,13817,0,241.4,478.6
3200,1,20200313,20200213,1,1,2,2,1,5,3,507000,525000,18000,29,1920,3,2.5,1996,6950,0.0285,14963,12719,0,229.2,458.5
3201,1,20200720,20200629,1,1,2,3,1,1,3,429000,454000,25000,21,1770,3,2.5,1979,8300,0.027,12258,10419,0,266.2,473
3202,1,20200405,20200313,1,1,1,4,2,5,3,458500,476500,18000,23,1890,4,3.5,1974,6150,0.03,14295,12151,0,259.1,434.6
3203,1,20200427,20200402,1,1,1,4,1,3,3,604000,640000,36000,25,1940,3,2.5,1959,5750,0.024,15360,13056,0,234.7,450.7
3204,1,20200622,20200608,1,1,3,1,1,1,3,524000,547500,23500,14,1920,4,3.5,1976,6100,0.0475,26006,22105,0,264,467.1
3205,1,20200411,20200326,1,1,2,8,1,5,2,397500,417000,19500,16,1380,3,2.5,1974,4750,0.027,11259,9570,0,244.4,439.6
3206,1,20201128,20201110,1,1,2,3,5,1,5,866000,903500,37500,18,2580,4,3.5,2006,6650,0.025,22588,19200,0,238,442.8
3207,1,20200602,20200516,1,1,1,3,3,5,2,411500,423000,11500,17,1500,2,2,1961,6250,0.025500000000000002,10787,9169,0,270.5,465.1
3208,1,20200425,20200401,1,1,2,2,1,1,3,509500,527000,17500,24,1770,3,2.5,1994,5250,0.026000000000000002,13702,11647,5250,232.8,484
3209,1,20200605,20200514,1,1,1,6,1,1,3,538000,549000,11000,22,1630,3,2.5,1985,5300,0.0225,12353,10500,0,222.8,457
3210,1,20200402,20200306,1,1,3,3,4,3,3,486500,508500,22000,27,1670,3,2.5,1963,6750,0.0455,23137,19666,0,251,469.9
3211,1,20201116,20201026,1,1,2,3,2,2,2,397500,403000,5500,21,1580,3,2.5,1976,6000,0.0285,11486,9763,0,260.4,494.6
3212,1,20200704,20200621,1,1,1,9,1,5,3,535500,551000,15500,13,2010,3,2.5,1961,8500,0.029500000000000002,16255,13817,0,236.2,455.3
3213,1,20201104,20201008,3,1,1,1,1,1,4,766000,783500,17500,27,2230,4,3.5,1989,7300,0.028,21938,18647,0,489.3,398.1
3214,1,20200315,20200224,1,1,1,9,1,2,3,604000,626000,22000,20,1980,3,2.5,1978,5250,0.025,15650,13303,0,281.7,458.8
3215,1,20200916,20200828,1,1,1,2,2,6,3,474000,485000,11000,19,1460,3,2.5,1989,6300,0.0235,11398,9688,0,232,456.3
3216,1,20200602,20200502,1,1,2,5,1,1,3,453000,455000,2000,31,1650,3,2.5,1993,4400,0.023,10465,8895,5500,239.6,472.8
3217,1,20200308,20200223,5,1,1,2,1,2,3,554000,592000,38000,14,2010,3,2.5,1971,4950,0.0285,16872,14341,0,527.3,429.6
3218,1,20200820,20200804,1,1,2,8,1,1,3,467000,485000,18000,16,1700,2,2,2007,4150,0.0235,11398,9688,0,268,490.3
3219,1,20201211,20201119,1,1,1,3,1,4,3,600000,627500,27500,22,2010,3,2.5,1983,7300,0.022,13805,11734,0,254.5,470.1
3220,1,20200111,20191221,1,1,1,8,1,1,3,619000,624500,5500,21,1680,2,2,1990,6450,0.0225,14051,11943,0,244.4,471.9
3221,1,20201107,20201015,1,1,2,6,1,5,4,644500,669500,25000,23,2360,4,3.5,1991,9100,0.0225,15064,12804,0,254.1,460.9
3222,1,20200909,20200819,1,1,1,2,1,2,3,561000,601500,40500,21,1850,4,3.5,1968,6750,0.0265,15940,13549,0,231.2,452.8
3223,1,20210304,20210212,1,1,2,1,3,5,2,400000,417000,17000,20,1250,2,2,2002,3950,0.0235,9800,8330,0,231.9,434.4
3224,1,20210928,20210903,1,1,3,9,2,1,3,570500,572000,1500,25,1490,2,2,2013,5050,0.043500000000000004,24882,21150,0,251.8,460.7
3225,1,20210901,20210814,1,1,3,1,1,1,3,518500,536000,17500,18,2130,3,2.5,2020,6000,0.0465,24924,21185,0,257.1,484
3226,1,20210915,20210823,1,1,1,1,1,5,2,400500,405500,5000,23,1310,3,2.5,1991,3950,0.026000000000000002,10543,8962,0,251.3,484.9
3227,1,20210806,20210722,1,1,1,1,1,2,4,675000,707500,32500,15,2030,3,2.5,2013,6850,0.023,16273,13832,0,256.9,477.1
3228,1,20210416,20210325,1,1,2,2,3,1,2,397500,411500,14000,22,1280,2,2,2008,4950,0.028,11522,9794,0,243.3,463.8
3229,1,20210602,20210507,4,4,1,8,1,2,5,1158000,1214000,56000,26,3220,5,4,2018,10750,0.0235,28529,24250,0,457.4,413.6
3230,1,20210706,20210616,1,1,1,1,3,2,3,446000,478000,32000,20,1700,3,2.5,2009,8150,0.028,13384,11376,0,231.4,454
3231,1,20210601,20210510,1,1,2,5,1,2,3,481500,508000,26500,22,1400,2,2,1990,4200,0.0275,13970,11875,5250,233,509.3
3232,1,20210418,20210331,1,1,2,2,4,5,3,605500,629500,24000,18,2300,3,2.5,1983,9000,0.027,16997,14447,0,256.3,466.7
3233,1,20210527,20210509,1,1,3,3,1,2,3,447000,465500,18500,18,1310,2,2,2013,5950,0.0495,23042,19586,0,249,467.5
3234,1,20211003,20210916,2,1,1,2,1,5,4,754000,762500,8500,17,2390,4,3.5,2010,9150,0.025,19063,16204,0,246.2,406.6
3235,1,20210221,20210207,1,1,3,1,1,5,3,629500,632000,2500,14,2210,3,2.5,1966,9950,0.0465,29388,24980,0,256.9,478.3
3236,1,20211123,20211108,1,1,1,2,2,1,4,658000,678500,20500,15,2080,4,3.5,1969,7050,0.0265,17980,15283,0,244.6,460.4
3237,1,20210309,20210218,1,1,1,1,1,1,3,454000,468500,14500,19,1640,2,2,2014,6100,0.025500000000000002,11947,10155,0,226.9,454.9
3238,1,20210412,20210328,1,1,1,5,1,2,3,462000,475500,13500,15,1660,2,2,1993,8100,0.023,10937,9296,0,246.9,451.3
3239,1,20210107,20201225,1,1,1,2,5,5,3,602500,614500,12000,13,2050,3,2.5,1961,9350,0.0285,17513,14886,0,254.4,449.4
3240,1,20210409,20210326,1,1,2,2,1,1,3,551500,580000,28500,14,1810,2,2,2002,4650,0.0265,15370,13065,0,256.6,484
3241,1,20210717,20210621,1,1,1,2,6,5,3,611500,638000,26500,26,1820,2,2,1986,6450,0.0265,16907,14371,0,230.6,460.8
3242,1,20210502,20210419,1,1,2,2,1,1,3,492000,509000,17000,13,1870,3,2.5,1972,7750,0.023,11707,9951,0,248.3,470.9
3243,1,20210507,20210412,2,1,2,1,1,5,5,902500,977000,74500,25,2820,4,3.5,2021,13350,0.025,24425,20761,0,243.1,397.2
3244,1,20210602,20210516,1,1,1,1,1,2,4,845000,855500,10500,17,2280,4,3.5,1968,10000,0.0225,19249,16362,10500,264.5,474
3245,1,20210510,20210423,1,1,1,5,2,1,4,844500,865000,20500,17,2320,4,3.5,2003,8650,0.0235,20328,17279,0,241.1,469.4
3246,1,20210604,20210514,1,1,2,2,1,4,4,650500,678500,28000,21,2300,3,2.5,1959,8250,0.026000000000000002,17641,14995,0,232.4,466.7
3247,1,20210123,20210103,1,1,1,3,1,1,4,676500,692500,16000,20,2200,4,3.5,1984,10000,0.026000000000000002,18005,15304,0,255.9,450.6
3248,1,20210803,20210717,1,1,1,5,1,2,3,525500,575000,49500,17,1850,4,3.5,1969,7400,0.029,16675,14174,0,235.8,474.9
3249,1,20210304,20210215,1,1,1,4,1,1,3,453500,466000,12500,17,1300,2,2,1966,4150,0.0285,13281,11289,0,260.8,455.4
3250,1,20210329,20210313,1,1,1,2,3,2,4,685500,729500,44000,16,1720,3,2.5,2014,7450,0.0235,17143,14572,0,271.2,485.9
3251,1,20210401,20210319,1,1,1,2,2,4,3,492500,513500,21000,13,1790,3,2.5,2014,7000,0.0225,11554,9821,0,238.2,472.7
3252,1,20210720,20210701,2,1,1,3,3,5,4,840500,871500,31000,19,2640,4,3.5,2011,10550,0.0235,20480,17408,0,247.9,410.6
3253,1,20210618,20210604,1,1,1,1,2,4,3,547500,563500,16000,14,1890,4,3.5,1987,5750,0.025500000000000002,14369,12214,0,255.7,479.4
3254,1,20210630,20210602,1,1,1,1,1,2,3,516500,551500,35000,28,2010,3,2.5,1999,5650,0.023,12685,10782,0,253.4,481.5
3255,1,20210323,20210222,1,1,1,2,1,2,2,380000,391500,11500,29,1340,3,2.5,1991,6500,0.0275,10766,9151,0,237.9,439.3
3256,1,20210916,20210830,1,1,3,2,1,2,4,713500,723500,10000,17,1790,3,2.5,2003,5450,0.0505,36537,31056,0,247,466.3
3257,1,20211122,20211021,1,1,2,3,3,5,4,649000,680000,31000,32,2360,4,3.5,2004,7850,0.028,19040,16184,0,250.4,425
3258,1,20210518,20210429,2,1,2,2,1,5,5,1167500,1226500,59000,19,2760,4,3.5,2007,11200,0.027,33116,28149,0,221,423.9
3259,1,20210512,20210426,1,1,1,2,5,2,3,588000,609000,21000,16,2000,3,2.5,1982,6850,0.023,14007,11906,0,249.6,479
3260,1,20210527,20210503,3,1,3,2,1,3,3,539500,574000,34500,24,2120,3,2.5,1995,5850,0.047,26978,22931,0,473.6,393.3
3261,1,20210701,20210614,1,1,3,3,1,5,4,743500,768500,25000,17,1970,3,2.5,2018,6950,0.05,38425,32661,0,227,456
3262,1,20210828,20210813,1,1,2,2,1,2,3,541000,565500,24500,15,2010,2,2,2015,6600,0.0245,13855,11777,0,253.8,485
3263,1,20211108,20211019,1,1,2,2,1,1,4,644000,665000,21000,20,2070,3,2.5,1999,5550,0.025,16625,14131,4500,222.8,457
3264,1,20211208,20211116,1,1,2,2,1,2,3,599000,615000,16000,22,1900,3,2.5,1961,5800,0.0265,16298,13853,0,240.7,463.6
3265,1,20210615,20210529,1,1,2,4,3,5,4,717500,739000,21500,17,2320,3,2.5,1970,11050,0.0245,18106,15390,0,257.4,469.1
3266,1,20210606,20210523,1,1,2,2,2,1,3,453500,490000,36500,14,1600,3,2.5,1989,4050,0.023,11270,9580,0,258.7,445
3267,1,20210125,20210102,1,1,2,9,5,1,3,522000,521000,-1000,23,1360,3,2.5,2012,6150,0.023,11983,10186,0,225.6,470.9
3268,1,20210529,20210430,2,1,1,2,5,1,5,865500,939500,74000,29,2460,4,3.5,2013,10000,0.023,21609,18368,0,224,404.8
3269,1,20210329,20210315,1,1,2,9,1,3,3,570000,578000,8000,14,1710,3,2.5,1976,7500,0.0225,13005,11054,0,277.9,456.3
3270,1,20210109,20201222,1,1,3,2,1,2,4,780000,808000,28000,18,2350,5,4,1981,9050,0.0485,39188,33310,7500,276.7,452.8
3271,1,20211215,20211127,1,1,2,1,3,5,3,515500,518500,3000,18,1480,3,2.5,2019,5200,0.027,14000,11900,0,233.4,485.1
3272,1,20211111,20211028,1,1,1,6,1,5,4,689000,691500,2500,14,2450,4,3.5,1972,9650,0.024,16596,14107,6750,246.5,432.8
3273,1,20210329,20210308,1,1,1,2,3,5,4,709000,733500,24500,21,1920,3,2.5,1996,8600,0.0225,16504,14028,0,240,461.3
3274,1,20210118,20210104,1,1,1,1,1,5,3,588000,615500,27500,14,1910,2,2,2004,5150,0.029,17850,15173,0,261.1,460.1
3275,1,20210225,20210209,1,1,2,1,3,2,3,428500,451500,23000,16,1290,2,2,1987,3100,0.0285,12868,10938,6750,255.6,460.9
3276,1,20210110,20201226,2,1,2,1,6,1,4,764500,779500,15000,15,2270,3,2.5,2003,8400,0.022,17149,14577,0,233.7,416
3277,1,20210620,20210602,1,1,1,2,4,5,3,513000,526000,13000,18,1620,3,2.5,2019,7800,0.0265,13939,11848,0,258,474.9
3278,1,20211111,20211025,1,1,1,3,3,5,4,686500,747000,60500,17,2210,4,3.5,1967,6300,0.023,17181,14604,11500,243.5,470.7
3279,1,20210530,20210507,1,1,1,3,3,1,4,750000,764000,14000,23,1940,3,2.5,1964,6500,0.0285,21774,18508,0,246.3,465.1
3280,1,20210508,20210418,1,1,1,3,1,2,3,592500,605500,13000,20,1970,3,2.5,1961,9550,0.029500000000000002,17862,15183,0,257.7,466.8
3281,1,20210804,20210713,1,1,2,2,4,5,4,620000,657500,37500,22,2100,4,3.5,2015,9700,0.0225,14794,12575,8250,245.7,461.6
3282,1,20211113,20211028,2,1,1,5,1,5,4,719500,757500,38000,16,2860,4,3.5,2011,12800,0.025500000000000002,19316,16419,8000,239.6,414.5
3283,1,20210403,20210316,1,1,1,2,1,2,2,420500,434000,13500,18,1570,3,2.5,1997,6300,0.0245,10633,9038,0,235.3,456.5
3284,1,20210602,20210512,2,1,1,5,1,5,5,925500,995000,69500,21,2370,4,3.5,2009,11050,0.0265,26368,22413,0,231.1,407.1
3285,1,20210622,20210608,1,1,1,1,3,2,4,636000,664500,28500,14,1910,3,2.5,2019,7800,0.023,15284,12991,0,266.7,455.7
3286,1,20210506,20210412,1,1,2,3,3,1,3,606000,629500,23500,24,1730,3,2.5,2006,5250,0.028,17626,14982,0,238.8,445.1
3287,1,20210530,20210426,4,4,2,3,1,2,4,665500,686000,20500,34,2130,3,2.5,2017,5200,0.0285,19551,16618,11750,432.9,415
3288,1,20210806,20210713,1,1,1,1,1,3,3,557000,576500,19500,24,1840,2,2,1984,4650,0.0275,15854,13476,0,256.2,475.9
3289,1,20210412,20210330,1,1,1,1,5,4,4,716000,716500,500,13,1940,3,2.5,2011,6700,0.0285,20420,17357,0,228.6,488.4
3290,1,20210417,20210326,1,1,3,5,1,1,3,526000,553500,27500,22,2210,4,3.5,1987,7650,0.046,25461,21642,9000,250.6,471
3291,1,20210416,20210327,1,1,1,4,1,2,3,613500,638500,25000,20,1910,3,2.5,1991,8700,0.029,18517,15739,0,242.9,473
3292,1,20211218,20211128,1,1,1,3,1,2,4,675000,711500,36500,20,2040,3,2.5,1985,7150,0.027,19211,16329,0,229.3,458.5
3293,1,20210627,20210605,1,1,2,2,1,2,3,471500,498000,26500,22,1760,3,2.5,1995,8600,0.0285,14193,12064,0,257.3,477.1
3294,1,20211115,20211022,2,1,1,3,2,2,5,951500,1003000,51500,24,2800,4,3.5,2012,7700,0.0245,24574,20888,0,231.4,414.4
3295,1,20210528,20210507,1,1,2,1,4,1,3,594500,611000,16500,21,1770,3,2.5,1965,6850,0.03,18330,15581,0,268.9,462.7
3296,1,20211028,20211003,1,1,1,2,4,1,3,597000,619000,22000,25,1680,4,3.5,1957,6450,0.0285,17642,14996,0,248.4,462.9
3297,1,20210818,20210803,1,1,2,3,1,1,3,563000,587000,24000,15,1800,3,2.5,1970,5950,0.029500000000000002,17317,14719,10000,218.3,448.7
3298,1,20210308,20210211,2,1,1,1,1,2,5,1023000,1052000,29000,25,2870,5,4,2013,7950,0.029500000000000002,31034,26379,0,240.1,417.7
3299,1,20210731,20210715,1,1,2,2,5,1,3,475000,486000,11000,16,1560,2,2,1965,4350,0.024,11664,9914,0,233.8,451.8
3300,1,20210313,20210226,1,1,1,2,1,1,2,296000,313000,17000,15,1020,3,2.5,1959,3550,0.026000000000000002,8138,6917,0,260.8,454.3
3301,1,20210507,20210417,1,1,1,4,1,3,3,603000,636500,33500,20,1890,3,2.5,2016,7850,0.0245,15594,13255,0,250.7,473.3
3302,1,20211006,20210917,1,1,2,2,1,1,3,631500,649000,17500,19,2190,4,3.5,1959,9050,0.029500000000000002,19146,16274,0,246.1,462.8
3303,1,20210315,20210220,1,1,1,1,1,5,4,715500,740000,24500,23,1980,3,2.5,1955,5350,0.027,19980,16983,0,249.6,489.4
3304,1,20210108,20201222,1,1,1,1,1,1,3,557000,582000,25000,17,1620,2,2,2000,3900,0.0285,16587,14099,5000,237.1,458.8
3305,1,20210902,20210807,2,1,2,2,1,2,5,917000,950000,33000,26,2790,5,4,2021,9350,0.022,20900,17765,0,223.8,411.7
3306,1,20210414,20210329,1,1,1,2,1,3,3,550000,587500,37500,16,1700,2,2,1966,6600,0.025,14688,12485,0,272.4,484.8
3307,1,20210505,20210417,1,1,2,2,4,1,3,567000,601500,34500,18,1850,2,2,1982,9100,0.0265,15940,13549,0,241.5,467.1
3308,1,20210408,20210228,1,1,1,3,4,1,3,437000,461000,24000,39,1350,2,2,1983,3450,0.023,10603,9013,0,237,469.2
3309,1,20210514,20210428,1,1,1,8,1,5,4,622500,656000,33500,16,1880,3,2.5,2013,8150,0.026000000000000002,17056,14498,0,245.6,445.5
3310,1,20210821,20210805,1,1,3,3,3,5,4,795000,827500,32500,16,2350,4,3.5,1989,7400,0.046,38065,32355,0,249.3,464.1
3311,1,20210802,20210708,1,1,1,1,1,1,3,486500,511500,25000,25,1490,2,2,2011,4950,0.025,12788,10870,9000,253.3,462
3312,1,20211230,20211217,1,1,3,8,1,5,4,630500,673500,43000,13,1530,2,2,1989,4600,0.048,32328,27479,0,240.2,434.8
3313,1,20210423,20210407,1,1,2,1,1,5,3,609500,626000,16500,16,2070,3,2.5,2015,6450,0.0225,14085,11972,0,273.5,469.9
3314,1,20210810,20210720,1,1,2,6,1,1,3,491500,507000,15500,21,1900,4,3.5,1985,8000,0.024,12168,10343,0,226.6,480.2
3315,1,20210904,20210814,1,1,1,2,1,3,4,772000,786500,14500,21,2400,3,2.5,1993,8850,0.03,23595,20056,0,253,476.9
3316,1,20210422,20210402,1,1,1,2,1,1,4,663500,683000,19500,20,1820,2,2,2004,6550,0.024,16392,13933,0,250.4,484.8
3317,1,20211101,20210925,1,1,2,2,4,5,3,441000,454000,13000,37,1900,3,2.5,1960,6300,0.0285,12939,10998,0,235.3,459.9
3318,1,20210409,20210321,1,1,2,6,1,5,3,549000,548500,-500,19,1700,2,2,2014,4600,0.025,13713,11656,0,273.4,461.8
3319,1,20210119,20201229,1,1,2,2,1,2,3,477000,496500,19500,21,1470,2,2,1985,4550,0.025500000000000002,12661,10762,0,241.2,466
3320,1,20210612,20210525,1,1,2,2,1,2,3,571500,612000,40500,18,1910,3,2.5,2003,7600,0.029500000000000002,18054,15346,0,260.9,464.6
3321,1,20210818,20210803,5,1,2,6,2,2,3,515500,531500,16000,15,1820,2,2,1957,8100,0.029500000000000002,15679,13327,0,537.3,445.8
3322,1,20210624,20210601,1,1,2,1,1,6,3,529500,547000,17500,23,1970,3,2.5,1971,5650,0.0265,14496,12322,0,251,454.9
3323,1,20211229,20211211,1,1,2,1,1,3,3,588000,589000,1000,18,1740,2,2,1998,8300,0.026000000000000002,15314,13017,0,259.2,440.4
3324,1,20210225,20210210,1,1,1,1,1,1,3,613500,629000,15500,15,1900,4,3.5,2020,7900,0.0285,17927,15238,0,237.6,484.2
3325,1,20210629,20210531,1,1,1,2,2,5,2,411500,417000,5500,29,1620,2,2,1955,4100,0.023,9591,8152,0,272,460.6
3326,1,20220509,20220424,1,1,1,3,1,5,3,584500,592500,8000,15,1670,3,2.5,1981,8250,0.0225,13331,11331,9500,253.1,467.7
3327,1,20221012,20220924,4,4,1,2,1,5,5,1112000,1148500,36500,18,2610,5,4,2014,6650,0.026000000000000002,29861,25382,0,434.7,434.3
3328,1,20221203,20221119,1,1,2,6,1,5,4,671000,689500,18500,14,1830,3,2.5,1981,4700,0.029,19996,16997,3000,254.4,468.9
3329,1,20221102,20221017,1,1,1,5,3,5,3,546500,577000,30500,16,1880,3,2.5,1958,9100,0.0275,15868,13488,0,248.2,455.9
3330,1,20220509,20220422,1,1,2,5,3,1,4,779000,823500,44500,17,2130,3,2.5,2005,9650,0.0285,23470,19950,11500,237,485.3
3331,1,20220219,20220201,1,1,2,2,1,1,4,750000,747000,-3000,18,1980,4,3.5,1955,6400,0.0225,16808,14287,0,264.4,478.6
3332,1,20220916,20220825,1,1,1,2,1,2,3,497500,535000,37500,22,1320,2,2,1972,5850,0.023,12305,10459,0,245,465
3333,1,20221008,20220922,1,1,2,3,3,5,3,519000,530000,11000,16,1770,3,2.5,1976,6150,0.0245,12985,11037,0,235.4,477.2
3334,1,20220324,20220309,1,1,1,2,1,4,3,565500,563000,-2500,15,1580,3,2.5,1990,6950,0.0235,13231,11246,0,251.6,474.5
3335,1,20220820,20220807,1,1,2,3,1,2,4,765000,798500,33500,13,1940,3,2.5,1959,6500,0.028,22358,19004,0,259.3,457.7
3336,1,20220627,20220611,1,1,2,4,1,5,3,615500,628500,13000,16,1870,4,3.5,1969,4600,0.029,18227,15493,10500,244.1,467.3
3337,1,20220928,20220912,1,1,2,4,2,3,3,487000,502000,15000,16,1410,2,2,2014,6800,0.0275,13805,11734,0,241.8,485.6
3338,1,20220320,20220302,1,1,1,4,1,2,3,602500,610500,8000,18,1810,3,2.5,1999,5000,0.026000000000000002,15873,13492,6500,227.4,441.1
3339,1,20220813,20220730,1,1,2,6,1,1,3,506000,526500,20500,14,1570,2,2,1957,7450,0.023,12110,10294,0,256.5,503.6
3340,1,20220806,20220710,1,1,2,8,3,5,4,650000,679000,29000,27,1970,3,2.5,1987,7850,0.029,19691,16737,0,230.1,456.2
3341,1,20220324,20220304,1,1,2,4,3,2,4,794500,841500,47000,20,2240,3,2.5,2002,10700,0.0285,23983,20386,0,268.4,462.7
3342,1,20220720,20220705,1,1,1,2,1,2,4,652000,677500,25500,15,1850,3,2.5,2009,4500,0.0245,16599,14109,0,232.2,501.2
3343,1,20221216,20221121,1,1,1,6,6,5,3,619500,641500,22000,25,1640,3,2.5,1955,5000,0.023,14755,12542,0,244.5,450
3344,1,20220607,20220521,1,1,1,2,1,5,4,741500,747500,6000,17,1750,3,2.5,1985,8250,0.0285,21304,18108,0,267.7,467.3
3345,1,20220316,20220224,1,1,1,9,5,1,3,470000,490500,20500,20,1700,3,2.5,2001,7700,0.024,11772,10006,0,252.3,468.8
3346,1,20220703,20220610,1,1,1,8,3,1,3,572000,605000,33000,23,1820,3,2.5,1968,7400,0.0265,16033,13628,0,223.4,469.7
3347,1,20220908,20220823,1,1,1,2,3,1,4,756500,784500,28000,16,2030,3,2.5,1999,5400,0.03,23535,20005,0,247.6,452.5
3348,1,20220827,20220731,1,1,1,3,3,5,4,715000,731500,16500,27,2080,3,2.5,1987,7550,0.0235,17190,14612,0,255.8,477.1
3349,1,20221028,20221010,1,1,1,2,2,3,4,728500,772000,43500,18,2320,3,2.5,2011,10950,0.0285,22002,18702,0,253.2,473.5
3350,1,20220821,20220725,1,1,2,3,3,2,3,548000,576500,28500,27,1510,3,2.5,2017,7050,0.0275,15854,13476,0,258.1,447.2
3351,1,20220107,20211223,1,1,1,1,3,5,4,820500,848000,27500,15,2000,4,3.5,1985,9000,0.025500000000000002,21624,18380,0,248.2,476.7
3352,1,20220611,20220526,1,1,1,9,1,3,4,719000,742500,23500,16,1710,2,2,1996,6200,0.03,22275,18934,13000,264.2,475.2
3353,1,20220820,20220802,3,1,2,5,1,2,4,768500,776000,7500,18,2230,3,2.5,2018,7900,0.0285,22116,18799,0,472.2,401.9
3354,1,20220928,20220910,2,1,2,2,3,2,5,918500,931500,13000,18,2420,4,3.5,2013,12100,0.0235,21890,18607,0,226.3,405
3355,1,20221120,20221105,1,1,2,2,1,1,3,517000,536000,19000,15,1570,3,2.5,2000,6600,0.025,13400,11390,0,229.8,482.7
3356,1,20220423,20220406,1,1,2,1,1,1,3,485000,507000,22000,17,1080,2,2,2021,3150,0.028,14196,12067,0,256.3,497.8
3357,1,20220725,20220712,2,1,1,4,1,5,5,926500,958500,32000,13,2580,4,3.5,2022,7500,0.025500000000000002,24442,20776,0,244,413.5
3358,1,20220730,20220710,1,1,1,2,1,2,4,670000,692000,22000,20,1880,2,2,2017,5450,0.0265,18338,15587,0,253.5,468.9
3359,1,20220618,20220601,1,1,1,1,3,2,4,726500,747000,20500,17,2000,3,2.5,2018,7200,0.0275,20543,17462,0,250,451.4
3360,1,20220218,20220120,2,1,1,6,1,1,4,742000,791500,49500,29,1940,3,2.5,2021,7750,0.023,18205,15474,0,238.1,413.5
3361,1,20220520,20220506,1,1,1,2,1,1,4,711500,736500,25000,14,2040,3,2.5,1989,8900,0.03,22095,18781,0,254.8,459.7
3362,1,20220517,20220502,1,1,3,4,4,5,4,680000,710500,30500,15,1740,2,2,2017,6950,0.05,35525,30196,0,233.4,463.3
3363,1,20220501,20220414,5,1,1,3,1,2,4,653000,665500,12500,17,2010,4,3.5,1991,5400,0.0265,17636,14991,0,543.1,438.4
3364,1,20220417,20220329,1,1,1,1,1,6,3,594500,631500,37000,19,1830,2,2,2016,6050,0.0225,14209,12078,0,233.5,455.2
3365,1,20221104,20221017,1,1,2,3,3,5,4,670500,696500,26000,18,1610,2,2,1960,6600,0.0285,19850,16873,0,239.4,459
3366,1,20220716,20220629,1,1,1,2,5,2,3,634500,647500,13000,17,2020,4,3.5,1995,7300,0.026000000000000002,16835,14310,0,246.5,461.6
3367,1,20220414,20220328,2,1,2,2,1,3,5,1263500,1322000,58500,17,2670,5,4,2009,8550,0.0245,32389,27531,0,254.6,409.7
3368,1,20221211,20221119,1,1,1,1,3,1,4,771000,820500,49500,22,2070,3,2.5,1991,9700,0.027,22154,18831,0,253.8,483.9
3369,1,20220429,20220416,1,1,1,2,1,5,4,750500,745000,-5500,13,1740,3,2.5,1977,8300,0.0275,20488,17415,0,244.4,456.9
3370,1,20220821,20220807,5,1,2,2,5,1,5,943000,968500,25500,14,2460,5,4,2011,7150,0.025500000000000002,24697,20992,0,522.5,442.9
3371,1,20220703,20220609,1,1,2,2,5,2,4,842500,888000,45500,24,2170,4,3.5,1989,10400,0.0225,19980,16983,0,273,477.9
3372,1,20220510,20220420,1,1,1,2,4,5,4,862500,892000,29500,20,2130,3,2.5,1980,9850,0.026000000000000002,23192,19713,0,245.3,484.6
3373,1,20220817,20220804,1,1,1,2,1,5,3,498500,515000,16500,13,1410,3,2.5,2019,5200,0.0275,14163,12039,0,257.7,454.1
3374,1,20220518,20220425,1,1,1,4,1,1,4,685500,687000,1500,23,1850,3,2.5,2015,5450,0.029500000000000002,20267,17227,0,235.5,450.7
3375,1,20220108,20211222,1,1,2,2,1,6,4,766000,776500,10500,17,1850,3,2.5,2019,8200,0.025,19413,16501,0,228.4,451.5
3376,1,20220205,20220119,1,1,1,1,3,5,4,640500,692500,52000,17,1900,3,2.5,1994,8400,0.026000000000000002,18005,15304,0,251.5,464.2
3377,1,20220516,20220501,1,1,3,9,1,5,3,602000,608000,6000,15,1520,2,2,2003,6900,0.043000000000000003,26144,22222,0,243.3,463.8
3378,1,20220409,20220320,1,1,1,3,1,5,4,664000,700500,36500,20,1830,3,2.5,1977,6400,0.024,16812,14290,0,242.2,471.8
3379,1,20220425,20220331,1,1,1,8,1,4,4,687000,709000,22000,25,1760,2,2,1987,8450,0.0275,19498,16573,0,233,443.7
3380,1,20220513,20220421,2,1,2,2,1,2,4,832000,867500,35500,22,2280,4,3.5,2020,10650,0.023,19953,16960,0,240.1,412.1
3381,1,20220630,20220612,1,1,1,5,1,1,5,903500,930000,26500,18,2290,4,3.5,1964,6650,0.0265,24645,20948,0,241.8,467.1
3382,1,20221121,20221028,1,1,1,1,3,5,3,495500,524500,29000,24,1220,2,2,1990,4200,0.0285,14948,12706,0,247.7,446.7
3383,1,20220114,20211222,1,1,2,2,3,3,4,807500,818500,11000,23,1750,2,2,2011,7850,0.029500000000000002,24146,20524,0,240.6,477.4
3384,1,20220513,20220427,1,1,1,6,5,5,2,430000,449000,19000,16,1270,2,2,1993,5600,0.029500000000000002,13246,11259,0,241.6,468.3
3385,1,20220911,20220820,2,1,1,4,5,2,5,1119000,1177500,58500,22,2800,4,3.5,2011,9750,0.029,34148,29026,0,229.7,424.5
3386,1,20220411,20220322,1,1,2,3,1,1,3,499000,513000,14000,20,1560,3,2.5,1999,5650,0.0285,14621,12428,0,262.7,475.1
3387,1,20220702,20220615,1,1,2,6,5,1,4,806500,851500,45000,17,2210,4,3.5,1997,8800,0.029,24694,20990,0,255.2,470.1
3388,1,20221105,20221018,4,4,1,2,1,5,5,1005000,1037000,32000,18,2900,4,3.5,2022,10400,0.0235,24370,20715,4750,424.1,414
3389,1,20220211,20220128,1,1,1,2,1,2,4,783000,804500,21500,14,1890,3,2.5,1971,9000,0.0285,22928,19489,0,239.1,460.1
3390,1,20220927,20220901,1,1,1,2,5,5,2,433500,449500,16000,26,1630,2,2,2018,5600,0.0265,11912,10125,0,246.1,448.9
3391,1,20220708,20220622,1,1,1,3,1,2,4,771000,814000,43000,16,2340,4,3.5,1981,10900,0.0245,19943,16952,0,236.6,470.3
3392,1,20220303,20220208,1,1,1,2,3,2,3,471000,504000,33000,23,1680,2,2,1975,4250,0.026000000000000002,13104,11138,0,243.5,458
3393,1,20221018,20220918,1,1,1,3,3,5,4,714000,735500,21500,30,1840,3,2.5,1989,4550,0.0225,16549,14067,10750,257.6,467.9
3394,1,20220614,20220517,2,1,1,2,2,5,4,824000,845000,21000,28,1940,4,3.5,2012,5550,0.0245,20703,17598,0,242.5,409.6
3395,1,20221204,20221115,1,1,2,6,2,3,4,716500,730500,14000,19,2080,3,2.5,2005,5700,0.029,21185,18007,0,242.4,474.1
3396,1,20220314,20220214,1,1,1,3,1,2,3,601000,631000,30000,28,1750,3,2.5,1973,5200,0.0265,16722,14214,0,250.6,466.4
3397,1,20220516,20220503,1,1,1,3,5,2,4,637000,655500,18500,13,1750,3,2.5,1986,6400,0.023,15077,12815,0,228.6,489.5
3398,1,20220501,20220406,1,1,1,2,1,2,4,640000,655500,15500,25,1700,3,2.5,1984,5850,0.03,19665,16715,0,244.2,462.7
3399,1,20220226,20220208,2,1,1,9,6,5,5,1010500,1066500,56000,18,2400,4,3.5,2022,8700,0.0235,25063,21304,0,220.8,402.5
3400,1,20220221,20220126,1,1,2,3,4,2,3,587000,616500,29500,26,1450,3,2.5,1994,4300,0.026000000000000002,16029,13625,0,271.3,485.9
3401,1,20220926,20220904,1,1,1,3,1,2,4,802500,841500,39000,22,2240,4,3.5,1955,5800,0.027,22721,19313,0,248.3,472.1
3402,1,20220520,20220504,2,1,2,1,5,2,5,862000,916500,54500,16,2420,4,3.5,2007,10700,0.025,22913,19476,0,241.7,426
3403,1,20220717,20220627,2,1,1,2,5,6,5,1059000,1087500,28500,20,2380,4,3.5,2003,7150,0.029500000000000002,32081,27269,0,243.2,412.9
3404,1,20220817,20220728,1,1,2,3,1,4,3,613000,640000,27000,20,1990,5,4,2010,6750,0.0285,18240,15504,0,236.7,483
3405,1,20220428,20220409,1,1,1,4,1,5,4,711000,732000,21000,19,1880,3,2.5,1984,4550,0.0265,19398,16488,0,270,434
3406,1,20220504,20220415,1,1,1,2,1,2,4,741000,754000,13000,19,1860,3,2.5,1973,5550,0.023,17342,14741,0,245.9,470.8
3407,1,20221106,20221023,1,1,2,3,1,4,4,648000,684500,36500,14,1900,3,2.5,1977,5150,0.0285,19508,16582,0,255.7,472.4
3408,1,20220804,20220710,1,1,2,5,3,2,3,477000,493000,16000,25,1450,2,2,1981,5500,0.0285,14051,11943,2750,244.7,452.3
3409,1,20220327,20220305,1,1,1,2,4,2,5,919000,978000,59000,22,2300,4,3.5,1974,8350,0.0265,25917,22029,0,245.8,458.1
3410,1,20220710,20220621,1,1,1,2,5,5,4,750000,765000,15000,19,2690,3,2.5,1983,9750,0.027,20655,17557,0,248.7,470.9
3411,1,20220607,20220521,1,1,1,1,3,2,4,647500,689500,42000,17,1850,3,2.5,1985,4950,0.024,16548,14066,0,273.8,484.9
3412,1,20220316,20220212,1,1,1,1,1,4,3,582500,621500,39000,32,1660,3,2.5,1956,5300,0.0285,17713,15056,0,244.7,446.6
3413,1,20220316,20220220,1,1,2,2,3,5,3,476500,507000,30500,24,1510,2,2,1977,6200,0.026000000000000002,13182,11205,0,261.9,477.4
3414,1,20220821,20220728,1,1,2,4,1,5,3,507000,524500,17500,24,1620,3,2.5,2018,5800,0.028,14686,12483,0,265.8,472.9
3415,1,20220911,20220814,1,1,2,3,6,2,4,631000,657000,26000,28,2130,3,2.5,1957,8950,0.024,15768,13403,0,230.1,494.2
3416,1,20220602,20220516,1,1,1,4,1,2,3,550500,587000,36500,17,1680,3,2.5,1962,5800,0.0275,16143,13722,0,272,454.8
3417,1,20220602,20220517,1,1,2,2,1,5,4,680500,698000,17500,16,2140,3,2.5,1974,5700,0.024,16752,14239,0,248.7,477.9
3418,1,20220416,20220315,1,1,2,2,1,5,5,951000,977000,26000,32,2290,4,3.5,2002,7650,0.024,23448,19931,0,262.9,463.6
3419,1,20220531,20220515,1,1,2,2,2,5,4,654500,671500,17000,16,1630,2,2,1992,8000,0.0275,18466,15696,0,267.9,473.1
3420,1,20221026,20221006,1,1,2,3,1,5,3,474500,496000,21500,20,1430,3,2.5,1994,6850,0.03,14880,12648,0,260.1,454.2
3421,1,20220421,20220325,1,1,1,4,1,2,3,562000,578500,16500,27,1580,3,2.5,1976,7550,0.0285,16487,14014,0,244.4,478.8
3422,1,20220512,20220427,1,1,1,2,2,5,3,628500,627500,-1000,15,1910,2,2,2014,9550,0.0265,16629,14135,0,262.9,470.5
3423,1,20220213,20220124,1,1,1,5,3,2,3,542500,570000,27500,20,1540,2,2,1993,6700,0.029,16530,14051,0,242.2,459.1
3424,1,20220214,20220129,1,1,1,1,6,2,4,633500,664000,30500,16,1790,2,2,2005,8450,0.03,19920,16932,0,270.7,465.1
3425,1,20220912,20220809,1,1,1,1,3,2,3,593000,602500,9500,34,1760,3,2.5,2018,8700,0.0225,13556,11523,0,239.7,444
3426,1,20220820,20220803,2,1,2,3,1,5,5,966000,971000,5000,17,2300,3,2.5,2009,9500,0.0285,27674,23523,0,233.4,415.8
3427,1,20220626,20220528,1,1,2,1,1,2,4,641000,663500,22500,29,1780,3,2.5,1967,5100,0.0245,16256,13818,0,239.1,440.5
3428,1,20220622,20220529,1,1,1,1,3,2,3,520000,540000,20000,24,1570,2,2,1961,7550,0.024,12960,11016,0,244.5,448.9
3429,1,20220729,20220628,2,1,1,2,1,5,5,893500,920000,26500,31,2260,4,3.5,2021,8200,0.0235,21620,18377,0,250.5,422.3
3430,1,20220607,20220523,1,1,1,2,3,1,4,692000,712500,20500,15,1990,3,2.5,1986,7950,0.029500000000000002,21019,17866,0,230.9,435.5
3431,1,20220428,20220411,1,1,1,2,2,2,3,595500,612000,16500,17,1790,3,2.5,1979,6700,0.0275,16830,14306,0,233.7,443.7
3432,1,20220805,20220720,2,1,1,1,1,5,5,990000,1047000,57000,16,2520,5,4,2006,7000,0.03,31410,26699,0,244.2,409.4
3433,1,20221002,20220908,1,1,2,7,1,1,4,728500,735500,7000,24,2040,3,2.5,1972,7050,0.025500000000000002,18755,15942,0,253.9,480.4
3434,1,20221224,20221202,1,1,1,5,1,6,4,842500,863000,20500,22,1890,3,2.5,1965,7650,0.0265,22870,19440,0,284.7,475
3435,1,20220317,20220224,1,1,1,2,2,1,2,395500,397000,1500,21,1360,2,2,1988,6400,0.022,8734,7424,0,244.9,458.1
3436,1,20220619,20220602,1,1,1,1,1,5,4,708500,720500,12000,17,2030,4,3.5,2000,6800,0.025500000000000002,18373,15617,0,261.9,472.8
3437,1,20220710,20220621,1,1,2,2,5,5,5,856500,904000,47500,19,2550,4,3.5,1974,12000,0.023,20792,17673,5500,226.7,471
3438,1,20220524,20220509,1,1,2,4,2,2,4,620500,661500,41000,15,1890,3,2.5,2012,8850,0.0265,17530,14901,0,237.1,492.2
3439,1,20220610,20220526,1,1,2,2,4,2,4,761500,782500,21000,15,2150,4,3.5,1964,10050,0.0235,18389,15631,0,267.4,474.2
3440,1,20220211,20220127,1,1,2,2,1,1,3,567500,604000,36500,15,1770,2,2,1980,4750,0.023,13892,11808,0,251,465.3
3441,1,20221006,20220917,1,1,2,2,2,2,4,746500,784500,38000,19,2240,3,2.5,1959,8200,0.025,19613,16671,0,246.7,438.6
3442,1,20220323,20220309,1,1,1,2,2,5,3,603000,635500,32500,14,1670,3,2.5,2018,4550,0.0275,17476,14855,0,246.1,453.5
3443,1,20220627,20220610,1,1,2,9,3,3,4,725500,758500,33000,17,1960,3,2.5,1994,6250,0.029,21997,18697,0,257,447.2
3444,1,20220613,20220529,1,1,2,3,1,2,3,616000,632000,16000,15,1630,3,2.5,1963,6900,0.0225,14220,12087,0,260.7,484.2
3445,1,20220730,20220715,2,1,2,4,1,5,5,885000,925000,40000,15,2500,4,3.5,2022,8900,0.023,21275,18084,0,238.1,414.9
3446,1,20220717,20220702,1,1,1,1,4,2,4,828000,851000,23000,15,2130,4,3.5,1980,9300,0.0285,24254,20616,10250,240.9,480.9
3447,1,20220823,20220803,1,1,2,2,4,1,4,673000,709000,36000,20,2110,3,2.5,1991,6750,0.0245,17371,14765,0,254.1,451.6
3448,1,20221003,20220906,1,1,1,2,4,5,4,841000,887000,46000,27,2250,3,2.5,2006,10250,0.027,23949,20357,0,250.5,466.4
3449,1,20221019,20221004,1,1,1,2,5,3,3,554500,583500,29000,15,1560,3,2.5,1978,7600,0.027,15755,13392,0,263.1,462.5
3450,1,20220330,20220313,1,1,3,2,1,1,4,824500,857500,33000,17,1900,3,2.5,2006,5100,0.045,38588,32800,0,251.7,459.6
3451,1,20220309,20220220,1,1,1,2,1,1,4,687500,728500,41000,17,1850,3,2.5,1960,8750,0.0285,20762,17648,0,272.6,469.8
3452,1,20220811,20220722,1,1,2,2,1,2,4,649500,688500,39000,20,1860,3,2.5,2007,8300,0.0275,18934,16094,0,266.2,471.8
3453,1,20220921,20220901,3,1,2,2,2,4,4,821000,861500,40500,20,2400,4,3.5,1975,8000,0.025500000000000002,21968,18673,0,475.2,409.5
3454,1,20221221,20221121,1,1,2,1,5,4,4,663000,685500,22500,30,1800,2,2,1985,8750,0.024,16452,13984,0,251.8,446.9
3455,1,20230120,20221127,1,1,1,2,5,1,2,438500,440000,1500,54,1420,3,2.5,1966,6400,0.024,10560,8976,0,224.5,477.8
3456,1,20230927,20230807,1,1,3,2,2,5,4,696000,674000,-22000,51,1630,3,2.5,1971,6150,0.0495,33363,28359,0,239.8,455.5
3457,1,20230518,20230317,1,1,2,1,1,2,4,691500,672000,-19500,62,2220,3,2.5,1984,9200,0.029,19488,16565,11500,259.3,463.4
3458,1,20230305,20230105,2,1,3,2,6,1,4,813500,786000,-27500,59,1810,3,2.5,2016,6500,0.048,37728,32069,0,233.8,407.6
3459,1,20230904,20230614,2,1,1,1,1,5,5,1128500,1095500,-33000,82,2500,5,4,2018,6750,0.024,26292,22348,13500,233.9,406.3
3460,1,20231229,20231024,1,1,3,1,1,5,4,787500,787000,-500,66,2270,3,2.5,1982,6650,0.0465,36596,31107,0,266.6,443.1
3461,1,20230123,20221123,1,1,2,1,1,1,4,752000,733500,-18500,61,2190,3,2.5,1958,9100,0.026000000000000002,19071,16210,0,243.6,468.4
3462,1,20230730,20230614,3,1,1,2,1,2,3,558000,559000,1000,46,1810,4,3.5,2003,5550,0.025,13975,11879,0,467.6,373.5
3463,1,20230325,20221223,1,1,1,1,1,4,4,731500,732500,1000,92,1760,2,2,2020,7850,0.0275,20144,17122,4000,250.7,438.8
3464,1,20230517,20230316,4,4,2,3,5,2,5,998000,985000,-13000,62,2830,4,3.5,2023,9850,0.029,28565,24280,7500,446.6,429.1
3465,1,20231110,20230907,1,1,1,8,4,5,4,850000,850500,500,64,2250,4,3.5,1991,10350,0.0275,23389,19881,0,246.5,469.7
3466,1,20230910,20230716,1,1,2,2,1,2,4,632000,665500,33500,56,1560,2,2,1981,4750,0.026000000000000002,17303,14708,0,258.9,476.1
3467,1,20230304,20230107,1,1,2,3,3,1,4,834000,836500,2500,56,2130,4,3.5,1990,9600,0.025,20913,17776,12750,247.5,446.7
3468,1,20231209,20230913,1,1,1,5,1,4,4,706000,711000,5000,87,2100,4,3.5,2006,9600,0.029500000000000002,20975,17829,0,224.2,465.1
3469,1,20230207,20221224,1,1,3,5,2,5,4,834500,825500,-9000,45,2130,4,3.5,1975,7400,0.0465,38386,32628,0,231.9,449.4
3470,1,20230811,20230517,1,1,1,2,1,5,3,609000,603000,-6000,86,2140,4,3.5,2000,9850,0.0285,17186,14608,0,226,504.4
3471,1,20230326,20230130,2,1,1,1,1,2,4,831000,846500,15500,55,2080,3,2.5,2008,9400,0.0235,19893,16909,7750,243.5,410.3
3472,1,20230905,20230629,4,4,2,5,1,5,4,910500,899000,-11500,68,3050,4,3.5,2023,12250,0.028,25172,21396,0,437.7,420.6
3473,1,20231219,20231018,1,1,1,6,1,5,3,629000,625500,-3500,62,1780,4,3.5,1974,6950,0.0245,15325,13026,9500,244.4,451.2
3474,1,20230313,20230118,1,1,1,1,2,1,4,767000,749000,-18000,54,2340,3,2.5,1959,7750,0.028,20972,17826,0,261.2,462.4
3475,1,20231216,20231028,1,1,1,3,2,2,4,661500,652500,-9000,49,1740,3,2.5,1956,4900,0.025,16313,13866,0,246.9,476.6
3476,1,20230714,20230528,1,1,1,3,2,2,3,532000,531000,-1000,47,1760,3,2.5,1995,5700,0.025500000000000002,13541,11510,6750,239.3,483.1
3477,1,20231026,20230910,1,1,2,2,2,1,4,735000,720000,-15000,46,1830,3,2.5,1988,4700,0.027,19440,16524,12750,248.7,438.7
3478,1,20230211,20221225,4,4,2,3,1,3,5,1345500,1342500,-3000,48,3190,5,4,2014,12050,0.025,33563,28529,0,436.6,412.7
3479,1,20230508,20230210,1,1,1,4,1,2,4,839000,823500,-15500,87,2110,3,2.5,1982,8350,0.0225,18529,15750,0,252.9,452.7
3480,1,20230607,20230411,5,1,2,4,1,4,3,609000,614500,5500,57,2040,3,2.5,1993,8850,0.028,17206,14625,0,545.1,430.6
3481,1,20230624,20230419,2,1,1,4,5,2,5,1272500,1292500,20000,66,2650,5,4,2002,8700,0.0235,30374,25818,0,242.7,408.3
3482,1,20230629,20230508,1,1,2,1,2,5,3,447500,450000,2500,52,1240,2,2,2011,6200,0.029500000000000002,13275,11284,6500,266.7,446.5
3483,1,20230418,20230205,1,1,2,1,1,1,3,586000,580000,-6000,72,1780,3,2.5,1998,8500,0.0235,13630,11586,2750,267.2,475.3
3484,1,20230430,20230301,1,1,1,1,1,5,4,690500,676000,-14500,60,1700,4,3.5,1970,8400,0.025,16900,14365,11250,248.2,466.3
3485,1,20230303,20221230,1,1,2,2,5,5,4,704500,680500,-24000,63,2090,3,2.5,2010,5600,0.027,18374,15618,0,276.1,462
3486,1,20230816,20230618,1,1,2,1,2,5,4,776500,768500,-8000,59,2100,4,3.5,1999,7100,0.0285,21902,18617,0,256.6,458.7
3487,1,20230624,20230419,1,1,2,3,1,2,3,574000,554500,-19500,66,1400,2,2,2014,3450,0.025,13863,11784,0,264.8,472.9
3488,1,20231015,20230828,1,1,2,1,2,1,3,607500,598000,-9500,48,1700,3,2.5,1982,4450,0.024,14352,12199,0,226.1,441
3489,1,20230624,20230426,1,1,1,2,1,1,3,585000,589000,4000,59,1770,3,2.5,1973,4250,0.0225,13253,11265,0,258,455.3
3490,1,20230830,20230528,2,1,1,2,4,5,5,1054000,1047500,-6500,94,2090,3,2.5,2015,7350,0.0245,25664,21814,5750,237.6,413.2
3491,1,20230726,20230606,1,1,2,9,1,2,3,656500,613000,-43500,50,1560,2,2,2019,4000,0.025,15325,13026,0,235.7,461.1
3492,1,20230609,20230407,1,1,3,3,1,6,5,996000,977000,-19000,63,2280,3,2.5,2017,6900,0.0455,44454,37786,13250,255.3,464.4
3493,1,20230118,20221124,1,1,1,3,3,1,3,631000,628500,-2500,55,1810,3,2.5,1995,6150,0.029500000000000002,18541,15760,0,223.4,424.8
3494,1,20230406,20230219,2,1,1,2,5,5,5,889000,900500,11500,46,2800,4,3.5,2023,11900,0.0265,23863,20284,0,226.5,406.6
3495,1,20230416,20230228,1,1,2,8,3,5,4,854500,794500,-60000,47,2230,3,2.5,1987,5600,0.028,22246,18909,12750,237.4,439.3
3496,1,20230725,20230529,4,4,2,1,1,2,5,996500,997500,1000,57,2540,4,3.5,2023,12400,0.025,24938,21197,0,441,420.7
3497,1,20230420,20230220,1,1,1,5,1,5,3,666000,647500,-18500,59,1680,3,2.5,1977,7800,0.029500000000000002,19101,16236,5750,254.2,466.6
3498,1,20230504,20230302,4,4,3,1,5,5,5,965000,923000,-42000,63,2690,4,3.5,2022,8000,0.044,40612,34520,14750,442.7,431.3
3499,1,20230612,20230427,1,1,2,1,1,5,4,728500,716000,-12500,46,1830,3,2.5,1988,7050,0.026000000000000002,18616,15824,0,248.5,447.9
3500,1,20230816,20230614,1,1,2,5,1,5,4,723500,710000,-13500,63,1960,3,2.5,2005,7700,0.029,20590,17502,0,278.4,457.5
3501,1,20230312,20230113,1,1,1,1,3,2,3,543000,537000,-6000,58,1740,4,3.5,1964,8550,0.0275,14768,12553,0,267.8,473
3502,1,20230520,20230314,1,1,2,9,3,4,4,720500,689000,-31500,67,1900,3,2.5,2002,7300,0.025500000000000002,17570,14935,7250,237.3,462.3
3503,1,20230330,20230120,1,1,2,4,1,1,3,664000,637500,-26500,69,1770,2,2,2015,8600,0.0225,14344,12192,8750,267.3,474.2
3504,1,20230805,20230424,1,1,1,2,1,2,3,517500,516500,-1000,103,1730,3,2.5,1964,5600,0.0235,12138,10317,0,248.8,439.9
3505,1,20230611,20230410,1,1,1,2,5,1,4,768000,747500,-20500,62,2000,4,3.5,2016,9250,0.0285,21304,18108,0,244.7,444.3
3506,1,20230825,20230708,1,1,1,3,1,2,4,687500,687000,-500,48,1900,3,2.5,2018,8550,0.025,17175,14599,0,250,448
3507,1,20230820,20230627,5,1,1,1,1,5,4,875000,881000,6000,54,2330,3,2.5,1965,6750,0.024,21144,17972,0,519.3,450.6
3508,1,20230421,20230305,1,1,3,2,4,5,3,609000,607000,-2000,47,1890,4,3.5,1968,7400,0.0455,27619,23476,0,252.4,472.3
3509,1,20230429,20230312,1,1,2,7,1,1,4,743500,719000,-24500,48,2110,4,3.5,1966,5600,0.026000000000000002,18694,15890,10500,240,438.3
3510,1,20230924,20230809,1,1,1,1,3,1,4,759500,753000,-6500,46,2130,3,2.5,2022,6900,0.0265,19955,16962,0,255.8,456.3
3511,1,20230604,20230418,1,1,2,5,3,5,4,715000,707500,-7500,47,2050,4,3.5,2016,9450,0.025500000000000002,18041,15335,0,243.7,475.3
3512,1,20230912,20230723,3,1,1,3,3,2,3,580500,596500,16000,51,1710,2,2,2018,5150,0.024,14316,12169,9000,476.7,399.7
3513,1,20231031,20230902,1,1,1,3,1,1,3,639500,611000,-28500,59,1620,2,2,1955,4150,0.029500000000000002,18025,15321,10750,264.7,434.9
3514,1,20230214,20221231,1,1,1,2,1,5,4,913000,899500,-13500,45,2170,4,3.5,1964,8850,0.029,26086,22173,0,242.2,490.2
3515,1,20230506,20230313,1,1,1,4,6,2,4,713000,689000,-24000,54,1930,3,2.5,2019,6100,0.029500000000000002,20326,17277,0,237.6,457.7
3516,1,20231214,20231018,4,4,1,2,6,5,5,1278000,1254500,-23500,57,3040,4,3.5,2016,9100,0.0245,30735,26125,9500,457.9,423.7
3517,1,20230403,20230217,1,1,1,1,1,5,3,496500,495000,-1500,45,1370,2,2,2014,5950,0.0225,11138,9467,0,266.9,486.8
3518,1,20230731,20230506,1,1,1,1,1,1,3,561500,545000,-16500,86,1630,3,2.5,1998,7900,0.027,14715,12508,0,239.2,459
3519,1,20230602,20230317,1,1,1,2,3,2,4,800500,813500,13000,77,2000,3,2.5,2004,9050,0.029,23592,20053,0,257.1,454.1
3520,1,20231204,20231007,1,1,2,2,3,1,3,634500,603000,-31500,58,1640,2,2,2008,7450,0.024,14472,12301,10250,246.6,491.6
3521,1,20230131,20221212,1,1,3,9,1,1,3,667000,630500,-36500,50,1990,3,2.5,2007,8200,0.047,29634,25189,0,231.1,479.3
3522,1,20231008,20230806,1,1,2,5,3,1,4,777500,773000,-4500,63,1940,3,2.5,2012,5950,0.023,17779,15112,0,244.4,459.2
3523,1,20230417,20230216,1,1,1,2,2,5,4,665500,668500,3000,60,2040,3,2.5,2000,5150,0.0285,19052,16194,0,263.1,464.8
3524,1,20231124,20230926,3,1,1,1,1,5,3,669000,648500,-20500,59,1850,4,3.5,1980,4500,0.027,17510,14884,0,464.9,403.6
3525,1,20230528,20230409,2,1,2,5,5,5,5,1428500,1405500,-23000,49,2770,5,4,2013,9000,0.025,35138,29867,12250,240.3,406.6
3526,1,20230826,20230712,1,1,1,1,1,2,3,619500,611500,-8000,45,1840,2,2,2021,6350,0.0235,14370,12215,7750,227.2,466.4
3527,1,20230307,20230118,1,1,2,2,6,1,4,721000,717500,-3500,48,1830,3,2.5,2005,5950,0.029500000000000002,21166,17991,6250,231.9,443.6
3528,1,20230606,20230419,1,1,2,3,4,4,3,539500,548000,8500,48,1520,2,2,1972,7100,0.025,13700,11645,6500,266.7,476.5
3529,1,20231106,20230828,1,1,2,1,1,5,4,748500,745000,-3500,70,2160,3,2.5,2007,5750,0.023,17135,14565,0,238.2,461.2
3530,1,20230614,20230321,1,1,1,3,1,2,4,680000,668000,-12000,85,2250,4,3.5,1994,7300,0.0275,18370,15615,8000,253.3,453.9
3531,1,20230218,20221231,1,1,1,2,3,5,4,894500,858000,-36500,49,2430,4,3.5,1998,6200,0.0285,24453,20785,15250,259.4,441.5
3532,1,20230713,20230501,1,1,2,1,3,3,4,720000,719500,-500,73,1600,2,2,1965,6300,0.029500000000000002,21225,18041,0,243.5,467.2
3533,1,20230312,20221231,1,1,3,1,4,4,3,526000,536500,10500,71,1860,3,2.5,1979,5800,0.05,26825,22801,0,268.1,448.9
3534,1,20230409,20230220,1,1,2,1,1,5,4,781000,771000,-10000,48,1840,3,2.5,1990,7050,0.0245,18890,16057,8750,229.2,456.2
3535,1,20230201,20221218,1,1,1,2,1,5,3,647000,636000,-11000,45,1970,3,2.5,1985,8400,0.03,19080,16218,6000,265.6,462.6
3536,1,20230417,20230226,2,1,2,1,3,3,5,1038000,1056500,18500,50,2300,4,3.5,2010,8750,0.0265,27997,23797,0,234.6,418
3537,1,20230722,20230530,1,1,1,1,2,5,3,633500,630500,-3000,53,1710,3,2.5,1972,4750,0.027,17024,14470,7250,261.4,467
3538,1,20230724,20230527,4,4,2,9,1,1,4,825000,796500,-28500,58,2280,3,2.5,2018,7300,0.029500000000000002,23497,19972,3250,440.6,421.8
3539,1,20231220,20230930,3,1,2,1,6,1,4,716500,703500,-13000,81,1930,3,2.5,1980,7300,0.029,20402,17342,0,476,394
3540,1,20230314,20230106,1,1,1,1,3,5,3,588000,556000,-32000,67,1550,2,2,1958,5850,0.0245,13622,11579,4500,251.4,474.5
3541,1,20230402,20230127,2,1,2,3,1,5,4,769000,748500,-20500,65,2170,3,2.5,2002,7450,0.0245,18338,15587,0,226.5,409.5
3542,1,20230810,20230613,1,1,1,2,4,5,5,1006500,960000,-46500,58,2740,4,3.5,1971,8650,0.0235,22560,19176,0,258.4,458.8
3543,1,20230322,20230114,5,1,1,3,2,2,4,731500,703500,-28000,67,2190,3,2.5,2004,5900,0.03,21105,17939,6500,521.8,445.1
3544,1,20231014,20230819,1,1,1,6,1,5,4,821000,809500,-11500,56,2170,4,3.5,2000,5900,0.025,20238,17202,0,242.9,485.6
3545,1,20231031,20230831,1,1,2,5,1,2,4,659500,654500,-5000,61,1910,4,3.5,1958,8200,0.025,16363,13909,0,234.5,477.1
3546,1,20230621,20230430,2,1,2,2,1,5,5,1068500,1113500,45000,52,2360,4,3.5,2023,8500,0.0235,26167,22242,0,242.5,419.4
3547,1,20231015,20230823,1,1,2,2,1,3,3,571500,557000,-14500,53,1970,3,2.5,1962,8550,0.025,13925,11836,0,265.6,498.3
3548,1,20230717,20230520,1,1,1,4,1,1,3,604500,587000,-17500,58,1910,3,2.5,2001,9500,0.0245,14382,12225,7000,233.1,467.9
3549,1,20230106,20221121,1,1,1,7,1,2,4,689500,695500,6000,46,1990,3,2.5,1988,9100,0.027,18779,15962,0,257.1,509.4
3550,1,20231122,20231004,2,1,2,1,1,2,4,876000,863000,-13000,49,2560,4,3.5,2008,10400,0.029,25027,21273,0,255.5,414.6
3551,1,20230811,20230519,1,1,2,2,4,3,4,891500,873000,-18500,84,2150,4,3.5,1980,5400,0.026000000000000002,22698,19293,0,246.8,474.3
3552,1,20230216,20230102,1,1,2,2,1,2,4,727500,719000,-8500,45,2220,3,2.5,1971,8550,0.025,17975,15279,0,251.9,453.8
3553,1,20230930,20230808,1,1,1,4,1,2,4,826000,817000,-9000,53,2110,3,2.5,2009,5300,0.028,22876,19445,0,238.9,464.7
3554,1,20230708,20230425,1,1,1,4,1,2,4,917500,874500,-43000,74,2260,3,2.5,1956,6450,0.023,20114,17097,5000,250.7,449.2
3555,1,20230304,20230119,1,1,1,3,4,5,3,518500,512000,-6500,44,2080,4,3.5,1984,5350,0.026000000000000002,13312,11315,0,248.7,465.2
3556,1,20230302,20221226,1,1,3,2,1,5,3,584500,583000,-1500,66,1750,3,2.5,1998,5950,0.05,29150,24778,0,270.2,464
3557,1,20230422,20230217,1,1,1,2,1,5,3,641500,622500,-19000,64,1820,3,2.5,1984,7650,0.0275,17119,14551,0,253.8,466.6
3558,1,20230509,20230225,1,1,3,1,1,5,3,603000,624000,21000,73,1750,2,2,1969,6350,0.049,30576,25990,0,271.8,489.4
3559,1,20230628,20230514,1,1,2,1,1,2,3,455000,452000,-3000,45,1460,2,2,1959,4550,0.0285,12882,10950,0,241.4,476.3
3560,1,20230912,20230723,1,1,1,1,1,3,4,671500,671500,0,51,1940,3,2.5,2004,9250,0.026000000000000002,17459,14840,4000,240.6,447.5
3561,1,20230103,20221112,1,1,1,5,1,2,4,796500,757500,-39000,52,2260,4,3.5,2021,9450,0.023,17423,14810,11500,255,465.5
3562,1,20230506,20230215,2,1,1,1,5,5,5,1121500,1146500,25000,80,2740,4,3.5,2018,10050,0.025,28663,24364,0,237.9,412
3563,1,20230916,20230727,1,1,3,2,1,5,3,494000,491500,-2500,51,1610,2,2,1980,7900,0.0445,21872,18591,6250,256.8,452.9
3564,1,20230131,20221209,1,1,1,2,1,1,4,736500,740000,3500,53,1820,4,3.5,2007,4400,0.0235,17390,14782,7750,239.8,465.9
3565,1,20230131,20221212,1,1,1,4,1,4,4,811000,785000,-26000,50,1990,4,3.5,1985,8950,0.0225,17663,15014,4500,273.6,449.2
3566,1,20230827,20230626,1,1,2,9,3,5,4,829000,829500,500,62,1950,4,3.5,1988,9650,0.0225,18664,15864,0,257.2,482.9
3567,1,20230114,20221109,1,1,2,3,3,5,4,789000,770000,-19000,66,1890,4,3.5,1972,5150,0.0245,18865,16035,0,239.8,485.5
3568,1,20230512,20230223,2,1,1,9,4,5,5,996000,1020500,24500,78,2140,3,2.5,2005,6750,0.024,24492,20818,0,240.3,415.1
3569,1,20230208,20221118,2,1,1,8,1,3,4,710500,700500,-10000,82,2390,4,3.5,2013,6150,0.0235,16462,13993,0,238.1,419.1
3570,1,20230424,20230216,1,1,1,1,1,1,3,542500,540000,-2500,67,1690,3,2.5,1978,6300,0.0235,12690,10787,0,218.5,442.9
3571,1,20230829,20230525,1,1,1,1,1,1,3,529500,546500,17000,96,1910,3,2.5,1994,6550,0.027,14756,12543,0,248.6,467.5
3572,1,20231117,20230929,1,1,2,2,3,3,3,640000,647000,7000,49,1980,3,2.5,2018,9550,0.029,18763,15949,0,230.3,474.6
3573,1,20230511,20230207,1,1,1,1,1,1,2,398000,396500,-1500,93,1250,2,2,1979,5400,0.025500000000000002,10111,8594,0,233.6,457.5
3574,1,20230504,20230318,1,1,2,1,1,2,4,930500,896000,-34500,47,2170,4,3.5,2000,9250,0.029500000000000002,26432,22467,0,232.6,444.8
3575,1,20230618,20230414,1,1,1,4,2,2,4,724000,715500,-8500,65,2020,3,2.5,2011,7450,0.0275,19676,16725,0,266.1,452.2
3576,1,20230222,20221207,1,1,1,9,1,2,4,718000,672500,-45500,77,1890,4,3.5,1961,5650,0.028,18830,16006,0,252.4,480.3
3577,1,20230120,20221205,1,1,2,3,1,2,3,605000,594500,-10500,46,1840,3,2.5,1968,5450,0.0285,16943,14402,0,267.1,471.9
3578,1,20230403,20230125,1,1,2,1,3,2,3,573000,577500,4500,68,1930,3,2.5,1997,7500,0.027,15593,13254,0,254.1,467.8
3579,1,20231001,20230807,1,1,1,2,1,1,4,726500,730000,3500,55,2150,4,3.5,1998,7000,0.025,18250,15513,0,259.5,462.3
3580,1,20231230,20231022,1,1,2,6,3,1,4,649500,651000,1500,69,1720,3,2.5,1956,8000,0.025,16275,13834,0,269.3,463.9
3581,1,20230421,20230303,1,1,1,4,1,5,3,597000,588000,-9000,49,1420,3,2.5,1990,5800,0.025,14700,12495,10500,247.8,488.2
3582,1,20230814,20230613,1,1,1,2,1,2,3,627000,616000,-11000,62,1760,3,2.5,2015,7700,0.0265,16324,13875,0,223.5,460.5
3583,1,20230327,20230121,1,1,2,1,1,2,4,677500,664000,-13500,65,1680,2,2,1963,5850,0.025500000000000002,16932,14392,9250,258.3,470.3
3584,1,20231104,20230813,1,1,2,1,1,5,4,767000,780000,13000,83,1940,3,2.5,1965,4800,0.026000000000000002,20280,17238,6250,258,474.9
3585,1,20230826,20230710,1,1,1,3,3,2,4,742500,747500,5000,47,2060,3,2.5,2004,5500,0.029,21678,18426,0,255.8,452.9
3586,1,20230509,20230321,1,1,1,3,4,1,4,727500,718000,-9500,49,1790,4,3.5,1958,4800,0.029500000000000002,21181,18004,0,225.1,434.1
3587,1,20230428,20230301,1,1,2,4,3,3,4,770000,746000,-24000,58,1960,3,2.5,1983,7500,0.024,17904,15218,0,237.7,460
3588,1,20230807,20230607,1,1,1,2,4,1,4,741500,716500,-25000,61,1900,4,3.5,1996,8850,0.024,17196,14617,0,273.5,481.4
3589,1,20230512,20230318,1,1,1,2,1,5,3,654500,638500,-16000,55,2000,3,2.5,2021,8550,0.028,17878,15196,6250,234,465.6
3590,1,20230508,20230314,1,1,1,7,1,5,4,657000,652500,-4500,55,1750,4,3.5,2014,4600,0.025500000000000002,16639,14143,0,266.1,447.6
3591,1,20230824,20230706,1,1,2,3,3,2,3,534500,527500,-7000,49,1610,2,2,1958,4300,0.0275,14506,12330,0,250.5,458.4
3592,1,20231008,20230705,1,1,1,1,1,4,3,543000,552000,9000,95,1870,3,2.5,2012,9150,0.027,14904,12668,0,240.1,468.2
3593,1,20240410,20240211,1,1,1,1,1,2,4,733500,723000,-10500,59,1980,3,2.5,1972,7050,0.025,18075,15364,11500,264.9,459.1
3594,1,20240520,20240226,1,1,1,3,1,3,3,634500,624500,-10000,84,1670,2,2,2007,4750,0.029,18111,15394,0,257,462.1
3595,1,20240922,20240720,1,1,1,2,1,5,3,600000,592000,-8000,64,1510,3,2.5,1999,4900,0.027,15984,13586,0,235.5,434.6
3596,1,20241008,20240825,1,1,1,1,1,4,4,709000,694000,-15000,44,1930,3,2.5,2019,7200,0.028,19432,16517,0,232.2,497.8
3597,1,20240708,20240418,1,1,2,2,2,5,4,816500,793000,-23500,81,1840,3,2.5,1986,8550,0.025500000000000002,20222,17189,0,274.6,458.4
3598,1,20240519,20240401,1,1,1,2,1,2,4,809500,802000,-7500,48,1930,3,2.5,2022,8900,0.024,19248,16361,11750,229.6,466.5
3599,1,20240227,20231228,1,1,1,2,3,4,4,668500,659500,-9000,61,1540,2,2,2018,7450,0.025500000000000002,16817,14294,7000,227.7,476.8
3600,1,20241028,20240914,1,1,1,1,5,1,4,857500,860500,3000,44,2120,4,3.5,2015,5800,0.029,24955,21212,0,238.1,476.2
3601,1,20240313,20231213,1,1,2,1,5,2,5,1060000,1047500,-12500,91,2210,3,2.5,1983,9950,0.025,26188,22260,5250,243.4,466.1
3602,1,20241001,20240813,1,1,1,5,2,5,3,493000,485000,-8000,49,2050,3,2.5,1956,7400,0.0225,10913,9276,0,251.7,449.2
3603,1,20241116,20240919,1,1,1,4,1,1,3,498500,486500,-12000,58,1490,2,2,1995,6600,0.0275,13379,11372,3500,248.4,464
3604,1,20240707,20240508,1,1,2,2,1,1,3,521500,521500,0,60,1610,3,2.5,2016,7850,0.025,13038,11082,0,266,463.7
3605,1,20240628,20240507,1,1,1,9,1,2,4,670000,681000,11000,52,2090,4,3.5,2012,8800,0.024,16344,13892,0,250.5,477.9
3606,1,20240815,20240605,1,1,2,3,3,1,4,721500,710000,-11500,71,2300,4,3.5,1979,8550,0.0265,18815,15993,12250,244.6,477.6
3607,1,20240913,20240707,1,1,2,1,6,1,4,819500,802500,-17000,68,2170,3,2.5,2016,7200,0.0265,21266,18076,0,237.9,437
3608,1,20241201,20241012,1,1,2,4,1,2,4,761500,759000,-2500,50,1990,3,2.5,1955,5100,0.023,17457,14838,10250,258.7,455.3
3609,1,20240617,20240426,1,1,2,4,1,1,4,715000,693000,-22000,52,1900,3,2.5,1999,8100,0.028,19404,16493,0,264.8,445.3
3610,1,20241003,20240723,1,1,1,8,4,5,4,919500,891000,-28500,72,2160,3,2.5,2010,5750,0.0225,20048,17041,0,234.4,478.3
3611,1,20240719,20240515,1,1,1,1,5,1,4,702000,705500,3500,65,2030,3,2.5,1973,6250,0.0225,15874,13493,0,264.8,508.6
3612,1,20241224,20241109,1,1,1,3,3,4,4,691000,687000,-4000,45,2150,4,3.5,2007,5750,0.025500000000000002,17519,14891,0,229,466.5
3613,1,20240717,20240529,1,1,1,2,4,2,4,678500,661000,-17500,49,1850,2,2,1976,6200,0.029500000000000002,19500,16575,0,231,481.6
3614,1,20240720,20240605,1,1,1,2,2,1,4,728500,730500,2000,45,1780,3,2.5,1992,6800,0.0265,19358,16454,6750,225.8,457.1
3615,1,20241201,20240917,1,1,1,2,1,1,4,718500,704000,-14500,75,1840,3,2.5,1967,6500,0.0285,20064,17054,0,223.3,461.6
3616,1,20240622,20240430,1,1,1,3,6,5,3,577000,588000,11000,53,1620,3,2.5,1956,5350,0.023,13524,11495,0,252.4,481.5
3617,1,20240722,20240529,2,1,2,2,1,2,5,962500,945500,-17000,54,2410,4,3.5,2009,6100,0.024,22692,19288,11000,247.2,404.5
3618,1,20240623,20240424,1,1,2,2,1,2,3,514500,525000,10500,60,1630,2,2,1984,3900,0.025500000000000002,13388,11380,4500,234.6,482.9
3619,1,20240523,20240329,5,1,1,1,1,2,3,589000,569000,-20000,55,1630,4,3.5,1969,4350,0.027,15363,13059,4000,518.8,417
3620,1,20240709,20240525,1,1,3,5,4,3,3,573000,551500,-21500,45,1680,3,2.5,1963,4350,0.051000000000000004,28127,23908,10000,260,469.2
3621,1,20240824,20240628,1,1,1,1,1,1,4,880500,857000,-23500,57,2260,4,3.5,2023,7450,0.025,21425,18211,0,247.9,474.4
3622,1,20240425,20240224,2,1,2,1,1,2,5,946500,924500,-22000,61,2280,4,3.5,2018,11250,0.024,22188,18860,6500,237.7,416
3623,1,20240119,20231128,1,1,2,1,4,5,4,758500,741000,-17500,52,2180,3,2.5,1966,8150,0.029500000000000002,21860,18581,6000,246.1,493.8
3624,1,20240813,20240530,1,1,2,2,1,4,3,620500,597500,-23000,75,1790,3,2.5,1980,7550,0.0285,17029,14475,0,235.5,451.9
3625,1,20240809,20240610,1,1,1,1,1,5,4,729500,743000,13500,60,2350,4,3.5,2007,6200,0.0225,16718,14210,3500,256.4,442.5
3626,1,20241024,20240822,1,1,1,5,2,5,3,571000,549500,-21500,63,1620,3,2.5,2002,6550,0.0275,15111,12844,3250,252.8,488.4
3627,1,20241110,20240912,1,1,1,6,1,5,4,925500,898000,-27500,59,2220,3,2.5,1996,7800,0.025500000000000002,22899,19464,0,250.8,474.5
3628,1,20240521,20240401,1,1,1,9,1,1,3,463500,460500,-3000,50,1730,3,2.5,2015,7100,0.0285,13124,11155,6500,277.3,464.3
3629,1,20240208,20231224,1,1,1,2,3,5,4,885000,850000,-35000,46,2300,3,2.5,1966,6950,0.0285,24225,20591,0,279.9,466.7
3630,1,20241007,20240816,1,1,1,3,1,3,3,596500,570500,-26000,52,1490,2,2,1987,6150,0.026000000000000002,14833,12608,5500,248.5,454.8
3631,1,20240913,20240725,1,1,2,5,1,1,3,630500,622500,-8000,50,1960,3,2.5,2013,6850,0.027,16808,14287,0,241.5,446.4
3632,1,20240317,20240130,1,1,1,2,1,2,4,686500,677500,-9000,47,1930,3,2.5,1999,6350,0.0285,19309,16413,0,245.4,452.4
3633,1,20241125,20241010,1,1,2,2,1,5,4,825000,797000,-28000,46,2440,4,3.5,1958,8950,0.024,19128,16259,0,247,444.4
3634,1,20240927,20240808,2,1,1,1,1,5,4,919500,893000,-26500,50,2340,4,3.5,2004,6650,0.028,25004,21253,4500,234,403.5
3635,1,20240124,20231207,5,1,1,1,3,1,3,454500,452000,-2500,48,1330,2,2,2013,3450,0.029,13108,11142,5000,529.1,436.7
3636,1,20240714,20240524,1,1,3,6,1,2,4,686500,683500,-3000,51,1820,4,3.5,1992,7950,0.043500000000000004,29732,25272,10500,254.7,445.9
3637,1,20240503,20240221,2,1,2,2,4,5,4,668500,665500,-3000,72,1950,3,2.5,2017,7000,0.029,19300,16405,11750,251.8,410.5
3638,1,20240519,20240319,1,1,1,1,3,3,3,541000,530000,-11000,61,1920,3,2.5,2020,9450,0.026000000000000002,13780,11713,0,255.4,447.1
3639,1,20240914,20240722,1,1,2,6,2,2,3,526500,522500,-4000,54,1480,2,2,1999,6350,0.025,13063,11104,9500,262.5,469.3
3640,1,20240207,20231128,1,1,1,2,1,5,4,707000,696000,-11000,71,1970,2,2,1984,7300,0.0285,19836,16861,0,228.8,452.7
3641,1,20240531,20240401,1,1,1,4,1,2,3,636000,632000,-4000,60,1860,3,2.5,1961,4600,0.0265,16748,14236,8000,262.2,457.8
3642,1,20240827,20240610,2,1,1,2,5,2,5,1005000,975000,-30000,78,2760,4,3.5,2017,11750,0.0265,25838,21962,0,228,407.7
3643,1,20241113,20240807,1,1,2,2,4,5,4,819500,790000,-29500,98,2030,3,2.5,2003,5150,0.025,19750,16788,12750,250,459.5
3644,1,20240512,20240304,1,1,1,2,2,2,3,625500,615000,-10500,69,1860,2,2,1978,7550,0.029,17835,15160,4000,238.3,469.3
3645,1,20241126,20241002,1,1,2,1,1,5,3,490500,482500,-8000,55,1770,3,2.5,1981,4400,0.025,12063,10254,0,237.4,480.7
3646,1,20240320,20240117,1,1,2,1,5,2,5,1170500,1164500,-6000,63,2630,4,3.5,2018,8100,0.029,33771,28705,0,240.4,448.7
3647,1,20240325,20240202,1,1,1,2,4,1,4,656500,656500,0,52,2030,4,3.5,2007,8500,0.025500000000000002,16741,14230,0,248.2,459.4
3648,1,20240921,20240806,1,1,1,2,1,1,4,719500,727500,8000,46,2080,2,2,2010,5300,0.026000000000000002,18915,16078,0,236,471.5
3649,1,20240602,20240310,1,1,1,9,2,5,3,578000,573500,-4500,84,1470,2,2,1977,4750,0.03,17205,14624,3500,243.4,463.8
3650,1,20240620,20240429,5,1,1,6,6,1,3,626000,609500,-16500,52,1830,3,2.5,1956,7050,0.028,17066,14506,4000,550.4,446.3
3651,1,20240720,20240505,1,1,3,2,3,5,3,588000,567500,-20500,76,1590,2,2,2010,5500,0.044,24970,21225,3500,231,479.3
3652,1,20240707,20240509,1,1,1,9,2,2,3,628000,615000,-13000,59,1900,4,3.5,2012,7250,0.028,17220,14637,0,229.8,476.9
3653,1,20241006,20240711,1,1,1,5,1,2,3,629500,627500,-2000,87,1830,3,2.5,2005,4400,0.0225,14119,12001,0,254.6,448.2
3654,1,20240622,20240429,1,1,2,9,2,5,2,401500,399500,-2000,54,1190,2,2,1992,4850,0.022,8789,7471,0,232.1,445.9
3655,1,20240804,20240620,1,1,1,1,4,4,3,544500,531500,-13000,45,1680,2,2,1973,6050,0.0245,13022,11069,0,247.8,446.7
3656,1,20240402,20240213,1,1,3,1,1,1,3,499500,477500,-22000,49,1440,2,2,1998,3800,0.051000000000000004,24353,20700,8000,261.9,454.3
3657,1,20241105,20240902,1,1,2,6,1,2,4,720000,722500,2500,64,1970,4,3.5,2013,8850,0.025,18063,15354,0,252.6,447
3658,1,20240603,20240322,1,1,1,1,1,5,3,666000,642500,-23500,73,2090,4,3.5,2003,10400,0.0225,14456,12288,0,251,463
3659,1,20240614,20240405,1,1,1,8,3,2,4,631000,650000,19000,70,1890,4,3.5,1999,8100,0.03,19500,16575,0,288.9,433.8
3660,1,20240508,20240204,1,1,1,4,1,1,4,670500,700500,30000,94,1860,3,2.5,1967,5650,0.025,17513,14886,0,244.2,471.9
3661,1,20240821,20240706,1,1,2,1,1,2,3,620000,611500,-8500,46,1710,3,2.5,2020,7650,0.025500000000000002,15593,13254,9750,241.4,474
3662,1,20240613,20240402,1,1,2,2,2,2,4,768500,762000,-6500,72,2090,4,3.5,1995,10400,0.0265,20193,17164,10000,232,454
3663,1,20240630,20240418,1,1,1,3,1,1,3,611500,582500,-29000,73,2180,3,2.5,1983,7250,0.029500000000000002,17184,14606,0,260.1,485.3
3664,1,20240501,20240308,4,4,2,1,1,5,4,804500,802500,-2000,54,2350,3,2.5,2021,6450,0.0275,22069,18759,6250,441.3,433.2
3665,1,20240923,20240805,1,1,2,3,1,5,4,874000,863500,-10500,49,2140,3,2.5,1971,6150,0.0245,21156,17983,6500,241.2,483.2
3666,1,20241227,20241107,1,1,1,2,1,1,4,655500,656000,500,50,1930,4,3.5,1997,5450,0.03,19680,16728,9000,236.4,438.1
3667,1,20241007,20240823,1,1,2,2,1,5,4,714000,697000,-17000,45,2010,3,2.5,1989,8700,0.028,19516,16589,0,279.7,472.5
3668,1,20241221,20241030,1,1,1,2,3,4,3,515000,502500,-12500,52,1480,2,2,1996,7400,0.025,12563,10679,0,249.9,448
3669,1,20240506,20240315,1,1,1,5,1,2,3,575000,568500,-6500,52,1510,3,2.5,2020,4250,0.0225,12791,10872,0,222,475.4
3670,1,20240607,20240308,1,1,1,2,3,2,3,613500,624500,11000,91,2150,3,2.5,1968,6600,0.029500000000000002,18423,15660,0,255.4,444.8
3671,1,20240822,20240630,1,1,1,5,5,1,4,786500,804500,18000,53,2000,2,2,2015,9250,0.026000000000000002,20917,17779,0,280.7,454.1
3672,1,20240123,20231117,1,1,1,2,3,2,2,395000,395000,0,67,1100,2,2,2014,4750,0.0285,11258,9569,0,264.5,475.2
3673,1,20241104,20240919,1,1,1,3,3,1,4,656500,654500,-2000,46,2050,3,2.5,1982,7550,0.025,16363,13909,0,267.2,469.6
3674,1,20240220,20240105,1,1,1,2,1,5,4,754500,751000,-3500,46,2010,4,3.5,1996,6650,0.025500000000000002,19151,16278,0,246.6,429.4
3675,1,20240625,20240508,1,1,1,2,3,1,3,632500,637500,5000,48,1760,3,2.5,1970,7850,0.027,17213,14631,0,232.5,473.6
3676,1,20241114,20240921,5,1,1,2,1,1,3,600000,592000,-8000,54,2220,3,2.5,1963,7500,0.029,17168,14593,0,528.4,449.4
3677,1,20241009,20240812,1,1,2,1,1,4,4,809000,785500,-23500,58,2370,5,4,1970,10850,0.0245,19245,16358,0,249.4,447.9
3678,1,20241219,20241025,1,1,1,3,1,1,4,728500,712000,-16500,55,1980,3,2.5,2020,7600,0.0275,19580,16643,0,265.4,498.3
3679,1,20240523,20240328,1,1,1,2,2,2,2,431500,402500,-29000,56,1110,2,2,2006,4000,0.0285,11471,9750,0,226.9,461.8
3680,1,20240804,20240519,2,1,2,1,5,1,5,938000,936500,-1500,77,2030,3,2.5,2012,7550,0.027,25286,21493,0,241.2,405.8
3681,1,20240902,20240627,1,1,1,1,4,2,4,714500,708000,-6500,67,1740,2,2,1970,6400,0.029500000000000002,20886,17753,0,237.3,475
3682,1,20240312,20240115,1,1,2,9,1,2,4,772000,762000,-10000,57,2040,3,2.5,2007,9600,0.0235,17907,15221,7250,248.5,479
3683,1,20240418,20240206,5,1,1,3,2,3,3,553500,538000,-15500,72,1760,3,2.5,2003,6900,0.027,14526,12347,6000,522.8,431.3
3684,1,20240418,20240215,1,1,1,2,1,5,3,637500,623000,-14500,63,1860,4,3.5,1978,7200,0.029,18067,15357,10000,235.1,465.7
3685,1,20240926,20240810,3,1,1,9,2,1,4,720500,713500,-7000,47,1840,3,2.5,1991,5900,0.0275,19621,16678,0,479.4,410.9
3686,1,20240207,20231111,1,1,1,3,1,4,4,706500,694000,-12500,88,1760,4,3.5,1960,5850,0.022,15268,12978,5500,245.5,489.2
3687,1,20240616,20240430,1,1,1,2,1,5,3,654000,633000,-21000,47,1690,2,2,1978,6400,0.029,18357,15603,0,244.3,483.4
3688,1,20240922,20240802,1,1,2,4,2,1,3,652000,645500,-6500,51,1530,3,2.5,1970,7300,0.029500000000000002,19042,16186,10750,223.6,460.5
3689,1,20240916,20240720,5,1,1,2,1,1,4,740000,740500,500,58,2280,3,2.5,1998,5550,0.029,21475,18254,8000,524.9,449
3690,1,20240615,20240501,1,1,2,1,1,1,4,773500,746000,-27500,45,1880,3,2.5,1999,8850,0.026000000000000002,19396,16487,0,260.8,457.7
3691,1,20240115,20231125,1,1,1,1,1,5,3,547500,543500,-4000,51,1690,3,2.5,2003,5400,0.0265,14403,12243,7750,247.7,474.3
3692,1,20240402,20240203,3,1,1,1,1,1,3,597500,573000,-24500,59,1810,2,2,1982,4650,0.0245,14039,11933,0,462.1,387.7
3693,1,20240605,20240411,1,1,2,2,1,2,4,774000,771000,-3000,55,1970,3,2.5,1958,5150,0.025,19275,16384,3750,248.6,459.4
3694,1,20241006,20240816,1,1,2,3,2,1,3,538000,537000,-1000,51,2270,4,3.5,1996,11250,0.03,16110,13694,0,245.5,468.5
3695,1,20240807,20240609,1,1,2,5,4,5,4,747500,743000,-4500,59,2230,4,3.5,1979,10650,0.0245,18204,15473,0,247.7,437.5
3696,1,20240514,20240330,2,1,3,2,1,5,4,896000,887500,-8500,45,2540,4,3.5,2011,10800,0.043000000000000003,38163,32439,0,239.2,417.1
3697,1,20240219,20240103,1,1,2,9,1,5,4,711500,720500,9000,47,1990,3,2.5,2005,6050,0.026000000000000002,18733,15923,5500,262.3,475.1
3698,1,20240529,20240313,1,1,1,2,1,6,4,743000,748500,5500,77,1880,4,3.5,1963,5800,0.025500000000000002,19087,16224,3500,249.2,466.4
3699,1,20240707,20240421,2,1,1,2,1,5,5,1039500,1019500,-20000,77,2410,4,3.5,2007,9200,0.0225,22939,19498,6000,242,417.7
3700,1,20240629,20240511,1,1,2,3,3,5,4,726500,725500,-1000,49,1980,3,2.5,2015,8100,0.0245,17775,15109,0,245,453.5
3701,1,20240904,20240712,4,4,2,3,5,3,5,926500,930000,3500,54,2780,4,3.5,2019,11900,0.0245,22785,19367,6000,438.7,434.6
3702,1,20240124,20231206,1,1,1,2,1,5,3,559000,532000,-27000,49,1480,2,2,2023,5850,0.0285,15162,12888,0,223.8,466.2
3703,1,20240130,20231128,1,1,2,1,1,5,4,644500,652500,8000,63,1740,2,2,1975,6750,0.0225,14681,12479,0,251.8,453.8
3704,1,20240817,20240610,1,1,1,9,3,2,3,506500,500500,-6000,68,1880,3,2.5,2004,5600,0.025500000000000002,12763,10849,0,257,476
3705,1,20240925,20240723,1,1,2,2,1,3,4,695000,686000,-9000,64,2020,3,2.5,1962,6600,0.0275,18865,16035,11000,268.8,465
3706,1,20240613,20240429,1,1,2,2,1,1,4,696000,703500,7500,45,2050,4,3.5,1993,8800,0.027,18995,16146,0,245.9,453.5
3707,1,20240828,20240629,1,1,2,2,2,4,4,771000,770000,-1000,60,2320,3,2.5,1989,10550,0.029,22330,18981,0,241.7,475.2
3708,1,20240120,20231202,1,1,1,3,1,4,3,633500,621000,-12500,49,1900,3,2.5,1993,6950,0.029,18009,15308,0,263.9,470.6
3709,1,20240811,20240621,1,1,1,3,4,3,4,764000,781000,17000,51,2160,3,2.5,2019,7550,0.028,21868,18588,3250,230.2,472.3
3710,1,20240817,20240622,1,1,1,3,2,1,3,548500,546000,-2500,56,1780,2,2,2013,4450,0.0235,12831,10906,0,245.1,461.6
3711,1,20240428,20240311,1,1,2,2,4,5,3,474000,471000,-3000,48,1360,2,2,2008,5000,0.0265,12482,10610,3750,244.7,467.3
3712,1,20251218,20251027,1,1,2,2,1,4,3,600000,585000,-15000,52,1770,3,2.5,2022,5150,0.023,13455,11437,0,244.6,460.4
3713,1,20250109,20241103,1,1,1,1,4,2,4,874500,866000,-8500,67,2110,3,2.5,1956,8250,0.0265,22949,19507,12000,227.6,459.5
3714,1,20250610,20250410,1,1,3,3,4,1,4,682500,675000,-7500,61,1670,3,2.5,1990,4250,0.0505,34088,28975,0,244.1,452.3
3715,1,20250110,20241112,4,4,1,1,1,2,5,1079000,1050500,-28500,59,2400,4,3.5,2016,10350,0.028,29414,25002,18750,448.3,432.3
3716,1,20251212,20251027,2,1,1,1,4,2,5,969000,936000,-33000,46,2750,5,4,2008,12550,0.026000000000000002,24336,20686,0,254.5,409.7
3717,1,20250618,20250430,1,1,2,3,1,5,3,600000,583000,-17000,49,1830,3,2.5,1959,6800,0.0225,13118,11150,0,236.3,442.7
3718,1,20250530,20250405,1,1,2,1,4,1,5,909500,925500,16000,55,2310,3,2.5,1960,7050,0.023,21287,18094,4250,247.4,499.7
3719,1,20250614,20250428,1,1,2,1,1,2,2,394500,389000,-5500,47,1580,3,2.5,1982,7500,0.0235,9142,7771,0,257.3,448.3
3720,1,20250216,20241216,5,1,2,2,3,2,3,468000,462000,-6000,62,1630,2,2,1979,7900,0.0285,13167,11192,0,535.4,435.2
3721,1,20250421,20250301,1,1,1,4,2,1,4,823500,814000,-9500,51,2010,3,2.5,1963,9650,0.025,20350,17298,0,259.2,486.4
3722,1,20250218,20241217,1,1,1,2,1,2,4,849000,850000,1000,63,2130,3,2.5,1976,8700,0.029500000000000002,25075,21314,0,259.5,439.2
3723,1,20250409,20250222,4,4,2,1,1,1,5,1047500,1025000,-22500,46,2350,5,4,2018,7400,0.023,23575,20039,4750,450.2,415.7
3724,1,20250507,20250223,1,1,1,2,5,1,5,922000,917000,-5000,73,2170,4,3.5,1988,9650,0.028,25676,21825,0,242.6,439.5
3725,1,20251117,20250902,1,1,2,1,2,5,4,729500,760500,31000,76,2170,3,2.5,2000,10350,0.023,17492,14868,0,235.8,450.7
3726,1,20250407,20250124,4,4,1,2,1,6,5,1017000,1010000,-7000,73,2690,4,3.5,2014,10950,0.023,23230,19746,0,441,421.9
3727,1,20251017,20250810,1,1,2,2,3,4,3,612000,611500,-500,68,1490,3,2.5,2006,4400,0.025,15288,12995,0,247.3,434
3728,1,20250719,20250518,1,1,1,2,1,3,2,403500,385000,-18500,62,1100,3,2.5,1992,5400,0.023,8855,7527,0,254.8,450.5
3729,1,20250330,20241217,1,1,2,2,1,1,4,716500,708000,-8500,103,2370,5,4,1975,11100,0.023,16284,13841,7250,268.5,461.6
3730,1,20250508,20250324,1,1,1,2,1,5,4,657500,650000,-7500,45,2120,4,3.5,1976,8400,0.024,15600,13260,0,248,473.2
3731,1,20250415,20241230,1,1,1,1,1,1,4,706500,716000,9500,106,1690,4,3.5,2006,7400,0.0265,18974,16128,8750,257.6,474.8
3732,1,20250612,20250323,1,1,1,2,4,5,4,770500,774000,3500,81,1790,3,2.5,1984,4650,0.028,21672,18421,11500,258.5,462.2
3733,1,20250702,20250329,1,1,1,3,1,3,4,683500,684000,500,95,1860,3,2.5,1960,5200,0.0245,16758,14244,0,268.4,474.2
3734,1,20250529,20250412,1,1,1,2,1,2,4,856000,843500,-12500,47,2340,3,2.5,2003,7100,0.028,23618,20075,0,248.5,470.9
3735,1,20250627,20250511,1,1,2,6,1,3,4,684000,676000,-8000,47,2180,4,3.5,2022,10350,0.0225,15210,12929,0,254,475.8
3736,1,20250618,20250414,5,1,1,2,4,2,3,598500,602500,4000,65,1710,3,2.5,1996,6250,0.025,15063,12804,0,528.3,449.4
3737,1,20250101,20241117,1,1,2,1,1,2,4,847500,844500,-3000,45,2000,3,2.5,2015,6050,0.026000000000000002,21957,18663,5750,249.4,433
3738,1,20250210,20241127,1,1,2,1,4,3,3,568500,578000,9500,75,1820,3,2.5,1970,6150,0.0265,15317,13019,0,242.9,446.5
3739,1,20250629,20250427,1,1,2,1,1,4,4,711000,707500,-3500,63,2080,3,2.5,1993,7950,0.029,20518,17440,11500,231.4,457.4
3740,1,20250411,20250210,1,1,1,8,2,5,4,704000,698000,-6000,60,1720,2,2,2004,4350,0.029,20242,17206,0,257.3,480.6
3741,1,20250306,20241228,1,1,1,3,1,5,4,825500,805500,-20000,68,1970,4,3.5,1976,7200,0.025,20138,17117,0,232,429.8
3742,1,20250622,20250411,1,1,1,3,1,2,4,698500,670000,-28500,72,1600,3,2.5,2020,5400,0.028,18760,15946,0,242.7,476.4
3743,1,20251123,20251005,5,1,1,2,1,2,4,839000,857500,18500,49,2250,3,2.5,1997,8850,0.029,24868,21138,0,527.3,441.2
3744,1,20250508,20250320,1,1,2,1,1,2,4,722000,718000,-4000,49,2000,3,2.5,2004,6050,0.0285,20463,17394,10250,277.6,463.2
3745,1,20250322,20250115,1,1,3,6,1,2,3,606500,600500,-6000,66,1480,2,2,1985,4450,0.0455,27323,23225,0,252.5,468.8
3746,1,20251202,20251017,1,1,1,1,1,2,3,662500,640000,-22500,46,1980,3,2.5,1984,7100,0.0275,17600,14960,9750,236.2,464.6
3747,1,20250601,20250327,1,1,2,2,1,4,4,719000,703500,-15500,66,1770,3,2.5,1974,8050,0.028,19698,16743,0,235.8,447.3
3748,1,20250606,20250402,4,4,2,1,1,5,5,1361000,1363500,2500,65,3540,5,4,2014,12900,0.029500000000000002,40223,34190,0,449.9,424.3
3749,1,20250410,20250212,1,1,1,2,2,1,3,542000,551500,9500,57,1740,2,2,1988,8300,0.024,13236,11251,0,254.7,451.7
3750,1,20250906,20250712,4,4,1,1,1,6,4,686500,701500,15000,56,1870,3,2.5,2023,9050,0.0265,18590,15802,10250,445.3,424.9
3751,1,20251201,20251008,1,1,1,1,2,1,4,696000,684000,-12000,54,2070,3,2.5,1986,6500,0.0265,18126,15407,0,257.4,480.6
3752,1,20250420,20250225,2,1,2,4,1,2,5,1007500,995500,-12000,54,2550,4,3.5,2004,12450,0.0225,22399,19039,0,224.5,413.7
3753,1,20251023,20250902,1,1,1,2,5,1,3,605500,604000,-1500,51,1680,3,2.5,1975,6700,0.0265,16006,13605,0,223.3,460.5
3754,1,20250214,20241126,1,1,2,4,1,2,3,469000,462000,-7000,80,1690,2,2,1982,8250,0.029500000000000002,13629,11585,0,247.9,480.1
3755,1,20251030,20250912,3,1,3,1,6,5,3,651000,648500,-2500,48,1810,2,2,1988,4850,0.0455,29507,25081,0,466.8,400.8
3756,1,20251210,20251022,1,1,2,4,1,1,4,781500,762000,-19500,49,2280,4,3.5,2014,5800,0.024,18288,15545,4000,221.4,452.3
3757,1,20250921,20250721,1,1,1,2,1,5,3,616500,634000,17500,62,2040,3,2.5,1955,6300,0.0285,18069,15359,4750,243.2,455.7
3758,1,20250620,20250425,1,1,2,1,1,4,3,583500,570500,-13000,56,1730,2,2,2008,4550,0.029500000000000002,16830,14306,0,287.2,462.5
3759,1,20251005,20250821,1,1,1,9,3,5,4,717500,713000,-4500,45,1770,3,2.5,2019,8800,0.0265,18895,16061,8500,251.9,469.9
3760,1,20250307,20241227,1,1,1,1,3,5,4,720500,709000,-11500,70,2560,4,3.5,1981,10550,0.023,16307,13861,0,252.2,456.1
3761,1,20250416,20250227,1,1,2,1,1,1,3,624000,616500,-7500,48,1790,3,2.5,1957,7950,0.028,17262,14673,10500,279.5,456.4
3762,1,20250210,20241227,4,4,1,2,4,5,5,1237000,1207500,-29500,45,3640,6,5,2018,9150,0.0235,28376,24120,9750,437.6,406.9
3763,1,20250831,20250620,1,1,1,8,2,1,3,606000,595500,-10500,72,1990,3,2.5,1994,5150,0.0265,15781,13414,0,235,503.7
3764,1,20250724,20250524,1,1,2,2,3,1,4,664000,656500,-7500,61,1940,3,2.5,2014,8200,0.026000000000000002,17069,14509,0,236.7,455.4
3765,1,20250403,20250205,1,1,1,1,3,1,4,670000,669000,-1000,57,2090,3,2.5,1987,9000,0.024,16056,13648,0,236.6,453.1
3766,1,20250726,20250603,1,1,2,1,1,2,5,978500,956500,-22000,53,2320,3,2.5,1985,6450,0.03,28695,24391,16000,239,458.9
3767,1,20251029,20250806,1,1,1,2,5,1,4,733000,710500,-22500,84,1800,2,2,1956,4400,0.0235,16697,14192,0,265.5,462.6
3768,1,20250506,20250303,1,1,1,3,3,5,4,864000,837500,-26500,64,2180,3,2.5,1971,6550,0.029500000000000002,24706,21000,14000,236.1,472.6
3769,1,20250306,20250106,1,1,2,1,1,4,3,498500,493000,-5500,59,1710,3,2.5,1958,7600,0.026000000000000002,12818,10895,0,260.6,452
3770,1,20250520,20250314,1,1,1,4,1,3,3,487000,483000,-4000,67,1500,3,2.5,2009,7350,0.029500000000000002,14249,12112,0,245.7,453.5
3771,1,20251013,20250817,2,1,2,2,1,2,4,868500,837500,-31000,57,2320,2,2,2005,7900,0.025,20938,17797,14750,244.3,412.2
3772,1,20250219,20241231,1,1,2,9,3,2,3,557500,564000,6500,50,1850,3,2.5,2018,5600,0.025500000000000002,14382,12225,0,252.7,448.1
3773,1,20250810,20250619,1,1,1,3,1,1,3,596500,599500,3000,52,2120,3,2.5,1979,7950,0.024,14388,12230,0,239.8,478.6
3774,1,20250827,20250710,1,1,1,3,2,3,3,482000,479500,-2500,48,1430,2,2,1972,5400,0.023,11029,9375,4500,252,443.5
3775,1,20251215,20251016,1,1,2,6,3,2,3,632500,630000,-2500,60,1680,3,2.5,1957,7500,0.0235,14805,12584,0,256.9,459.8
3776,1,20250526,20250411,1,1,2,6,1,2,4,657000,660500,3500,45,2130,3,2.5,2011,9850,0.028,18494,15720,0,224.7,476.7
3777,1,20250810,20250609,1,1,2,5,1,3,3,654000,634000,-20000,62,1990,3,2.5,1970,5600,0.026000000000000002,16484,14011,0,249.1,449.1
3778,1,20250812,20250531,1,1,2,5,6,1,4,672500,663000,-9500,73,2090,2,2,2004,5350,0.0245,16244,13807,0,245.7,442
3779,1,20250221,20250107,1,1,1,1,1,2,3,457500,455000,-2500,45,1650,3,2.5,1996,7100,0.0285,12968,11023,0,233.7,482.9
3780,1,20250528,20250313,1,1,2,2,4,2,4,908500,868000,-40500,76,2170,3,2.5,2003,8450,0.0275,23870,20290,0,237.6,465.8
3781,1,20251231,20251030,4,4,1,4,1,3,5,1252000,1238500,-13500,62,2570,4,3.5,2014,10400,0.029,35917,30529,0,440.2,421.6
3782,1,20250429,20250301,1,1,2,2,1,4,4,663500,655500,-8000,59,2000,2,2,2005,7900,0.03,19665,16715,0,238.3,481.9
3783,1,20251112,20250803,1,1,1,1,1,4,4,713500,699500,-14000,101,2050,3,2.5,1959,6100,0.023,16089,13676,0,237.1,469.2
3784,1,20250508,20250311,1,1,2,4,1,5,3,601000,606000,5000,58,1880,2,2,1963,5150,0.03,18180,15453,0,236.3,456.5
3785,1,20250614,20250426,1,1,1,2,3,3,3,560500,554000,-6500,49,1690,3,2.5,1972,8200,0.0235,13019,11066,0,246.7,462.8
3786,1,20250830,20250710,1,1,2,2,1,1,3,543500,523500,-20000,51,1490,2,2,1968,6650,0.0245,12826,10902,0,233,462.1
3787,1,20250514,20250311,1,1,1,2,3,2,3,548500,544000,-4500,64,1640,2,2,2017,4600,0.0285,15504,13178,0,257.5,454.1
3788,1,20251019,20250821,1,1,3,2,1,2,4,886000,884500,-1500,59,2130,3,2.5,2011,9900,0.0485,42898,36463,12500,251.7,449.2
3789,1,20250922,20250621,1,1,1,7,1,5,4,780500,780000,-500,93,2170,4,3.5,2023,7850,0.029500000000000002,23010,19559,10250,252.2,465.4
3790,1,20250110,20241118,2,1,1,2,1,1,4,740500,719000,-21500,53,1640,2,2,2009,7850,0.0225,16178,13751,7750,251.1,417.1
3791,1,20250430,20250307,2,1,1,3,1,2,4,875500,845500,-30000,54,2550,4,3.5,2012,8550,0.027,22829,19405,0,231.5,405.9
3792,1,20250712,20250511,4,4,1,9,1,2,5,1245500,1245000,-500,62,3120,5,4,2018,7550,0.0225,28013,23811,0,441.9,427.2
3793,1,20250929,20250725,1,1,1,2,1,2,3,641000,647500,6500,66,1800,3,2.5,2007,4550,0.0265,17159,14585,0,240.3,456.7
3794,1,20250620,20250507,1,1,1,2,1,1,4,817500,800000,-17500,44,1910,3,2.5,1958,5250,0.0265,21200,18020,6000,236.6,477.2
3795,1,20250630,20250410,1,1,2,1,1,2,4,744000,715000,-29000,81,1930,3,2.5,2021,5750,0.027,19305,16409,0,230.6,464.3
3796,1,20251025,20250906,5,1,3,2,3,1,2,419000,418500,-500,49,1640,3,2.5,1994,7550,0.049,20507,17431,0,511.6,456.6
3797,1,20250419,20250217,1,1,1,5,3,5,4,721500,721500,0,61,2080,4,3.5,1962,9000,0.022,15873,13492,0,249.5,473.3
3798,1,20250731,20250609,1,1,1,1,1,2,4,815500,789500,-26000,52,2000,3,2.5,2024,8200,0.0265,20922,17784,0,253.4,464.3
3799,1,20250224,20241220,1,1,1,4,1,2,3,585000,584500,-500,66,1860,4,3.5,1998,5950,0.028,16366,13911,0,250.2,496.3
3800,1,20250214,20241203,1,1,1,1,1,2,4,656500,660500,4000,73,1790,2,2,1982,4350,0.0245,16182,13755,11750,276.5,485
3801,1,20251104,20250908,1,1,1,2,2,6,4,716000,719000,3000,57,2190,5,4,2017,7050,0.0235,16897,14362,0,250.7,476.8
3802,1,20250412,20250124,1,1,1,2,1,2,3,637000,632500,-4500,78,2010,4,3.5,1998,5250,0.0265,16761,14247,0,258.8,476.1
3803,1,20250824,20250608,4,4,2,1,4,5,5,987500,963000,-24500,77,2660,4,3.5,2025,7450,0.025,24075,20464,0,431.9,420.8
3804,1,20250211,20241203,1,1,3,3,1,1,3,591500,575500,-16000,70,1740,3,2.5,1983,5300,0.05,28775,24459,0,255.8,447.1
3805,1,20251009,20250730,1,1,1,4,5,5,4,769000,789500,20500,71,2100,4,3.5,2007,10100,0.0235,18553,15770,0,273.2,458.4
3806,1,20250325,20250121,1,1,3,1,4,2,4,695000,669500,-25500,63,1870,4,3.5,1991,7550,0.043000000000000003,28789,24471,0,238.9,432.5
3807,1,20250306,20250118,1,1,1,7,3,2,3,637500,636500,-1000,47,1690,2,2,2020,7250,0.024,15276,12985,9000,251.3,461.9
3808,1,20250619,20250424,1,1,2,2,1,1,4,767500,743500,-24000,56,1880,3,2.5,1957,6800,0.029,21562,18328,0,247.2,453.6
3809,1,20250904,20250722,1,1,1,3,5,1,3,524500,538500,14000,44,1750,3,2.5,1977,6450,0.025,13463,11444,0,270.6,444.4
3810,1,20250212,20241212,2,1,2,3,1,5,4,882000,834000,-48000,62,1990,3,2.5,2001,5200,0.0285,23769,20204,0,234.3,408
3811,1,20250703,20250518,1,1,1,2,1,6,5,908500,906500,-2000,46,2240,4,3.5,2020,10650,0.0265,24022,20419,0,266.2,458
3812,1,20250606,20250418,1,1,1,8,3,5,3,627000,621000,-6000,49,1640,3,2.5,2020,4000,0.028,17388,14780,9750,251.3,487.2
3813,1,20250710,20250421,1,1,2,2,3,3,4,902000,854500,-47500,80,2180,3,2.5,1986,10350,0.029500000000000002,25208,21427,4000,267.6,448.9
3814,1,20250801,20250607,1,1,1,4,4,3,4,764000,764500,500,55,2230,4,3.5,1971,10350,0.025,19113,16246,0,235,489.8
3815,1,20250315,20250128,5,1,1,6,4,2,3,614000,613500,-500,46,1800,3,2.5,1986,5650,0.0275,16871,14340,7000,528.4,420.4
3816,1,20250322,20250201,1,1,1,3,1,1,3,513000,520500,7500,49,1670,3,2.5,1967,4800,0.025500000000000002,13273,11282,0,227,442.2
3817,1,20251106,20250912,1,1,1,1,4,4,2,375500,362500,-13000,55,1320,2,2,1969,5350,0.0235,8519,7241,1750,250.6,491.8
3818,1,20250330,20250204,1,1,1,6,4,1,4,674500,678000,3500,54,1880,3,2.5,2009,4950,0.024,16272,13831,10500,267.5,458.1
3819,1,20250402,20250214,1,1,1,7,5,2,3,571500,551500,-20000,47,1690,2,2,1973,6000,0.026000000000000002,14339,12188,0,242.2,455.7
3820,1,20250306,20250110,1,1,2,2,1,2,3,633000,638000,5000,55,1980,3,2.5,1975,8350,0.029500000000000002,18821,15998,8500,283.3,483
3821,1,20250907,20250722,1,1,1,1,1,2,4,699500,692500,-7000,47,1770,3,2.5,1967,6050,0.026000000000000002,18005,15304,0,229.3,468.8
3822,1,20250323,20250109,1,1,1,6,3,1,4,709500,683500,-26000,73,1690,3,2.5,1962,6050,0.025500000000000002,17429,14815,0,253.2,473.5
3823,1,20250217,20241210,1,1,1,8,4,4,4,755000,724000,-31000,69,2240,4,3.5,1985,6050,0.027,19548,16616,0,265.2,464.9
3824,1,20250804,20250427,1,1,3,2,1,2,5,962500,902000,-60500,99,2080,4,3.5,2001,7650,0.0455,41041,34885,0,245.2,461.6
3825,1,20250815,20250625,1,1,1,9,1,5,4,776000,745000,-31000,51,1980,3,2.5,2023,9650,0.023,17135,14565,9750,254.8,471.2
3826,1,20250325,20241228,1,1,1,3,4,2,3,544500,538500,-6000,87,1570,2,2,2015,5750,0.0265,14270,12130,2500,232.8,487.4
3827,1,20250903,20250705,1,1,1,2,1,2,4,782500,767000,-15500,60,1830,2,2,1981,4650,0.029500000000000002,22627,19233,0,227.2,452.6
3828,1,20250329,20250120,1,1,1,2,3,5,4,829000,826500,-2500,68,2130,3,2.5,1964,6900,0.023,19010,16159,13500,239.4,470.5
3829,1,20250311,20241231,1,1,1,1,3,5,3,486000,471000,-15000,70,1450,3,2.5,1959,6650,0.0285,13424,11410,0,251.8,450.4
3830,1,20250412,20250209,1,1,1,2,1,5,4,850500,810500,-40000,62,2140,4,3.5,1991,6150,0.027,21884,18601,0,244.7,485.7
3831,1,20250802,20250526,2,1,1,1,1,5,5,1047000,1013000,-34000,68,2350,4,3.5,2007,10300,0.0235,23806,20235,0,236.5,423.7
3832,1,20250927,20250711,1,1,1,1,6,1,4,718500,729500,11000,78,1900,4,3.5,2007,6950,0.023,16779,14262,0,245.7,467.3
3833,1,20250317,20250127,1,1,1,1,1,1,3,586000,576000,-10000,49,1720,4,3.5,2000,4550,0.028,16128,13709,8500,247.4,480.1
3834,1,20250721,20250526,2,1,3,3,1,5,4,867500,874000,6500,56,2510,6,5,2005,7350,0.0465,40641,34545,0,240.7,409.7
3835,1,20260919,20260723,3,1,1,1,3,4,3,469500,457000,-12500,58,1510,3,2.5,1968,4550,0.026000000000000002,11882,10100,0,462.8,387.5
3836,1,20261208,20261001,1,1,1,6,1,3,3,540000,517500,-22500,68,1480,2,2,1993,3900,0.026000000000000002,13455,11437,8750,244.6,461.5
3837,1,20261028,20260826,1,1,1,5,1,1,4,653000,651000,-2000,63,1550,2,2,1992,4850,0.0225,14648,12451,6250,246.7,452.4
3838,1,20260618,20260425,1,1,1,2,1,1,4,853000,838500,-14500,54,2010,3,2.5,1965,6050,0.028,23478,19956,0,225.9,458.3
3839,1,20260518,20260324,1,1,1,4,1,1,2,311000,308500,-2500,55,1220,2,2,2016,4100,0.024,7404,6293,0,268.7,462.7
3840,1,20260209,20251211,1,1,2,1,3,3,4,692500,682500,-10000,60,1840,3,2.5,2000,6700,0.026000000000000002,17745,15083,0,269.7,477.8
3841,1,20260815,20260611,5,1,1,3,5,4,4,688500,679500,-9000,65,1930,3,2.5,1989,5850,0.0245,16648,14151,8500,520.4,439.2
3842,1,20260508,20260319,4,4,2,2,1,5,5,1303000,1232000,-71000,50,3140,5,4,2024,15600,0.0285,35112,29845,0,439.1,421.2
3843,1,20260529,20260414,1,1,2,2,1,5,2,329000,315500,-13500,45,1100,2,2,1988,2650,0.026000000000000002,8203,6973,0,240.4,439.4
3844,1,20261104,20260901,1,1,1,2,5,2,4,684500,665000,-19500,64,1810,3,2.5,1974,8600,0.0235,15628,13284,9000,264.1,461.4
3845,1,20260323,20260130,2,1,1,4,1,5,5,1064500,1050000,-14500,52,2480,4,3.5,2010,7400,0.029500000000000002,30975,26329,4250,219.7,397.5
3846,1,20260906,20260716,1,1,1,2,1,3,3,592000,603500,11500,52,1990,2,2,1973,9600,0.024,14484,12311,8500,244,450
3847,1,20261117,20260916,1,1,1,1,2,1,3,551000,560500,9500,62,1700,3,2.5,1957,7950,0.025500000000000002,14293,12149,0,242.3,462.6
3848,1,20260720,20260601,1,1,1,2,4,1,3,615500,606500,-9000,49,1530,3,2.5,1962,3850,0.023,13950,11858,9250,258.8,499.1
3849,1,20260716,20260524,4,4,2,1,1,4,5,956500,936000,-20500,53,2740,4,3.5,2021,7950,0.0235,21996,18697,0,436.7,416.5
3850,1,20260309,20251215,1,1,1,5,1,5,3,628000,613000,-15000,84,1710,3,2.5,1987,4450,0.0275,16858,14329,0,242.1,474.1
3851,1,20260518,20260311,1,1,2,2,4,5,4,702500,702500,0,68,2100,3,2.5,1958,8000,0.027,18968,16123,0,254.1,443.6
3852,1,20261001,20260810,2,1,1,2,1,2,4,876500,876000,-500,52,2220,4,3.5,2001,9350,0.0275,24090,20477,0,230.4,425
3853,1,20261115,20260918,5,1,2,5,4,5,4,697500,668000,-29500,58,2070,3,2.5,1971,6700,0.025500000000000002,17034,14479,0,552.1,445.3
3854,1,20261128,20260928,1,1,1,2,1,1,3,525000,518000,-7000,61,1390,2,2,1989,3900,0.0265,13727,11668,0,240.6,457.9
3855,1,20260524,20260331,1,1,1,3,1,5,5,1146500,1142000,-4500,54,2410,4,3.5,2021,7600,0.026000000000000002,29692,25238,8000,259.7,457.7
3856,1,20260120,20251030,1,1,1,5,3,1,3,536500,540000,3500,82,1520,2,2,2018,5750,0.0225,12150,10328,0,241.7,470.6
3857,1,20261127,20261003,2,1,1,1,1,5,4,858500,831500,-27000,55,2380,4,3.5,2024,5750,0.0235,19540,16609,14500,232.2,426.2
3858,1,20260520,20260302,1,1,1,1,1,1,5,993500,988500,-5000,79,2410,4,3.5,1985,6550,0.0225,22241,18905,16500,254.2,468.9
3859,1,20260920,20260703,1,1,1,1,2,5,4,825000,773000,-52000,79,2010,3,2.5,2024,9950,0.0245,18939,16098,12000,229.5,472.3
3860,1,20260725,20260526,2,1,1,2,1,2,5,904500,915000,10500,60,2510,5,4,2004,7050,0.027,24705,20999,4750,244.7,416.8
3861,1,20260705,20260430,1,1,1,2,1,5,4,705500,716000,10500,66,1940,3,2.5,1993,8400,0.024,17184,14606,0,271.2,468.6
3862,1,20260116,20251202,1,1,1,3,1,4,4,819000,813000,-6000,45,2060,3,2.5,1992,8250,0.022,17886,15203,0,226.5,494
3863,1,20260908,20260618,1,1,1,2,1,2,3,501500,509000,7500,82,1420,2,2,1966,4600,0.023,11707,9951,2000,235.8,472.6
3864,1,20260523,20260408,5,1,1,5,4,2,3,588500,588500,0,45,1910,3,2.5,1970,7150,0.029500000000000002,17361,14757,0,512.3,423.1
3865,1,20260706,20260513,1,1,1,5,5,1,5,932500,928000,-4500,54,2140,4,3.5,2017,8750,0.025,23200,19720,0,251.5,488.4
3866,1,20260504,20260308,1,1,1,2,3,2,4,654000,659000,5000,57,1870,3,2.5,1955,5550,0.023,15157,12883,0,241.7,446.4
3867,1,20260504,20260320,1,1,2,2,1,5,4,746000,721000,-25000,45,1930,4,3.5,1995,6050,0.023,16583,14096,6500,251.9,464.2
3868,1,20260518,20260304,1,1,2,3,1,1,3,602000,611500,9500,75,1770,2,2,2011,7300,0.028,17122,14554,0,225.4,479
3869,1,20260302,20260103,1,1,2,1,2,2,4,869500,865500,-4000,58,2090,4,3.5,1968,8300,0.025500000000000002,22070,18760,0,265.7,493.7
3870,1,20260926,20260803,2,1,2,4,1,2,4,861500,869000,7500,54,2490,4,3.5,2015,8050,0.029500000000000002,25636,21791,0,237,416.9
3871,1,20260608,20260330,1,1,1,7,2,2,3,622500,620000,-2500,70,1780,4,3.5,2021,8400,0.027,16740,14229,9000,242.9,436.1
3872,1,20260805,20260608,1,1,1,2,1,2,4,698000,690000,-8000,58,1860,3,2.5,1973,6800,0.029,20010,17009,6000,224.4,488.1
3873,1,20260202,20251219,2,1,1,3,1,2,5,1042500,1081000,38500,45,2630,4,3.5,2014,9250,0.03,32430,27566,13250,244.6,405.4
3874,1,20260404,20260211,1,1,2,6,1,1,3,473500,474000,500,52,1460,2,2,2023,6850,0.024,11376,9670,6250,238.4,455.5
3875,1,20260805,20260614,1,1,2,1,3,2,3,669000,647500,-21500,52,1540,2,2,2011,4250,0.029500000000000002,19101,16236,0,234,463.3
3876,1,20260615,20260424,1,1,1,1,2,3,4,768500,746000,-22500,52,1980,3,2.5,1993,8150,0.0265,19769,16804,0,247.2,487
3877,1,20260219,20251113,1,1,2,5,1,3,3,611500,603000,-8500,98,1790,2,2,1960,6050,0.027,16281,13839,0,255.7,492
3878,1,20260417,20260122,1,1,1,9,1,4,4,677000,667500,-9500,85,2020,3,2.5,2009,10100,0.028,18690,15887,11750,236.8,472.6
3879,1,20261028,20260909,1,1,1,2,1,1,4,824000,801500,-22500,49,1990,3,2.5,1984,7800,0.029500000000000002,23644,20097,0,250.5,484.9
3880,1,20260810,20260609,3,1,1,4,3,1,4,673000,670500,-2500,62,1840,3,2.5,1963,5650,0.029,19445,16528,0,488.1,398.4
3881,1,20261207,20261018,1,1,2,1,3,4,3,460500,460500,0,50,1320,2,2,1987,3350,0.0275,12664,10764,0,277.2,472.4
3882,1,20261005,20260728,1,1,1,5,1,2,4,693000,691000,-2000,69,1580,4,3.5,2023,5450,0.027,18657,15858,0,284.6,434.7
3883,1,20260123,20251203,1,1,1,2,1,1,4,800500,787000,-13500,51,2350,4,3.5,2012,11550,0.0225,17708,15052,8000,231.3,509.2
3884,1,20260312,20260116,1,1,1,1,2,4,4,705500,676500,-29000,55,1860,2,2,1969,7750,0.023,15560,13226,0,237.8,480.8
3885,1,20260530,20260328,1,1,1,2,1,1,4,923500,886000,-37500,63,2030,2,2,1997,9650,0.0225,19935,16945,0,237,447.3
3886,1,20261014,20260825,1,1,2,4,4,4,3,533000,531000,-2000,50,1340,2,2,1994,3300,0.029500000000000002,15665,13315,0,238.1,495.7
3887,1,20261002,20260813,1,1,2,2,1,2,5,926000,931000,5000,50,2130,4,3.5,1995,10350,0.024,22344,18992,15500,231.6,468.9
3888,1,20260425,20260309,1,1,1,5,2,2,4,771500,780000,8500,47,1780,2,2,1986,5500,0.029,22620,19227,13500,262.2,473.9
3889,1,20260509,20260316,1,1,2,5,4,1,4,719000,709000,-10000,54,1680,3,2.5,1984,4550,0.029,20561,17477,0,246.6,473.1
3890,1,20260801,20260609,1,1,1,6,1,2,3,646000,636000,-10000,53,1620,2,2,1972,4900,0.0265,16854,14326,0,276.6,428.6
3891,1,20260114,20251106,1,1,3,2,4,2,4,921500,897500,-24000,69,2140,4,3.5,1968,8550,0.051000000000000004,45773,38907,0,233.9,487.5
3892,1,20260403,20260212,1,1,2,4,1,2,4,788000,790000,2000,50,2170,4,3.5,2023,7150,0.0275,21725,18466,7500,248.8,452.5
3893,1,20260909,20260618,1,1,1,1,1,5,4,830500,845000,14500,83,2170,3,2.5,1960,8350,0.0235,19858,16879,0,247.5,464
3894,1,20260105,20251016,1,1,2,2,1,1,4,690500,706000,15500,81,1910,3,2.5,1961,5250,0.0275,19415,16503,7000,265.2,474.1
3895,1,20260312,20251218,1,1,2,4,4,5,4,743000,712000,-31000,84,2110,4,3.5,2004,5800,0.029500000000000002,21004,17853,0,258.2,432.3
3896,1,20260429,20260308,1,1,2,4,1,1,3,470000,473000,3000,52,1440,2,2,2014,4000,0.0285,13481,11459,0,233.5,456.4
3897,1,20260117,20251018,1,1,1,2,3,1,3,572000,570500,-1500,91,1560,3,2.5,2005,7000,0.027,15404,13093,0,264.2,451
3898,1,20260816,20260618,1,1,1,3,2,5,3,553500,558500,5000,59,1640,3,2.5,2021,6300,0.0285,15917,13529,2750,263.1,444
3899,1,20260417,20260211,4,4,2,2,5,2,5,1263000,1269000,6000,65,3060,4,3.5,2025,9600,0.025,31725,26966,5750,433.6,425.2
3900,1,20260919,20260725,1,1,3,2,3,1,3,558000,562000,4000,56,1790,3,2.5,2013,8200,0.0495,27819,23646,0,256.8,471.4
3901,1,20261207,20261016,1,1,1,3,3,1,3,608000,587000,-21000,52,1850,3,2.5,1983,8350,0.0285,16730,14221,5750,222.6,452.4
3902,1,20260704,20260506,1,1,1,1,3,2,3,557000,565000,8000,59,1870,3,2.5,1996,8350,0.028,15820,13447,0,262.3,467
3903,1,20261229,20261024,1,1,2,2,2,4,4,658500,664000,5500,66,1560,3,2.5,1982,6050,0.024,15936,13546,5000,228.3,464.2
3904,1,20260723,20260412,4,4,1,3,1,2,5,1077500,1062000,-15500,102,2570,4,3.5,2022,10250,0.027,28674,24373,9000,426.9,422.5
3905,1,20261011,20260715,1,1,1,2,1,2,4,680500,652000,-28500,88,2210,4,3.5,2016,6250,0.0265,17278,14686,6000,231.3,443.6
3906,1,20260306,20251223,1,1,1,1,2,1,4,758000,768500,10500,73,2080,4,3.5,1969,9100,0.0285,21902,18617,0,265.8,478.7
3907,1,20260505,20260318,1,1,2,4,4,5,4,742500,756500,14000,48,2220,3,2.5,1979,7050,0.029,21939,18648,4500,235,464.5
3908,1,20260426,20260225,1,1,1,2,4,5,5,1027500,985000,-42500,60,2030,3,2.5,2024,9000,0.024,23640,20094,0,248.2,444.4
3909,1,20260730,20260606,1,1,2,3,5,2,4,916000,894000,-22000,54,2180,3,2.5,1999,9600,0.0285,25479,21657,0,232.4,463.2
3910,1,20260528,20260305,1,1,2,2,2,5,4,661500,655500,-6000,84,1950,2,2,1990,4850,0.0245,16060,13651,3500,232.9,458.6
3911,1,20260625,20260415,1,1,2,2,1,1,3,500000,498000,-2000,71,1370,2,2,1977,4750,0.0265,13197,11217,7250,262.2,473.9
3912,1,20260329,20260129,1,1,2,3,1,5,4,775000,763500,-11500,59,1890,3,2.5,1993,6200,0.025,19088,16225,0,246.4,449
3913,1,20260725,20260521,1,1,1,1,1,1,3,636500,611500,-25000,65,1570,2,2,1994,5450,0.0285,17428,14814,5250,248.4,469.8
3914,1,20261211,20261022,1,1,3,2,3,5,4,702000,703000,1000,50,2000,3,2.5,2012,6350,0.0455,31987,27189,0,262.6,482
3915,1,20260303,20260104,1,1,2,2,3,5,4,684500,696000,11500,58,1910,4,3.5,1996,8200,0.0285,19836,16861,8250,258.5,495.6
3916,1,20260810,20260620,4,4,1,4,1,3,4,816500,801500,-15000,51,2070,3,2.5,2017,8700,0.025500000000000002,20438,17372,0,434.6,418.1
3917,1,20260624,20260505,1,1,2,4,1,5,3,623500,617000,-6500,50,1570,3,2.5,1995,7150,0.022,13574,11538,0,230.1,467.7
3918,1,20260617,20260422,1,1,1,1,1,1,4,663500,679500,16000,56,2020,3,2.5,2021,5450,0.024,16308,13862,0,231.1,456.2
3919,1,20260530,20260409,1,1,2,3,3,1,4,720500,712500,-8000,51,1840,4,3.5,2000,5500,0.0245,17456,14838,9250,228,446.9
3920,1,20260926,20260813,1,1,1,3,1,4,3,587000,589000,2000,44,1620,2,2,1987,4650,0.024,14136,12016,0,290.5,446.6
3921,1,20260808,20260622,1,1,1,2,3,1,3,559000,555000,-4000,47,1370,2,2,1963,6150,0.0245,13598,11558,6750,232.6,444.8
3922,1,20260108,20251118,1,1,1,1,1,3,3,578000,564500,-13500,51,1590,3,2.5,2005,4200,0.024,13548,11516,7500,247.3,477.8
3923,1,20260530,20260408,1,1,1,1,1,2,3,556500,559500,3000,52,1470,2,2,1976,6050,0.0285,15946,13554,0,254.3,470.1
3924,1,20260406,20260125,1,1,2,6,3,2,3,679500,648500,-31000,71,1710,3,2.5,1959,5550,0.0235,15240,12954,0,248.7,461.7
3925,1,20260504,20260217,1,1,2,4,1,5,3,543000,548000,5000,76,1850,3,2.5,1970,6350,0.029500000000000002,16166,13741,7000,244.9,448.9
3926,1,20260610,20260411,1,1,1,2,1,3,4,682500,685000,2500,60,1750,3,2.5,2011,7950,0.029,19865,16885,7000,250,454.9
3927,1,20260824,20260617,5,1,1,4,5,5,3,511500,513500,2000,68,1600,2,2,1987,4150,0.029,14892,12658,6750,528.7,440.2
3928,1,20260303,20251223,1,1,2,8,1,1,4,707000,699500,-7500,70,1520,2,2,1990,3700,0.027,18887,16054,9250,255.5,440.2
3929,1,20260402,20260212,1,1,1,9,1,1,3,606500,611500,5000,49,1470,2,2,2000,3600,0.022,13453,11435,5750,232.6,474.7
3930,1,20260114,20251120,1,1,3,7,2,4,3,625500,605000,-20500,55,1800,3,2.5,2017,5500,0.043500000000000004,26318,22370,7750,251,472.2
3931,1,20260529,20260313,1,1,1,1,3,5,4,845500,833500,-12000,77,2200,4,3.5,1959,6950,0.0275,22921,19483,12250,260.2,460
3932,1,20260608,20260402,3,1,2,3,4,1,3,579500,573000,-6500,67,1610,3,2.5,1979,8000,0.028,16044,13637,10000,479.9,413.2
3933,1,20260208,20251224,1,1,2,1,1,5,4,725500,712500,-13000,46,1960,3,2.5,1987,9250,0.029500000000000002,21019,17866,0,256,486.3
3934,1,20261111,20260904,1,1,1,3,3,4,2,424000,416000,-8000,68,1580,3,2.5,2020,7550,0.0235,9776,8310,0,254.1,493.1
3935,1,20260527,20260315,3,1,1,3,3,2,4,697500,681500,-16000,73,2010,3,2.5,2022,6150,0.029500000000000002,20104,17088,7750,471.4,392.7
3936,1,20260518,20260401,1,1,1,2,1,4,3,489500,488000,-1500,47,1270,2,2,1985,5250,0.023,11224,9540,3000,227.6,457.2
3937,1,20260212,20251214,1,1,1,3,1,2,4,871000,844500,-26500,60,2100,4,3.5,1966,5750,0.026000000000000002,21957,18663,0,250.5,474.5
3938,1,20261030,20260802,1,1,2,6,4,1,3,592000,587000,-5000,89,1840,3,2.5,1986,8050,0.025500000000000002,14969,12724,0,248.7,480.2
3939,1,20260209,20251220,1,1,1,8,4,5,3,600500,575500,-25000,51,1610,3,2.5,1973,7850,0.026000000000000002,14963,12719,6750,232.2,460.9
3940,1,20260919,20260725,2,1,1,6,1,2,5,1043500,997500,-46000,56,2460,4,3.5,2014,9300,0.028,27930,23741,7250,236.5,411
3941,1,20260829,20260629,2,1,1,5,1,2,4,766000,734000,-32000,61,1890,3,2.5,2016,9200,0.0265,19451,16533,0,234.3,403.7
3942,1,20260716,20260530,1,1,2,7,1,1,3,630000,620500,-9500,47,1790,3,2.5,2020,7950,0.0285,17684,15031,0,253,486.1
3943,2,19950527,19950405,7,1,1,2,1,6,1,175500,170500,-5000,52,2050,4,3.5,1971,6200,0.0265,4518,3163,1500,456.6,288.1
3944,2,19951118,19950829,7,1,1,6,1,4,1,144000,137000,-7000,81,1640,2,2,1983,6450,0.0275,3768,2638,0,488,273.1
3945,2,19950612,19950405,5,1,2,1,1,6,2,283000,276500,-6500,68,2680,4,3.5,1983,10950,0.0245,6774,4742,0,527.7,436.6
3946,2,19950411,19950202,7,1,2,7,4,4,1,145000,145000,0,68,1460,2,2,1971,6350,0.029,4205,2944,0,457.7,258.7
3947,2,19950621,19950502,5,1,2,2,1,3,1,177500,176500,-1000,50,1710,2,2,1961,7700,0.025,4413,3089,0,562,422.2
3948,2,19950421,19950226,7,1,2,2,1,3,1,165000,165000,0,54,1790,2,2,1962,4600,0.0265,4373,3061,0,461.3,249.9
3949,2,19950611,19950405,7,1,1,5,1,5,1,135000,130000,-5000,67,1520,2,2,1986,5650,0.0275,3575,2503,0,453.3,240.8
3950,2,19951126,19950911,7,1,1,1,1,4,1,180000,177500,-2500,76,1730,3,2.5,1985,4350,0.029500000000000002,5236,3665,0,478.6,265.4
3951,2,19950729,19950601,5,1,1,2,1,1,1,248500,240500,-8000,58,1990,4,3.5,1976,7000,0.026000000000000002,6253,4377,2750,512.6,440.5
3952,2,19950306,19941228,7,1,1,1,1,1,1,126000,121000,-5000,68,1360,3,2.5,1960,6550,0.0285,3449,2414,0,503.7,225.8
3953,2,19950416,19950214,5,1,3,3,1,1,2,284500,283500,-1000,61,2150,4,3.5,1960,7500,0.0455,12899,9029,0,518.8,441.3
3954,2,19950111,19941102,7,1,1,3,1,1,1,166500,168000,1500,70,1840,3,2.5,1959,7850,0.029500000000000002,4956,3469,0,473.6,246.5
3955,2,19950302,19950108,7,1,1,2,1,4,1,84500,85000,500,53,820,2,2,1986,2400,0.0265,2253,1577,0,498.5,249
3956,2,19950706,19950512,7,1,2,3,1,4,1,138500,134000,-4500,55,1580,3,2.5,1977,6300,0.025500000000000002,3417,2392,0,517.9,245.4
3957,2,19950104,19941116,7,1,2,1,1,5,1,152500,154500,2000,49,1440,3,2.5,1989,6550,0.025,3863,2704,0,479,247.8
3958,2,19951115,19950916,7,1,2,2,1,1,1,160500,160000,-500,60,1850,3,2.5,1984,5300,0.024,3840,2688,0,498.7,222
3959,2,19950104,19941112,7,1,3,1,1,4,1,206000,200000,-6000,53,2020,4,3.5,1989,9100,0.045,9000,6300,0,476.5,265.8
3960,2,19950318,19950113,7,1,2,4,2,4,1,165500,157000,-8500,64,1590,3,2.5,1981,6150,0.026000000000000002,4082,2857,0,507.7,225.1
3961,2,19950725,19950603,5,1,1,3,5,1,1,194000,195000,1000,52,1720,4,3.5,1976,6800,0.025,4875,3413,0,519.3,435.6
3962,2,19950119,19941121,7,1,2,4,1,1,1,185500,176500,-9000,59,1840,2,2,1968,9000,0.024,4236,2965,0,465.2,253.9
3963,2,19951207,19950924,7,1,2,8,3,2,1,225000,215000,-10000,74,2130,3,2.5,1966,7350,0.029,6235,4365,0,461.4,275.6
3964,2,19950312,19950120,7,1,2,2,1,4,1,122500,121500,-1000,51,1460,3,2.5,1963,3550,0.025,3038,2127,0,494.6,276.6
3965,2,19950706,19950413,7,1,2,2,1,3,1,223500,223500,0,84,2460,4,3.5,1992,6400,0.022,4917,3442,0,436.4,220.5
3966,2,19950412,19950212,7,1,1,4,1,3,1,139500,146500,7000,59,1620,3,2.5,1978,5800,0.022,3223,2256,0,465,238.7
3967,2,19950109,19941016,7,1,1,2,2,4,1,185500,181000,-4500,85,1860,3,2.5,1990,4950,0.0265,4797,3358,0,497.5,221.1
3968,2,19950708,19950503,7,1,2,8,1,1,1,184500,181500,-3000,66,2060,3,2.5,1971,8500,0.027,4901,3431,0,491.6,239.7
3969,2,19950707,19950430,7,1,2,6,1,1,1,86500,85000,-1500,68,770,2,2,1993,2550,0.026000000000000002,2210,1547,1500,444.2,293.9
3970,2,19950328,19950121,5,1,2,6,1,3,1,206000,206000,0,66,1650,3,2.5,1978,4300,0.0265,5459,3821,0,530.8,464.7
3971,2,19950902,19950715,7,1,1,4,1,1,1,200500,198500,-2000,49,1890,2,2,1993,5650,0.0225,4466,3126,1500,471.6,277.2
3972,2,19951006,19950815,5,1,3,3,1,3,1,198500,201000,2500,52,1680,3,2.5,1960,6800,0.0465,9347,6543,0,512.1,464.8
3973,2,19950618,19950426,5,1,2,1,4,4,1,234500,231000,-3500,53,1890,3,2.5,1971,9300,0.0225,5198,3639,0,528.9,435.6
3974,2,19950523,19950403,7,1,2,6,1,2,2,277000,267000,-10000,50,2510,3,2.5,1971,6300,0.022,5874,4112,0,466.6,243.1
3975,2,19951024,19950907,7,1,1,6,1,4,2,262500,255000,-7500,47,2470,4,3.5,1961,8450,0.0225,5738,4017,0,463.9,254.1
3976,2,19951110,19950806,7,1,1,6,4,1,1,106500,104500,-2000,96,1150,2,2,1993,3350,0.028,2926,2048,0,489.3,235.4
3977,2,19950909,19950709,7,1,1,6,3,1,1,153000,146500,-6500,62,1430,2,2,1979,5850,0.0285,4175,2923,0,488.4,225.1
3978,2,19950831,19950617,7,1,1,3,1,1,1,158000,155500,-2500,75,1520,2,2,1985,5700,0.028,4354,3048,0,481.6,278.9
3979,2,19960504,19960303,7,1,2,1,2,1,1,214500,204000,-10500,62,2290,4,3.5,1971,9850,0.024,4896,3427,0,513.5,222.9
3980,2,19960917,19960712,5,1,2,6,5,2,1,187000,182500,-4500,67,1660,2,2,1972,6450,0.0275,5019,3513,0,562,428
3981,2,19960825,19960707,7,1,1,6,2,4,1,210500,212000,1500,49,2140,3,2.5,1975,5850,0.0265,5618,3933,0,472.2,246.7
3982,2,19960419,19960121,7,1,1,2,1,2,1,97500,94000,-3500,89,880,2,2,1982,3450,0.024,2256,1579,0,540.5,285.7
3983,2,19960608,19960318,5,1,2,9,3,5,1,186500,182500,-4000,82,1640,2,2,1994,6550,0.0235,4289,3002,0,500.1,461
3984,2,19960414,19960219,7,1,2,3,2,4,1,102000,99500,-2500,55,1500,3,2.5,1968,5100,0.027,2687,1881,0,485,263.1
3985,2,19960401,19960209,7,1,1,3,1,1,1,134000,134000,0,52,1400,2,2,1965,3900,0.025500000000000002,3417,2392,0,449.6,229.8
3986,2,19960223,19960104,7,1,1,1,2,5,1,178000,171000,-7000,50,1910,4,3.5,1965,9150,0.0245,4190,2933,0,480.5,206.6
3987,2,19960316,19960128,5,1,3,1,1,6,2,266000,258500,-7500,48,1980,2,2,1983,6700,0.043000000000000003,11116,7781,0,539.1,464.6
3988,2,19960204,19951215,7,1,1,9,1,4,1,217500,221500,4000,51,1920,4,3.5,1980,6450,0.025,5538,3877,0,456.1,233.3
3989,2,19960920,19960719,7,1,2,2,2,2,1,128000,124500,-3500,63,1490,3,2.5,1958,6050,0.0235,2926,2048,0,494.6,191.2
3990,2,19961005,19960815,7,1,2,3,1,2,1,187000,184500,-2500,51,1760,3,2.5,1992,4550,0.0275,5074,3552,0,510.4,283
3991,2,19960429,19960303,5,1,2,2,1,2,1,213500,211500,-2000,57,1910,3,2.5,1986,9400,0.0275,5816,4071,3750,554.9,454.9
3992,2,19961013,19960817,7,1,2,4,1,3,1,214500,214000,-500,57,1910,3,2.5,1956,8350,0.023,4922,3445,0,510.8,252.6
3993,2,19960326,19960108,7,1,2,4,2,5,1,110000,105500,-4500,78,990,2,2,1970,2700,0.029500000000000002,3112,2178,0,447.4,234.9
3994,2,19961001,19960702,7,1,2,3,1,1,1,144500,140500,-4000,91,1510,3,2.5,1982,3800,0.029,4075,2853,0,501.9,255.4
3995,2,19961215,19960929,7,1,2,4,1,2,1,145000,143500,-1500,77,1760,3,2.5,1965,6000,0.0245,3516,2461,0,520.4,221.6
3996,2,19960922,19960731,7,1,2,8,4,2,1,228500,224500,-4000,53,1900,3,2.5,1968,4700,0.029,6511,4558,3500,470.1,233.1
3997,2,19960317,19960105,7,1,1,1,4,2,1,161500,151500,-10000,72,1460,2,2,1985,7200,0.029,4394,3076,0,461.4,270.9
3998,2,19961006,19960723,7,1,1,6,1,2,1,242500,233000,-9500,75,2020,3,2.5,1975,6500,0.0225,5243,3670,0,472.3,240.9
3999,2,19960403,19960209,7,1,2,3,1,2,1,178000,183000,5000,54,1850,3,2.5,1982,6650,0.029500000000000002,5399,3779,0,501.7,268.2
4000,2,19960523,19960330,5,1,2,1,1,5,1,220500,217000,-3500,54,1720,3,2.5,1989,5050,0.0265,5751,4026,0,534.3,437.4
4001,2,19960616,19960329,7,1,1,6,4,4,1,182000,178000,-4000,79,1780,3,2.5,1959,4800,0.0285,5073,3551,0,477.7,245.7
4002,2,19960414,19960217,7,1,2,1,1,2,1,179000,172000,-7000,57,1650,2,2,1987,5400,0.024,4128,2890,0,524.4,215
4003,2,19961203,19960909,7,1,1,1,1,3,1,113000,109000,-4000,85,1220,2,2,1967,5950,0.029500000000000002,3216,2251,0,479.9,286.2
4004,2,19960707,19960501,7,1,2,2,3,1,1,103500,100500,-3000,67,1000,2,2,1989,3000,0.0245,2462,1723,0,432.9,285.4
4005,2,19960913,19960722,7,1,1,2,1,1,1,159000,157000,-2000,53,1650,3,2.5,1959,5000,0.025,3925,2748,0,503.6,260.9
4006,2,19960223,19951230,7,1,2,2,1,1,1,158000,156000,-2000,55,1740,3,2.5,1969,7250,0.0275,4290,3003,0,474,256.9
4007,2,19960505,19960217,7,1,1,6,3,5,1,245000,242500,-2500,78,2650,4,3.5,1986,9750,0.0275,6669,4668,0,462.9,258.9
4008,2,19961203,19961009,7,1,2,6,1,6,1,119000,115000,-4000,55,1370,2,2,1978,6150,0.023,2645,1851,0,488.8,303.3
4009,2,19960925,19960719,7,1,1,3,2,1,1,171000,166500,-4500,68,1980,3,2.5,1989,5300,0.0285,4745,3322,0,506.4,279.1
4010,2,19960710,19960506,7,1,1,3,1,4,1,148000,139500,-8500,65,1230,2,2,1963,4350,0.022,3069,2148,0,485.2,247.9
4011,2,19960811,19960613,7,1,1,1,2,1,1,146500,141000,-5500,59,1660,3,2.5,1988,6650,0.024,3384,2369,0,496,229.5
4012,2,19960622,19960426,7,1,1,1,2,4,1,159000,154000,-5000,57,1720,2,2,1984,6250,0.026000000000000002,4004,2803,0,491.3,224.6
4013,2,19960328,19960202,7,1,1,9,1,2,1,155500,152500,-3000,55,1570,2,2,1956,5100,0.0285,4346,3042,0,514.9,289.2
4014,2,19960424,19960222,7,1,1,8,1,1,1,167500,165500,-2000,62,1880,3,2.5,1966,8250,0.025,4138,2897,0,456.4,261.3
4015,2,19960906,19960629,7,1,2,4,3,1,1,136000,133000,-3000,69,1410,2,2,1987,4300,0.024,3192,2234,0,460.1,284
4016,2,19971115,19971011,7,1,2,5,1,1,1,238000,237000,-1000,35,2220,4,3.5,1966,8600,0.0245,5807,4065,3750,466.1,239.7
4017,2,19970128,19961221,5,1,2,7,4,3,1,197000,199500,2500,38,1550,3,2.5,1968,7250,0.029,5786,4050,0,524.6,444.3
4018,2,19970428,19970228,7,1,2,6,1,1,1,163000,165000,2000,59,1650,3,2.5,1990,6550,0.027,4455,3119,0,482.7,267
4019,2,19971003,19970818,5,1,2,1,4,2,1,178000,176500,-1500,46,1580,2,2,1975,5250,0.023,4060,2842,0,505.3,435
4020,2,19970428,19970327,7,1,1,5,4,1,1,164500,164000,-500,32,1890,3,2.5,1967,9050,0.028,4592,3214,0,482.5,220.3
4021,2,19970906,19970723,7,1,1,1,1,4,1,115500,114000,-1500,45,990,2,2,1978,3150,0.025,2850,1995,0,474.3,218.3
4022,2,19970725,19970613,5,1,2,7,1,5,1,208000,209500,1500,42,1560,3,2.5,1958,3950,0.0225,4714,3300,0,535.7,449.1
4023,2,19970512,19970328,7,1,2,8,6,1,1,187500,188000,500,45,1980,4,3.5,1993,5900,0.025500000000000002,4794,3356,0,487.8,228.7
4024,2,19970709,19970531,7,1,2,1,2,4,1,126000,128500,2500,39,1310,2,2,1955,4700,0.026000000000000002,3341,2339,0,467,280.4
4025,2,19970402,19970226,5,1,1,2,3,4,1,227000,231500,4500,35,1890,3,2.5,1973,6350,0.029500000000000002,6829,4780,0,529,407.8
4026,2,19971003,19970815,7,1,2,1,1,2,1,154500,155500,1000,49,1540,3,2.5,1978,7550,0.0235,3654,2558,0,465.2,245.7
4027,2,19970114,19961211,7,1,1,6,1,5,1,124500,123500,-1000,34,1230,2,2,1969,3300,0.03,3705,2594,0,505.6,276.9
4028,2,19970114,19961206,7,1,1,1,4,1,1,239000,242500,3500,39,2150,3,2.5,1993,8350,0.029500000000000002,7154,5008,0,502.1,206.2
4029,2,19970819,19970715,5,1,2,4,3,1,2,260000,258500,-1500,35,2010,2,2,1993,8600,0.029,7497,5248,0,515,430.4
4030,2,19970108,19961126,7,1,1,6,1,4,1,225000,227500,2500,43,1890,3,2.5,1990,4700,0.0245,5574,3902,0,489.2,246
4031,2,19970225,19970119,7,1,2,8,6,2,1,138000,136500,-1500,37,1450,2,2,1981,7000,0.023,3140,2198,0,458.4,246.9
4032,2,19971113,19971010,7,1,2,9,1,2,1,187000,188500,1500,34,1820,3,2.5,1977,8200,0.023,4336,3035,0,486.2,279.3
4033,2,19970525,19970423,7,1,2,1,2,3,1,178500,181500,3000,32,1850,3,2.5,1983,8850,0.023,4175,2923,0,470.8,293.7
4034,2,19971026,19970923,7,1,1,2,1,2,1,166500,163500,-3000,33,1510,3,2.5,1972,5700,0.028,4578,3205,0,536.6,224.5
4035,2,19970831,19970713,7,1,1,2,5,3,1,238000,244000,6000,49,1810,3,2.5,1974,5900,0.03,7320,5124,0,475.9,268.3
4036,2,19971003,19970820,7,1,2,4,4,3,1,196000,200000,4000,44,1890,3,2.5,1972,6500,0.0275,5500,3850,0,447.8,293.3
4037,2,19971005,19970816,7,1,1,6,1,1,1,124500,125500,1000,50,1450,2,2,1969,3850,0.029500000000000002,3702,2591,0,495.1,263.6
4038,2,19970710,19970608,7,1,2,9,1,5,1,135500,139000,3500,32,1380,2,2,1963,6600,0.0235,3267,2287,0,470,250.6
4039,2,19971211,19971102,7,1,3,8,1,4,1,165000,164500,-500,39,1600,3,2.5,1982,6250,0.05,8225,5758,0,487.1,249.9
4040,2,19970507,19970313,7,1,2,2,1,4,2,254000,257500,3500,55,2360,3,2.5,1985,10400,0.0245,6309,4416,2500,459,257.3
4041,2,19970917,19970816,7,1,2,2,1,1,1,192500,189500,-3000,32,1660,3,2.5,1960,8150,0.022,4169,2918,0,515,247.1
4042,2,19970510,19970326,7,1,3,2,4,1,1,143500,142000,-1500,45,1490,2,2,1986,3850,0.045,6390,4473,0,469.6,196.9
4043,2,19971115,19970913,7,1,2,2,3,2,1,158000,157000,-1000,63,1610,2,2,1975,7950,0.0275,4318,3023,0,457.5,237.7
4044,2,19970110,19961206,7,1,2,2,2,1,1,138000,137500,-500,35,1190,2,2,1974,2950,0.028,3850,2695,0,488.4,223.9
4045,2,19970429,19970316,7,1,1,3,4,4,2,280500,281000,500,44,2250,4,3.5,1991,8700,0.025,7025,4918,0,473.1,220.8
4046,2,19970409,19970304,7,1,1,4,1,1,1,128000,132500,4500,36,1660,2,2,1958,4700,0.0235,3114,2180,0,505.2,225.5
4047,2,19970415,19970301,7,1,2,1,1,1,1,178000,178500,500,45,1600,3,2.5,1962,6800,0.0275,4909,3436,0,493.6,252.2
4048,2,19970629,19970515,7,1,2,1,1,1,1,166000,164500,-1500,45,1410,2,2,1965,6500,0.0285,4688,3282,0,440.6,244.3
4049,2,19970109,19961203,5,1,2,2,1,5,2,302000,308000,6000,37,2230,3,2.5,1977,7200,0.0245,7546,5282,4500,517.7,435.4
4050,2,19970403,19970301,7,1,1,1,1,1,1,177000,178500,1500,33,1660,2,2,1992,6800,0.0235,4195,2937,0,480.3,249.9
4051,2,19980424,19980317,7,1,1,1,5,5,2,248000,260000,12000,38,2070,3,2.5,1975,6900,0.0285,7410,5187,0,531.9,249.9
4052,2,19980418,19980314,7,1,2,2,5,2,1,220000,221000,1000,35,1850,3,2.5,1962,6950,0.027,5967,4177,0,470.7,224.8
4053,2,19980824,19980715,7,1,1,3,1,2,1,195500,199000,3500,40,1890,4,3.5,1956,7700,0.027,5373,3761,0,463.3,268.2
4054,2,19980820,19980712,7,1,2,7,1,1,1,240000,247500,7500,39,2220,3,2.5,1990,7550,0.028,6930,4851,0,483.3,272.8
4055,2,19980830,19980720,7,1,1,2,3,4,2,256000,253000,-3000,41,2130,4,3.5,1956,9650,0.0285,7211,5048,0,469.1,242.6
4056,2,19980421,19980318,7,1,2,6,1,1,1,228500,229500,1000,34,2070,3,2.5,1955,5100,0.026000000000000002,5967,4177,3250,479.1,261.8
4057,2,19980527,19980424,7,1,2,5,2,4,1,169000,172500,3500,33,1530,2,2,1971,4400,0.03,5175,3622,0,458.7,263.2
4058,2,19980315,19980208,7,1,2,2,1,1,1,190500,186500,-4000,35,1470,2,2,1987,3650,0.0285,5315,3720,0,489.5,252.9
4059,2,19980109,19971118,7,1,1,3,2,1,2,320500,316500,-4000,52,2870,5,4,1982,12100,0.026000000000000002,8229,5760,0,476,247.2
4060,2,19980827,19980724,7,1,1,3,3,1,1,185500,185000,-500,34,1500,2,2,1996,4250,0.0225,4163,2914,0,492.8,220.8
4061,2,19980518,19980330,7,1,2,3,1,1,1,169000,170500,1500,49,1380,2,2,1967,3500,0.0285,4859,3401,0,502.6,242.4
4062,2,19980408,19980303,7,1,1,2,1,4,1,132500,134000,1500,36,1290,2,2,1982,6150,0.0275,3685,2580,0,497.2,320.5
4063,2,19980808,19980705,7,1,1,7,4,1,1,200000,207500,7500,34,1760,4,3.5,1961,5950,0.026000000000000002,5395,3776,0,488.6,268.3
4064,2,19980406,19980224,7,1,2,2,1,1,2,303000,302500,-500,41,2570,3,2.5,1956,9700,0.0275,8319,5823,0,472.5,251.4
4065,2,19980227,19980106,7,1,2,4,1,2,1,133500,132000,-1500,52,1270,2,2,1994,4700,0.0245,3234,2264,0,454.8,242.9
4066,2,19980611,19980509,7,1,1,5,2,1,1,173500,171000,-2500,33,1660,4,3.5,1992,4800,0.027,4617,3232,0,493.4,227.7
4067,2,19980412,19980304,7,1,1,5,1,1,1,196500,200500,4000,39,1750,3,2.5,1995,4550,0.023,4612,3228,0,489.7,252.9
4068,2,19980807,19980702,7,1,1,6,3,1,1,125000,125000,0,36,1350,2,2,1996,6050,0.029,3625,2538,0,486.7,232.4
4069,2,19981127,19981026,7,1,1,2,5,4,1,206500,208000,1500,32,1660,3,2.5,1963,7700,0.0285,5928,4150,0,467.5,252.3
4070,2,19980731,19980609,7,1,2,9,1,1,2,308000,310500,2500,52,2320,4,3.5,1970,8450,0.025,7763,5434,0,447.3,245.4
4071,2,19981226,19981101,7,1,1,9,3,1,1,195000,195500,500,55,1610,3,2.5,1956,5750,0.0235,4594,3216,0,459.6,265.4
4072,2,19980328,19980222,5,1,1,2,1,1,2,294000,298000,4000,34,1930,3,2.5,1990,6600,0.024,7152,5006,0,519.8,432.1
4073,2,19980622,19980510,5,1,2,4,1,2,1,215000,209500,-5500,43,1610,3,2.5,1957,7400,0.028,5866,4106,0,528.3,434.3
4074,2,19980406,19980227,5,1,1,4,1,1,1,221000,228000,7000,38,1670,4,3.5,1956,4950,0.0235,5358,3751,0,510.7,449.6
4075,2,19980426,19980324,7,1,2,8,4,2,1,239500,239500,0,33,2180,3,2.5,1984,10650,0.0235,5628,3940,0,525.7,286.1
4076,2,19980416,19980303,7,1,2,2,1,4,1,199500,200500,1000,44,1500,2,2,1976,3750,0.0245,4912,3438,0,461.8,231.1
4077,2,19980113,19971122,7,1,1,2,2,3,1,188500,191000,2500,52,1970,2,2,1969,9350,0.025,4775,3343,0,502.4,236.6
4078,2,19980207,19971224,7,1,1,2,1,4,1,221000,221500,500,45,1890,4,3.5,1955,6200,0.027,5981,4187,0,482.7,291.6
4079,2,19980330,19980221,7,1,2,8,1,1,1,211500,209500,-2000,37,2000,3,2.5,1962,8650,0.0235,4923,3446,0,475.2,264.9
4080,2,19980902,19980625,7,1,1,2,2,2,1,122500,124500,2000,69,1350,2,2,1989,5700,0.0235,2926,2048,0,468.2,200.7
4081,2,19981027,19980907,7,1,2,4,1,4,2,248500,252000,3500,50,2350,4,3.5,1991,11200,0.024,6048,4234,0,503.9,228.1
4082,2,19981030,19980928,7,1,1,6,2,4,1,192000,196500,4500,32,1520,3,2.5,1969,4550,0.0225,4421,3095,0,485.6,251.3
4083,2,19980104,19971108,7,1,2,6,1,1,1,221500,209500,-12000,57,1650,2,2,1976,4200,0.0225,4714,3300,0,504.2,228
4084,2,19980405,19980221,7,1,3,6,1,6,1,174000,178500,4500,43,1910,3,2.5,1964,6000,0.0505,9014,6310,3250,458.6,183.7
4085,2,19980811,19980627,5,1,1,3,1,5,1,221000,219000,-2000,45,1690,2,2,1985,5400,0.023,5037,3526,0,509.6,454.1
4086,2,19980527,19980421,7,1,1,8,1,1,2,263500,266500,3000,36,2780,5,4,1981,6950,0.023,6130,4291,0,483.7,208.4
4087,2,19980225,19980101,7,1,1,1,1,5,1,154000,157500,3500,55,1400,2,2,1968,6050,0.025,3938,2757,0,480.1,218.4
4088,2,19980613,19980511,7,1,2,8,1,5,1,189000,195000,6000,33,1810,3,2.5,1990,5250,0.028,5460,3822,0,500.3,265
4089,2,19980125,19971222,7,1,1,3,1,4,1,231000,227000,-4000,34,2010,3,2.5,1976,8750,0.024,5448,3814,0,472,238.6
4090,2,19980524,19980405,7,1,1,4,1,1,1,117500,118000,500,49,1400,2,2,1974,4350,0.0225,2655,1858,0,484.5,222.3
4091,2,19980902,19980625,7,1,2,3,1,3,2,270500,272500,2000,69,2270,3,2.5,1990,8300,0.029,7903,5532,0,487.5,239.3
4092,2,19991107,19990915,7,1,1,7,4,5,2,278000,279000,1000,53,2010,4,3.5,1972,9050,0.029500000000000002,8231,5762,0,522.9,238.7
4093,2,19991101,19990930,7,1,2,6,1,2,2,327500,333500,6000,32,2430,4,3.5,1961,7100,0.0265,8838,6187,0,474.2,253.4
4094,2,19990311,19990126,7,1,2,3,1,4,1,172500,173000,500,44,1310,2,2,1988,3400,0.023,3979,2785,0,491,249.2
4095,2,19990710,19990608,5,1,1,2,3,5,2,370500,389000,18500,32,2040,3,2.5,1971,5800,0.022,8558,5991,0,518.2,449.3
4096,2,19990815,19990703,7,1,1,8,6,4,1,240500,239000,-1500,43,2000,3,2.5,1960,9100,0.0285,6812,4768,0,480,224.3
4097,2,19990819,19990704,7,1,1,7,3,1,1,190000,183000,-7000,46,1900,4,3.5,1979,9200,0.029500000000000002,5399,3779,0,467.5,220.7
4098,2,19990905,19990725,7,1,2,9,6,4,1,173000,180500,7500,42,1760,3,2.5,1994,8750,0.024,4332,3032,0,457.3,227.2
4099,2,19990608,19990422,7,1,2,4,1,4,1,243500,249000,5500,47,2060,3,2.5,1967,8500,0.0275,6848,4794,0,466.6,258.3
4100,2,19991126,19991006,7,1,1,5,1,2,1,214500,215000,500,51,1730,3,2.5,1990,8100,0.0265,5698,3989,0,464.9,273.8
4101,2,19991120,19991019,7,1,2,7,2,3,2,253500,254500,1000,32,1870,3,2.5,1969,8000,0.0275,6999,4899,0,468.4,293
4102,2,19990629,19990527,7,1,1,3,3,2,1,216000,216500,500,33,1580,3,2.5,1963,7700,0.023,4980,3486,0,459.9,236.1
4103,2,19991218,19991030,7,1,2,5,6,4,1,163000,158500,-4500,49,1340,2,2,1992,4150,0.024,3804,2663,1250,448.7,269.7
4104,2,19990824,19990627,7,1,1,5,1,1,2,250000,250500,500,58,1920,4,3.5,1979,5650,0.027,6764,4735,2250,521.8,282.1
4105,2,19990228,19990115,7,1,1,6,1,4,1,212000,218000,6000,44,1550,2,2,1957,7050,0.026000000000000002,5668,3968,0,459.8,239.6
4106,2,19990417,19990317,7,1,2,2,1,2,1,207000,211500,4500,31,1440,2,2,1992,6200,0.024,5076,3553,0,467.7,233.5
4107,2,19990504,19990331,7,1,2,2,1,2,1,174500,175000,500,34,1570,3,2.5,1963,6900,0.03,5250,3675,0,446.5,281.8
4108,2,19990614,19990506,7,1,2,1,1,1,1,212500,212500,0,39,1880,3,2.5,1956,6150,0.029,6163,4314,0,496.2,264.6
4109,2,19991122,19991018,7,1,1,3,1,1,1,177000,175500,-1500,35,1260,2,2,1977,3550,0.025,4388,3072,0,486.2,223.1
4110,2,19990819,19990706,7,1,1,6,1,2,1,239500,233000,-6500,44,2100,3,2.5,1984,7400,0.023,5359,3751,0,461.3,251.1
4111,2,19990205,19981223,7,1,1,8,1,1,2,260000,272500,12500,44,2130,3,2.5,1973,6150,0.025,6813,4769,2750,520.9,225
4112,2,19991230,19991116,7,1,1,2,1,1,2,349000,345500,-3500,44,2570,4,3.5,1991,10400,0.027,9329,6530,0,506.5,224.1
4113,2,19990130,19981217,7,1,2,2,1,2,2,291500,292000,500,44,1990,4,3.5,1956,9550,0.028,8176,5723,0,489.4,245.9
4114,2,19990528,19990425,5,1,1,5,1,3,2,264000,261000,-3000,33,1900,3,2.5,1994,5950,0.03,7830,5481,0,511.7,452
4115,2,19991028,19990912,7,1,1,2,1,1,2,301000,310000,9000,46,2080,3,2.5,1955,7200,0.029500000000000002,9145,6402,0,434.7,234.8
4116,2,19990312,19990125,7,1,2,5,3,1,1,226500,221500,-5000,46,1930,3,2.5,1955,8250,0.024,5316,3721,0,485.9,248.9
4117,2,19990806,19990621,7,1,1,3,4,4,2,264000,258500,-5500,46,1860,3,2.5,1986,8200,0.022,5687,3981,0,451.8,215.4
4118,2,19991008,19990901,7,1,2,1,1,5,1,210500,210000,-500,37,1810,3,2.5,1981,8650,0.029500000000000002,6195,4337,0,467.1,288.6
4119,2,19990928,19990826,7,1,2,3,6,4,1,189000,191000,2000,33,1720,2,2,1982,7500,0.026000000000000002,4966,3476,0,457.6,264.6
4120,2,19990818,19990711,7,1,2,5,3,1,1,158000,157000,-1000,38,1250,2,2,1988,3400,0.022,3454,2418,0,468,225.3
4121,2,19990603,19990426,7,1,2,5,1,2,1,181500,181000,-500,38,1730,2,2,1988,6750,0.024,4344,3041,0,443.8,249.6
4122,2,19990614,19990401,5,1,1,3,2,2,2,318000,326500,8500,74,1930,4,3.5,1995,8100,0.025500000000000002,8326,5828,2500,509,422.7
4123,2,19990525,19990407,7,1,2,6,2,4,2,287000,286500,-500,48,1800,3,2.5,1965,7400,0.0245,7019,4913,0,512.5,228.9
4124,2,19991104,19990917,7,1,2,2,1,1,2,331000,335500,4500,48,2330,3,2.5,1996,7300,0.027,9059,6341,0,488,280.1
4125,2,19990425,19990320,7,1,2,6,1,4,2,265500,268500,3000,36,2040,3,2.5,1991,5900,0.022,5907,4135,0,459.8,288.7
4126,2,20000630,20000529,7,1,3,7,2,5,1,239500,232500,-7000,32,1750,4,3.5,1959,6200,0.0475,11044,7731,0,491.3,245.6
4127,2,20000605,20000419,7,1,1,2,1,1,1,227000,231500,4500,47,1870,2,2,1976,7100,0.0275,6366,4456,0,471.6,237.5
4128,2,20000517,20000331,7,1,2,6,2,1,2,277000,274000,-3000,47,2230,4,3.5,1961,10950,0.0235,6439,4507,0,458.7,270.2
4129,2,20000814,20000708,7,1,2,2,1,2,1,152500,154500,2000,37,1300,2,2,1957,4500,0.024,3708,2596,0,494.3,232.2
4130,2,20000403,20000214,7,1,2,6,1,4,1,146500,147000,500,49,1080,2,2,1969,5000,0.028,4116,2881,0,503.2,232.9
4131,2,20000115,19991215,7,1,1,3,1,2,1,220000,215500,-4500,31,1460,2,2,1955,6300,0.023,4957,3470,0,506.5,286.1
4132,2,20000221,19991231,7,1,2,5,5,5,1,181000,183500,2500,52,1650,3,2.5,1990,6800,0.028,5138,3597,0,478.1,260.9
4133,2,20000907,20000801,7,1,2,3,4,1,1,241500,246500,5000,37,1870,3,2.5,1975,5500,0.027,6656,4659,1750,484.3,227
4134,2,20000408,20000209,5,1,1,1,2,3,2,351000,348500,-2500,59,1980,3,2.5,1984,9500,0.024,8364,5855,0,532.3,437.1
4135,2,20000802,20000616,7,1,2,2,4,1,2,266000,260500,-5500,47,2060,3,2.5,1965,9700,0.0235,6122,4285,0,485.9,238.4
4136,2,20000915,20000731,7,1,1,2,1,1,1,222500,230500,8000,46,1820,4,3.5,1990,7400,0.028,6454,4518,0,492.7,240.7
4137,2,20000503,20000331,7,1,2,2,1,1,1,215500,219000,3500,33,1700,2,2,1967,5450,0.029,6351,4446,0,471.1,210.7
4138,2,20000504,20000311,7,1,2,3,1,1,1,245500,248500,3000,54,2150,4,3.5,1969,8750,0.025500000000000002,6337,4436,0,539.8,261.3
4139,2,20000423,20000317,7,1,3,1,1,4,1,189500,194000,4500,37,1450,3,2.5,1981,6850,0.0445,8633,6043,0,490.5,249.3
4140,2,20000523,20000413,5,1,2,2,5,5,2,307000,295000,-12000,40,1970,4,3.5,1995,8500,0.025500000000000002,7523,5266,3500,529.4,439.1
4141,2,20000525,20000417,7,1,1,1,1,4,2,337000,339500,2500,38,2260,4,3.5,1983,7400,0.024,8148,5704,0,511.6,247.7
4142,2,20000427,20000318,5,1,2,3,3,1,2,294000,290000,-4000,40,1730,3,2.5,1975,6500,0.0245,7105,4974,3000,543.6,437.3
4143,2,20001218,20001112,7,1,1,6,3,1,2,260500,258000,-2500,36,2020,3,2.5,1973,6150,0.024,6192,4334,3750,496.8,232.9
4144,2,20001113,20000914,7,1,1,1,1,2,2,316000,309000,-7000,60,1980,4,3.5,1970,6750,0.0225,6953,4867,0,493.1,264
4145,2,20000728,20000618,7,1,1,5,1,1,1,170500,174500,4000,40,1270,2,2,1973,3200,0.027,4712,3298,0,457.3,237.8
4146,2,20000707,20000530,7,1,1,5,1,1,1,128500,129500,1000,38,1360,2,2,1986,5250,0.029,3756,2629,0,447.1,222.1
4147,2,20000728,20000620,7,1,2,2,3,1,2,269000,268500,-500,38,1610,2,2,1961,7250,0.029,7787,5451,0,484.8,230.4
4148,2,20000528,20000424,7,1,1,2,1,2,2,333000,335000,2000,34,2350,3,2.5,1967,5950,0.0265,8878,6215,0,482.5,240.2
4149,2,20000425,20000215,7,1,1,6,1,1,2,275500,285000,9500,70,1960,3,2.5,1993,7250,0.028,7980,5586,0,498,278.3
4150,2,20000213,20000107,7,1,1,8,1,1,1,207500,205500,-2000,37,1630,2,2,1964,5550,0.0275,5651,3956,0,494.9,264.8
4151,2,20000401,20000210,5,1,2,3,4,2,2,374500,367500,-7000,51,2330,4,3.5,1963,7900,0.028,10290,7203,0,524.3,443.1
4152,2,20000914,20000710,7,1,2,6,6,2,1,155500,151000,-4500,66,1340,2,2,1973,3700,0.028,4228,2960,0,484,203.7
4153,2,20000217,20000114,5,1,2,2,1,2,2,275500,273000,-2500,34,2110,3,2.5,1978,9950,0.029,7917,5542,0,534.8,428.2
4154,2,20000701,20000510,5,1,1,3,1,2,2,325000,320500,-4500,52,2310,4,3.5,1982,6400,0.029,9295,6507,0,513.2,444.1
4155,2,20000915,20000719,7,1,2,6,4,2,2,243000,250500,7500,58,1810,4,3.5,1963,5300,0.0225,5636,3945,0,440.5,261.9
4156,2,20001115,20001011,7,1,2,6,1,5,1,146000,145000,-1000,35,1440,2,2,1984,4300,0.0245,3553,2487,0,464.9,209.5
4157,2,20001016,20000830,5,1,1,1,1,2,2,265000,267000,2000,47,1810,3,2.5,1996,5950,0.0265,7076,4953,2000,557.8,454.1
4158,2,20000308,20000130,7,1,2,2,1,2,2,321000,320500,-500,38,2010,3,2.5,1998,6800,0.0275,8814,6170,0,498.4,299.2
4159,2,20000509,20000318,7,1,2,2,1,2,1,166500,165500,-1000,52,1390,2,2,1970,6800,0.026000000000000002,4303,3012,0,515.8,261
4160,2,20000607,20000506,7,1,2,2,1,2,2,274000,276500,2500,32,2010,3,2.5,1955,5250,0.023,6360,4452,2750,449.4,267.2
4161,2,20000419,20000303,7,1,1,8,1,1,2,394500,393500,-1000,47,2430,4,3.5,1958,11500,0.029500000000000002,11608,8126,0,452.4,250.3
4162,2,20000915,20000727,7,1,1,2,1,3,1,225500,223500,-2000,50,1590,2,2,1988,7650,0.028,6258,4381,0,513.5,261.4
4163,2,20011130,20011023,7,1,2,4,2,3,1,212000,216500,4500,38,1490,4,3.5,1994,5300,0.029,6279,4395,0,466.8,245.4
4164,2,20010327,20010206,7,1,3,1,4,2,2,279500,279000,-500,49,1720,2,2,1957,4950,0.0455,12695,8887,0,456.4,242.6
4165,2,20011018,20010830,5,1,3,1,3,2,2,296000,285000,-11000,49,1850,3,2.5,1989,9000,0.0505,14393,10075,0,523.1,415.2
4166,2,20010214,20001228,7,1,1,6,5,4,2,268500,265500,-3000,48,1760,3,2.5,1993,7000,0.0245,6505,4554,0,502,250.7
4167,2,20011018,20010914,7,1,2,4,2,2,2,261000,272500,11500,34,2020,4,3.5,1956,7700,0.022,5995,4197,0,505.5,273.4
4168,2,20010819,20010702,7,1,2,8,1,1,1,213500,215000,1500,48,1560,2,2,1962,6150,0.0225,4838,3387,0,459.8,242
4169,2,20010521,20010417,7,1,2,1,2,1,2,246000,250000,4000,34,1590,2,2,1978,6800,0.0265,6625,4638,0,416.2,248.7
4170,2,20010128,20001223,7,1,2,3,1,4,1,192000,193500,1500,36,1340,3,2.5,1955,4850,0.0275,5321,3725,0,464.8,291.3
4171,2,20011017,20010912,7,1,1,1,1,5,1,148500,146000,-2500,35,1080,2,2,1960,4350,0.025500000000000002,3723,2606,0,468.7,226.3
4172,2,20010122,20001202,7,1,2,6,3,5,2,261000,257500,-3500,51,1640,3,2.5,1967,6400,0.024,6180,4326,0,487.7,272
4173,2,20011205,20011030,7,1,1,8,2,2,2,318000,316500,-1500,36,1790,4,3.5,1960,7450,0.027,8546,5982,0,524.8,243
4174,2,20011010,20010818,7,1,1,6,1,4,2,316000,319500,3500,53,1940,2,2,1975,5500,0.025,7988,5592,0,464.7,246.9
4175,2,20010926,20010824,7,1,2,5,3,4,2,270000,276500,6500,33,1630,3,2.5,1958,5750,0.022,6083,4258,4750,516.2,222.4
4176,2,20010519,20010414,5,1,2,8,6,2,1,212000,206500,-5500,35,1350,3,2.5,1981,4100,0.025500000000000002,5266,3686,0,519.2,447.1
4177,2,20010804,20010625,7,1,1,2,5,4,1,217000,220000,3000,40,1640,2,2,1955,4800,0.0235,5170,3619,0,449.5,263.7
4178,2,20010105,20001112,7,1,2,3,1,3,1,182500,179000,-3500,54,1200,2,2,1988,3750,0.023,4117,2882,0,494.3,284.8
4179,2,20010205,20001220,5,1,1,1,1,2,2,367000,363000,-4000,47,1680,3,2.5,1955,5400,0.023,8349,5844,0,550.8,425.5
4180,2,20010927,20010819,7,1,1,6,1,1,2,327000,326000,-1000,39,2110,4,3.5,1990,8350,0.029500000000000002,9617,6732,0,447.4,239.5
4181,2,20011209,20011007,7,1,1,3,1,2,1,230000,238000,8000,63,1680,2,2,1964,8150,0.024,5712,3998,0,486.2,266.4
4182,2,20010504,20010324,7,1,3,2,4,2,2,261000,251500,-9500,41,1640,3,2.5,1981,4800,0.0465,11695,8186,0,447.2,279.3
4183,2,20010409,20010301,7,1,2,9,1,1,2,302000,310000,8000,39,2120,4,3.5,1962,7900,0.0225,6975,4883,0,508.4,232
4184,2,20011025,20010908,7,1,1,8,3,2,2,440000,435000,-5000,47,2530,5,4,1983,6550,0.0275,11963,8374,0,476.6,249.4
4185,2,20010929,20010819,7,1,1,4,1,4,1,236500,241500,5000,41,1590,3,2.5,1993,7400,0.023,5555,3888,3500,448.4,247.6
4186,2,20010916,20010803,7,1,2,2,1,3,2,266000,279500,13500,44,1920,4,3.5,1982,7350,0.022,6149,4304,0,476.3,258.8
4187,2,20010824,20010719,5,1,2,6,2,2,2,269000,266000,-3000,36,1380,2,2,1991,4350,0.027,7182,5027,0,525.1,457.1
4188,2,20010507,20010326,7,1,3,5,1,4,2,311000,323500,12500,42,2080,4,3.5,1981,9450,0.048,15528,10870,0,461.4,258
4189,2,20010606,20010503,7,1,2,5,1,1,1,200000,197500,-2500,34,1390,2,2,1991,4950,0.0235,4641,3249,0,470,249.5
4190,2,20010421,20010315,7,1,1,4,2,1,2,326000,323500,-2500,37,2060,4,3.5,1977,5250,0.0235,7602,5321,0,455.4,225.2
4191,2,20010501,20010327,7,1,1,5,1,5,2,338500,348500,10000,35,2330,4,3.5,1979,6650,0.0275,9584,6709,0,473.6,230.1
4192,2,20010628,20010509,7,1,1,3,1,1,2,301000,307000,6000,50,2120,3,2.5,1965,5800,0.025,7675,5373,0,461.4,239.3
4193,2,20011003,20010821,7,1,1,2,2,3,2,277000,283500,6500,43,1570,2,2,1994,6200,0.0285,8080,5656,0,469.8,248.3
4194,2,20010220,20010118,7,1,2,7,2,1,2,298500,295000,-3500,33,2070,3,2.5,1976,6100,0.024,7080,4956,0,464.5,254
4195,2,20010322,20010210,7,1,2,3,2,4,2,404000,407000,3000,40,2460,4,3.5,1993,6550,0.0235,9565,6696,0,470.6,255.2
4196,2,20010905,20010718,7,1,2,1,3,4,2,285000,281500,-3500,49,1600,2,2,1972,4650,0.025,7038,4927,0,491.3,254.9
4197,2,20010105,20001123,7,1,2,6,1,1,2,356500,360500,4000,43,2080,4,3.5,1973,8950,0.022,7931,5552,0,483.9,234.1
4198,2,20011105,20011001,7,1,2,5,1,4,1,207500,206500,-1000,35,1210,3,2.5,1957,4400,0.027,5576,3903,0,482.7,276.4
4199,2,20011121,20011012,7,1,1,7,2,1,1,175500,172000,-3500,40,1010,2,2,1966,2850,0.029,4988,3492,0,474.6,266.2
4200,2,20010301,20010126,7,1,1,8,4,4,1,111000,110000,-1000,34,890,2,2,1978,2850,0.027,2970,2079,0,480.5,253.4
4201,2,20010721,20010529,7,1,2,3,1,4,1,224500,228500,4000,53,1690,2,2,1990,7400,0.028,6398,4479,0,485.9,260.6
4202,2,20010415,20010313,7,1,1,1,1,1,2,270500,279500,9000,33,1890,3,2.5,1987,8650,0.0245,6848,4794,0,471.8,293.6
4203,2,20010903,20010711,5,1,2,3,1,2,2,387000,392000,5000,54,2180,4,3.5,1999,8800,0.03,11760,8232,0,536,442.2
4204,2,20010424,20010301,5,1,2,7,4,2,2,349500,353500,4000,54,1990,3,2.5,1955,5850,0.029500000000000002,10428,7300,0,535.7,454.9
4205,2,20010322,20010205,7,1,1,1,1,3,1,182000,182000,0,45,1200,2,2,1999,5400,0.025,4550,3185,0,467.9,255.7
4206,2,20020319,20020203,5,1,1,6,3,4,3,537000,536000,-1000,44,2270,4,3.5,1966,5950,0.025,13400,9380,0,521.9,427.8
4207,2,20020701,20020506,5,1,2,3,4,2,2,316500,324000,7500,56,1520,2,2,1960,5400,0.026000000000000002,8424,5897,0,522.7,429
4208,2,20020828,20020722,7,1,2,9,1,5,2,310000,312500,2500,37,1850,4,3.5,1964,8900,0.0225,7031,4922,0,470.4,248.2
4209,2,20020515,20020408,7,1,2,9,2,2,2,340500,325000,-15500,37,1950,3,2.5,1955,8850,0.0235,7638,5347,0,470.4,263.4
4210,2,20020409,20020223,7,1,1,4,1,1,2,273000,277500,4500,45,1630,2,2,1970,4600,0.029500000000000002,8186,5730,2750,491.7,235
4211,2,20020613,20020508,7,1,2,6,1,1,2,285500,292500,7000,36,1520,3,2.5,1994,6850,0.023,6728,4710,3750,462.6,245
4212,2,20021108,20021004,5,1,1,1,1,4,2,382000,384000,2000,35,1710,3,2.5,1991,6650,0.0265,10176,7123,0,525.8,432.9
4213,2,20020125,20011207,7,1,2,5,1,2,2,305000,309000,4000,49,2030,3,2.5,1992,6300,0.0265,8189,5732,0,476.8,268.1
4214,2,20020617,20020514,7,1,2,1,1,5,2,406000,407500,1500,34,1910,4,3.5,1985,5850,0.023,9373,6561,0,431.7,292.7
4215,2,20020912,20020722,5,1,2,6,1,5,2,403000,388000,-15000,52,1500,2,2,1998,4500,0.029,11252,7876,0,517.2,441.1
4216,2,20020209,20020105,5,1,2,5,1,3,2,350000,346500,-3500,35,1530,2,2,1967,7050,0.0245,8489,5942,0,528.7,434.4
4217,2,20021125,20021019,7,1,2,3,1,1,2,359500,363500,4000,37,2110,3,2.5,1979,10500,0.026000000000000002,9451,6616,2500,472.9,268.8
4218,2,20020424,20020319,5,1,2,5,1,2,3,490500,488000,-2500,36,2270,4,3.5,1993,8600,0.03,14640,10248,0,521.5,440.5
4219,2,20020729,20020619,7,1,2,6,1,4,2,284000,289500,5500,40,1850,2,2,1982,6900,0.0235,6803,4762,3000,493.9,251
4220,2,20020603,20020430,7,1,2,4,1,5,2,267000,270000,3000,34,1560,2,2,1998,4000,0.024,6480,4536,0,504.5,261.9
4221,2,20020308,20020114,7,1,2,6,4,3,1,224000,219500,-4500,53,1250,3,2.5,1961,3900,0.026000000000000002,5707,3995,1750,464.7,222.4
4222,2,20020625,20020520,7,1,1,1,1,2,2,413000,409500,-3500,36,2140,3,2.5,1957,5950,0.0225,9214,6450,0,507.8,268.3
4223,2,20020117,20011204,5,1,2,9,3,4,3,519000,519000,0,44,2160,3,2.5,1986,6000,0.025500000000000002,13235,9265,0,516.5,435.2
4224,2,20020925,20020821,7,1,2,6,1,2,2,312500,316500,4000,35,2240,4,3.5,1963,5400,0.027,8546,5982,0,466,256
4225,2,20021012,20020910,7,1,2,6,1,2,3,450500,450500,0,32,2290,4,3.5,1957,6350,0.028,12614,8830,6500,495.3,285.8
4226,2,20020518,20020407,7,1,2,1,1,1,2,257000,260500,3500,41,1450,3,2.5,1989,3950,0.0245,6382,4467,0,463.3,251.9
4227,2,20021104,20020921,5,1,2,6,1,1,2,306500,303500,-3000,44,1660,2,2,1976,7000,0.0275,8346,5842,0,508.8,437.8
4228,2,20020822,20020703,7,1,1,1,4,1,2,335500,333500,-2000,50,1910,4,3.5,1996,4900,0.0225,7504,5253,2500,483.1,208.5
4229,2,20020412,20020228,5,1,2,2,1,1,2,309500,315000,5500,43,1660,3,2.5,1976,7050,0.029,9135,6395,0,545.7,448
4230,2,20020601,20020421,7,1,2,3,1,1,2,285500,283500,-2000,41,1500,3,2.5,1970,5950,0.024,6804,4763,4250,511.1,233.8
4231,2,20020615,20020514,7,1,1,3,1,2,2,252500,258500,6000,32,1530,3,2.5,1984,5050,0.0275,7109,4976,0,432,227.2
4232,2,20020823,20020709,7,1,2,2,1,4,2,328500,326000,-2500,45,2220,3,2.5,1968,9400,0.0235,7661,5363,0,473.8,239.4
4233,2,20020815,20020709,7,1,2,3,1,1,1,202000,206000,4000,37,1450,3,2.5,1993,5750,0.025,5150,3605,3250,475.8,241.4
4234,2,20020628,20020523,7,1,1,3,2,1,2,255500,260000,4500,36,1640,3,2.5,1969,4950,0.0275,7150,5005,0,516.3,289
4235,2,20021028,20020922,7,1,1,7,1,4,2,349000,343500,-5500,36,1830,2,2,1979,6000,0.0265,9103,6372,0,489.7,251.7
4236,2,20021118,20020928,7,1,2,6,1,1,2,262500,264000,1500,51,1460,2,2,1987,3700,0.0245,6468,4528,0,452.2,228.2
4237,2,20020707,20020530,7,1,1,4,1,4,2,292500,290000,-2500,38,1430,3,2.5,1977,4250,0.029500000000000002,8555,5989,0,468.9,261.4
4238,2,20020729,20020623,7,1,2,5,1,1,1,227000,225000,-2000,36,1140,2,2,1979,5600,0.0285,6413,4489,0,479.6,299.1
4239,2,20021103,20020930,7,1,2,8,4,1,1,228500,226500,-2000,34,1350,3,2.5,1957,4050,0.0285,6455,4519,0,438.9,207.2
4240,2,20021130,20021017,7,1,1,1,1,5,1,175000,180000,5000,44,1330,2,2,1984,4400,0.0245,4410,3087,0,471.1,251.6
4241,2,20030207,20030102,7,1,2,9,4,1,2,322500,326500,4000,36,1540,2,2,1966,3950,0.0265,8652,6056,0,447.1,264.1
4242,2,20030611,20030416,7,1,2,3,6,1,1,241500,239500,-2000,56,1190,2,2,1983,5350,0.029500000000000002,7065,4946,0,529.9,215.2
4243,2,20030305,20030115,5,1,2,1,2,1,3,531000,524500,-6500,49,2160,4,3.5,1992,9000,0.0265,13899,9729,0,532.4,419.8
4244,2,20031205,20031017,7,1,1,1,1,2,2,276000,286500,10500,49,1610,2,2,1956,4150,0.0225,6446,4512,2500,491,257.3
4245,2,20030424,20030226,7,1,2,6,1,5,2,292000,285500,-6500,57,1400,3,2.5,2002,6500,0.026000000000000002,7423,5196,0,475.1,270.7
4246,2,20030505,20030329,7,1,1,8,1,4,2,400000,413500,13500,37,2570,3,2.5,1987,7000,0.023,9511,6658,5000,461.9,226.4
4247,2,20031013,20030829,7,1,1,4,4,4,1,216000,211000,-5000,45,1210,3,2.5,2002,4450,0.025500000000000002,5381,3767,0,471.5,196.6
4248,2,20030611,20030428,7,1,2,6,1,2,1,231500,237000,5500,44,1290,3,2.5,1988,4550,0.025,5925,4148,0,538.6,281.4
4249,2,20030507,20030312,5,1,1,1,1,5,3,478500,487000,8500,56,1960,2,2,1980,7050,0.029,14123,9886,0,495.8,428.1
4250,2,20030710,20030531,7,1,2,7,1,5,2,359500,364000,4500,40,1860,2,2,1966,8250,0.026000000000000002,9464,6625,0,432.7,267.9
4251,2,20030608,20030412,7,1,1,6,1,5,2,367000,370500,3500,57,2290,3,2.5,1961,5650,0.026000000000000002,9633,6743,0,470.3,242.4
4252,2,20031113,20031002,7,1,1,6,1,4,1,214000,209000,-5000,42,1090,2,2,1973,3150,0.029500000000000002,6166,4316,0,502.2,210.9
4253,2,20030318,20030209,7,1,1,1,4,1,2,420500,422000,1500,37,2120,3,2.5,1960,5100,0.0275,11605,8123,0,467.3,220.7
4254,2,20030705,20030523,7,1,2,4,1,2,1,244000,243500,-500,43,1450,3,2.5,1973,4600,0.0235,5722,4005,0,459.8,273.5
4255,2,20030519,20030414,5,1,2,5,3,5,3,463000,458500,-4500,35,1930,3,2.5,1974,7500,0.023,10546,7382,0,549.3,434.5
4256,2,20030818,20030705,5,1,2,2,4,2,2,429000,428500,-500,44,2020,3,2.5,1957,8950,0.024,10284,7199,7500,518.9,440.1
4257,2,20030817,20030625,7,1,1,1,1,2,2,461000,439500,-21500,53,2120,3,2.5,1974,7050,0.0275,12086,8460,0,480.4,265.1
4258,2,20030922,20030816,7,1,2,5,6,2,2,278000,281500,3500,37,1590,2,2,1994,7500,0.0275,7741,5419,0,478.8,218.7
4259,2,20031113,20031008,5,1,3,7,1,1,2,419500,419500,0,36,2050,3,2.5,1961,9850,0.043000000000000003,18039,12627,0,528.2,451.7
4260,2,20030312,20030127,7,1,2,9,2,1,2,396000,391500,-4500,44,1780,2,2,1960,4550,0.023,9005,6304,0,469.9,250.7
4261,2,20030528,20030410,7,1,2,7,3,1,2,261500,260500,-1000,48,1570,4,3.5,1973,5700,0.029500000000000002,7685,5380,0,434.3,226.7
4262,2,20030905,20030722,7,1,1,2,1,1,2,285000,287000,2000,45,1790,2,2,1956,5700,0.029,8323,5826,2500,469.7,255.4
4263,2,20031207,20031103,7,1,1,6,1,4,2,266500,266000,-500,34,1450,3,2.5,1971,4850,0.0235,6251,4376,0,459.8,253.7
4264,2,20030415,20030222,5,1,2,1,5,1,2,369000,362500,-6500,52,1520,3,2.5,1962,5300,0.0265,9606,6724,0,542.2,456.9
4265,2,20030516,20030406,7,1,1,1,1,5,2,324500,316000,-8500,40,1840,3,2.5,1999,8950,0.022,6952,4866,0,497.9,285.3
4266,2,20030525,20030420,7,1,2,1,3,2,2,353000,355000,2000,35,1720,3,2.5,1991,6550,0.0235,8343,5840,0,474.3,254.5
4267,2,20030529,20030413,7,1,1,1,1,1,2,416500,427000,10500,46,1910,4,3.5,1958,6300,0.0275,11743,8220,0,460.7,211.4
4268,2,20030721,20030606,7,1,1,4,4,1,2,412500,410000,-2500,45,2010,2,2,1965,6350,0.0285,11685,8179,0,513.8,255.5
4269,2,20030612,20030502,7,1,2,8,2,1,1,179000,182000,3000,41,980,2,2,1997,2850,0.0245,4459,3121,0,507.9,241.4
4270,2,20030219,20030111,7,1,3,3,1,6,2,304000,303500,-500,39,1530,2,2,1987,5450,0.0465,14113,9879,0,489.7,255.2
4271,2,20031116,20031009,7,1,2,9,1,1,2,359500,360000,500,38,2150,3,2.5,1999,5750,0.026000000000000002,9360,6552,0,470,263.5
4272,2,20030820,20030717,5,1,1,2,1,5,3,582500,583000,500,34,2100,3,2.5,2002,8050,0.024,13992,9794,0,507.1,454.9
4273,2,20030219,20021225,7,1,1,2,1,3,2,251000,255500,4500,56,1180,2,2,1962,4850,0.028,7154,5008,0,462.9,229.7
4274,2,20031030,20030915,7,1,1,4,4,3,1,202000,203500,1500,45,1070,2,2,1966,4700,0.0235,4782,3347,0,475.4,232.1
4275,2,20031015,20030907,7,1,1,5,1,3,2,329500,327000,-2500,38,1690,3,2.5,1999,6400,0.029500000000000002,9647,6753,0,430.1,277.8
4276,2,20030201,20021222,7,1,1,6,1,1,2,358500,364000,5500,41,2020,3,2.5,1973,5300,0.027,9828,6880,0,438.5,222.5
4277,2,20030601,20030420,7,1,1,5,1,1,2,264500,260500,-4000,42,1380,2,2,1982,5550,0.029500000000000002,7685,5380,0,464.6,275
4278,2,20030426,20030325,7,1,3,3,5,1,2,261500,255000,-6500,32,1370,2,2,1999,6300,0.051000000000000004,13005,9104,0,502.6,227.2
4279,2,20040630,20040518,7,1,1,4,3,1,1,191500,190000,-1500,43,1120,2,2,1987,4200,0.024,4560,3192,1500,498.2,287.6
4280,2,20040219,20040106,7,1,2,6,1,2,3,464000,483500,19500,44,2360,4,3.5,1960,10750,0.028,13538,9477,0,504.3,249.1
4281,2,20040910,20040719,7,1,2,4,2,1,2,377000,363500,-13500,53,1490,3,2.5,1973,5150,0.029,10542,7379,0,501.4,260.1
4282,2,20040920,20040814,7,1,1,2,5,1,3,524500,530000,5500,37,2280,3,2.5,1958,6850,0.0225,11925,8348,0,496.5,235.3
4283,2,20040406,20040218,7,1,1,5,1,1,1,235500,235500,0,48,1050,2,2,2000,3950,0.0245,5770,4039,0,485.9,291
4284,2,20041020,20040912,7,1,1,6,1,2,2,310000,322000,12000,38,1410,2,2,1958,5150,0.025500000000000002,8211,5748,0,481.6,273.1
4285,2,20040216,20031222,7,1,2,2,2,1,2,389000,386500,-2500,56,1620,3,2.5,2002,6850,0.029,11209,7846,0,469.9,264.7
4286,2,20041104,20040918,5,1,2,9,1,1,2,345500,354000,8500,47,1470,2,2,1961,4250,0.024,8496,5947,0,527.8,455.1
4287,2,20040408,20040307,5,1,2,1,1,2,3,507500,500000,-7500,32,1680,2,2,1969,6250,0.026000000000000002,13000,9100,0,527.1,445.8
4288,2,20041227,20041102,7,1,1,9,2,2,1,223500,224000,500,55,1100,2,2,1986,4500,0.0285,6384,4469,0,494.3,248.5
4289,2,20041011,20040901,7,1,2,6,1,6,2,446000,439500,-6500,40,2380,3,2.5,1987,9250,0.0285,12526,8768,0,517.1,257.3
4290,2,20040403,20040301,7,1,1,4,1,1,3,512500,520000,7500,33,2280,3,2.5,1981,10050,0.03,15600,10920,0,490.4,256.3
4291,2,20040607,20040428,7,1,3,3,2,1,2,331000,328500,-2500,40,1620,3,2.5,1980,5500,0.05,16425,11498,0,442.5,269.7
4292,2,20040419,20040227,5,1,1,5,1,1,3,455000,463000,8000,52,1700,3,2.5,1997,7400,0.028,12964,9075,8250,520,446.1
4293,2,20040618,20040507,7,1,2,1,1,1,2,308000,303000,-5000,42,1700,3,2.5,1987,5600,0.0275,8333,5833,0,480.7,227.7
4294,2,20040416,20040225,7,1,2,2,1,4,2,430000,426500,-3500,51,1980,4,3.5,1961,6700,0.0245,10449,7314,0,480.4,265.1
4295,2,20041221,20041111,7,1,3,1,1,3,3,540000,530000,-10000,40,2530,3,2.5,1980,11850,0.048,25440,17808,0,502.8,291.4
4296,2,20040707,20040516,7,1,1,1,1,1,2,411500,419500,8000,52,1940,2,2,1963,4950,0.03,12585,8810,0,475.7,280
4297,2,20040813,20040623,5,1,1,8,1,1,2,421500,427000,5500,51,1490,3,2.5,1980,5900,0.024,10248,7174,0,552.6,450
4298,2,20040415,20040303,5,1,2,9,1,1,3,537000,545000,8000,43,2280,4,3.5,1961,6000,0.0235,12808,8966,0,509.4,433.2
4299,2,20040810,20040617,7,1,2,8,3,5,3,530500,536000,5500,54,2580,4,3.5,1980,8600,0.03,16080,11256,0,496.4,259.9
4300,2,20040115,20031210,7,1,2,2,1,2,3,633500,635000,1500,36,2730,4,3.5,1969,11950,0.028,17780,12446,0,469.8,199.2
4301,2,20040708,20040526,7,1,2,1,3,3,2,271000,270500,-500,43,1370,3,2.5,1970,5400,0.023,6222,4355,0,534.3,224.9
4302,2,20040522,20040420,7,1,3,5,1,1,2,297000,287500,-9500,32,1700,3,2.5,1980,4500,0.0485,13944,9761,0,470.5,245.9
4303,2,20040323,20040220,7,1,2,4,1,3,3,513500,509000,-4500,32,2180,4,3.5,1980,9100,0.0285,14507,10155,0,498.4,249
4304,2,20041014,20040904,5,1,3,2,1,5,3,519000,528000,9000,40,2020,3,2.5,1960,9600,0.043000000000000003,22704,15893,0,540,413.7
4305,2,20040129,20031217,7,1,1,6,1,5,3,498500,488000,-10500,43,2340,4,3.5,1981,7300,0.0235,11468,8028,0,484.7,260.8
4306,2,20041227,20041104,5,1,1,1,1,2,3,624500,615500,-9000,53,2080,4,3.5,1986,5100,0.025,15388,10772,0,524.3,454.7
4307,2,20040810,20040710,7,1,1,5,1,1,2,332000,335000,3000,31,1780,2,2,1983,4850,0.024,8040,5628,0,471.2,244.6
4308,2,20040916,20040815,7,1,2,2,1,3,2,339500,344000,4500,32,1840,3,2.5,1975,5250,0.0275,9460,6622,0,472.6,232.6
4309,2,20041106,20041001,7,1,2,2,2,1,2,376000,377500,1500,36,1580,2,2,1957,6450,0.0235,8871,6210,0,489.2,256.5
4310,2,20040731,20040523,5,1,1,5,3,1,3,622000,608500,-13500,69,2090,3,2.5,1962,8550,0.025,15213,10649,0,513.2,432.5
4311,2,20041219,20041106,7,1,2,2,1,2,2,257500,259500,2000,43,1320,2,2,1991,5000,0.028,7266,5086,2000,501.8,290.4
4312,2,20050621,20050525,7,1,1,3,1,1,2,432500,427000,-5500,27,1750,3,2.5,1996,8500,0.0285,12170,8519,0,478.9,225.6
4313,2,20051221,20051106,3,1,1,8,1,2,2,419500,424000,4500,45,1610,3,2.5,1974,6300,0.028,11872,8310,0,486.7,383.3
4314,2,20050806,20050711,3,1,3,7,2,2,2,401500,404500,3000,26,1700,4,3.5,1980,6850,0.043500000000000004,17596,12317,4750,471,396.3
4315,2,20050606,20050512,7,1,2,2,3,2,3,473500,490000,16500,25,2190,3,2.5,1998,10200,0.0235,11515,8060,0,489.6,275.1
4316,2,20050318,20050221,5,1,2,9,1,2,3,516000,523500,7500,25,1860,3,2.5,1994,5700,0.029,15182,10627,5500,517.8,449.3
4317,2,20051217,20051127,5,1,2,2,1,5,4,689000,692000,3000,20,2330,4,3.5,1982,10450,0.0245,16954,11868,0,508.9,445.9
4318,2,20050712,20050619,7,1,2,9,4,1,2,364500,358500,-6000,23,1530,2,2,1977,4800,0.029500000000000002,10576,7403,3500,468.3,252.1
4319,2,20050329,20050307,5,1,2,6,1,5,3,557500,561500,4000,22,2070,4,3.5,1996,10000,0.025500000000000002,14318,10023,0,508.4,441.2
4320,2,20050510,20050329,3,1,2,4,3,2,2,318000,317000,-1000,42,1330,2,2,2003,4500,0.0285,9035,6325,0,475.3,394.2
4321,2,20051008,20050831,5,1,2,6,1,3,3,496000,502000,6000,38,2070,3,2.5,1993,9200,0.03,15060,10542,4000,545.5,454.9
4322,2,20050819,20050716,2,1,2,2,1,5,4,818000,852500,34500,34,2440,3,2.5,2005,6400,0.0225,19181,13427,0,242.2,410.8
4323,2,20050827,20050801,3,1,1,9,1,1,3,599500,592000,-7500,26,2040,4,3.5,1956,5200,0.027,15984,11189,0,457.9,394.5
4324,2,20050820,20050729,5,1,2,2,3,2,3,601500,616500,15000,22,2040,4,3.5,1986,7650,0.0245,15104,10573,0,522.8,436
4325,2,20050109,20041214,2,1,2,6,6,5,4,687500,710500,23000,26,2460,4,3.5,2005,8000,0.025,17763,12434,0,230.9,408.3
4326,2,20050513,20050420,5,1,2,1,1,4,2,432500,440000,7500,23,1720,3,2.5,1994,7550,0.024,10560,7392,0,515.3,447.8
4327,2,20050427,20050327,5,1,1,2,1,5,2,347500,352000,4500,31,1260,3,2.5,1978,3850,0.0265,9328,6530,0,542.5,436
4328,2,20050425,20050405,3,1,2,7,6,1,4,634500,675500,41000,20,2060,3,2.5,1956,6850,0.029,19590,13713,0,463.5,409.8
4329,2,20050626,20050524,7,1,1,1,6,4,2,406500,397500,-9000,33,1850,2,2,1989,8550,0.0225,8944,6261,0,494.8,264.8
4330,2,20050505,20050409,3,1,2,1,3,1,3,504500,519000,14500,26,1980,3,2.5,2004,9100,0.0245,12716,8901,0,478.1,410
4331,2,20050108,20041217,3,1,2,7,1,1,3,627000,620000,-7000,22,2290,4,3.5,1994,6250,0.024,14880,10416,0,475.3,408.3
4332,2,20050423,20050401,5,1,1,7,1,1,2,425500,431500,6000,22,1450,3,2.5,1987,4350,0.029,12514,8760,3000,534.8,438.6
4333,2,20050704,20050609,5,1,1,2,4,1,3,550500,581000,30500,25,2150,4,3.5,1968,9000,0.029,16849,11794,0,526.9,458.5
4334,2,20051110,20051011,7,1,3,4,3,2,3,571500,574000,2500,30,2350,4,3.5,1977,6750,0.0445,25543,17880,0,486.5,244.1
4335,2,20051025,20051004,7,1,1,1,1,2,2,433000,419500,-13500,21,1980,2,2,1959,9450,0.023,9649,6754,0,477.3,261
4336,2,20050824,20050717,3,1,1,3,1,1,2,389500,389500,0,38,1620,3,2.5,1981,7900,0.026000000000000002,10127,7089,0,470.5,404.6
4337,2,20051025,20051002,5,1,2,1,3,5,2,367500,367000,-500,23,1440,2,2,1966,6950,0.027,9909,6936,0,510.5,460
4338,2,20050203,20050103,5,1,1,1,3,2,3,519000,542500,23500,31,1960,4,3.5,1970,4950,0.0235,12749,8924,0,545.2,445.6
4339,2,20050307,20050216,3,1,2,5,1,4,3,531500,546500,15000,19,1750,3,2.5,1969,5650,0.024,13116,9181,0,470.8,399.9
4340,2,20051122,20051021,7,1,2,4,3,2,2,277500,274500,-3000,32,1200,2,2,1961,3400,0.0235,6451,4516,0,507.6,242.6
4341,2,20051120,20051016,5,1,2,4,1,2,3,595000,610500,15500,35,2230,4,3.5,1977,8450,0.029,17705,12394,0,518.8,458.7
4342,2,20050210,20050121,3,1,3,2,4,5,2,377500,395500,18000,20,1850,3,2.5,1969,5900,0.0475,18786,13150,0,487.4,393.8
4343,2,20050614,20050526,3,1,2,1,6,4,3,517000,522000,5000,19,1970,4,3.5,1994,8650,0.027,14094,9866,0,467.6,407.7
4344,2,20050819,20050722,3,1,1,2,1,5,3,482000,500500,18500,28,1800,3,2.5,1962,4950,0.0275,13764,9635,0,461.4,380.8
4345,2,20050526,20050423,2,1,1,8,5,5,5,1051500,1069000,17500,33,3320,6,5,2005,13450,0.029,31001,21701,0,245,411.4
4346,2,20051213,20051116,3,1,2,2,1,3,3,493000,504500,11500,27,1870,3,2.5,2000,8350,0.024,12108,8476,0,483,403
4347,2,20050429,20050325,2,1,2,1,1,5,4,776500,784000,7500,35,2380,3,2.5,2005,10700,0.029,22736,15915,0,240.6,405.4
4348,2,20051011,20050908,5,1,1,2,4,2,3,472500,474500,2000,33,1710,4,3.5,1975,7600,0.025,11863,8304,0,529.3,457.6
4349,2,20051222,20051114,7,1,2,2,1,1,2,353500,361000,7500,38,1490,2,2,1972,6700,0.0265,9567,6697,0,463.7,217.9
4350,2,20050419,20050313,3,1,1,6,1,2,4,659000,670000,11000,37,1940,3,2.5,1973,5700,0.027,18090,12663,0,459.9,412.9
4351,2,20050816,20050721,7,1,2,3,1,2,3,470000,477500,7500,26,1860,3,2.5,1972,8700,0.026000000000000002,12415,8691,0,466.7,254.7
4352,2,20050119,20041222,3,1,3,2,1,4,3,439500,460500,21000,28,1590,3,2.5,1972,3900,0.049,22565,15795,0,471.5,413.8
4353,2,20060527,20060505,2,1,2,6,1,2,4,769000,779500,10500,22,2430,3,2.5,2006,8500,0.028,21826,15278,5750,242,426.1
4354,2,20060907,20060727,7,1,1,6,1,2,2,290000,305500,15500,42,1330,2,2,2005,4750,0.0235,7179,5025,0,476.4,226.1
4355,2,20061108,20061018,3,1,3,4,4,2,4,660000,675500,15500,21,1920,2,2,1994,7900,0.047,31749,22224,0,478.2,414.7
4356,2,20060511,20060412,3,1,2,2,1,2,2,383500,386000,2500,29,1590,2,2,1999,7300,0.027,10422,7295,0,473.3,398.1
4357,2,20060324,20060228,3,1,2,2,4,5,3,564500,562500,-2000,24,1670,3,2.5,1963,6350,0.0235,13219,9253,0,476.6,411.5
4358,2,20060320,20060212,3,1,2,3,1,2,3,632000,640000,8000,36,1990,3,2.5,1974,7900,0.024,15360,10752,0,472.8,404.1
4359,2,20060901,20060813,7,1,1,9,1,4,2,341000,357500,16500,19,1400,2,2,1983,6100,0.0225,8044,5631,0,478.1,207.1
4360,2,20061103,20060929,5,1,2,6,1,5,2,426500,431000,4500,35,1630,2,2,1967,7950,0.024,10344,7241,0,505.8,443.2
4361,2,20060620,20060531,3,1,1,7,3,5,4,645500,669500,24000,20,2200,3,2.5,1970,6900,0.0285,19081,13357,0,478.4,407.6
4362,2,20060511,20060420,3,1,1,6,1,1,3,566000,562000,-4000,21,2210,3,2.5,1955,6550,0.027,15174,10622,0,462.8,399.3
4363,2,20061102,20060928,3,1,1,5,2,2,4,753500,778000,24500,35,2230,4,3.5,1972,7150,0.025,19450,13615,0,478.4,398.2
4364,2,20060602,20060513,3,1,2,1,1,5,3,495000,502000,7000,20,1740,3,2.5,1975,4400,0.0285,14307,10015,3750,481.1,405.8
4365,2,20060828,20060801,2,1,1,6,2,5,4,785000,802500,17500,27,2270,4,3.5,2006,8550,0.0275,22069,15448,0,228.4,415
4366,2,20060527,20060508,3,1,1,2,1,3,3,559500,553500,-6000,19,1760,3,2.5,1998,6150,0.0285,15775,11043,0,470.3,400
4367,2,20060309,20060201,2,1,2,2,1,2,3,537500,536000,-1500,36,1740,2,2,2006,8000,0.0225,12060,8442,0,232.8,419.6
4368,2,20061223,20061128,3,1,2,3,2,1,3,567500,579500,12000,25,1760,3,2.5,1981,5000,0.029,16806,11764,0,478.5,407.6
4369,2,20060320,20060206,5,1,2,5,1,3,2,343000,343000,0,42,1270,2,2,1955,6150,0.026000000000000002,8918,6243,0,516.5,449.1
4370,2,20061114,20061023,3,1,1,2,1,5,4,793500,814500,21000,22,2710,4,3.5,1970,11950,0.027,21992,15394,0,467.1,403.1
4371,2,20061122,20061020,3,1,1,1,4,2,3,619000,626500,7500,33,1960,4,3.5,1989,9450,0.0235,14723,10306,3500,486.5,395.2
4372,2,20060716,20060621,5,1,2,3,1,2,3,493500,492000,-1500,25,1510,2,2,1997,6600,0.03,14760,10332,0,541,439.3
4373,2,20060916,20060819,3,1,2,2,1,1,4,662500,693500,31000,28,2000,3,2.5,1989,5250,0.029,20112,14078,0,481.9,400.9
4374,2,20060504,20060408,3,1,2,5,4,5,2,430500,432000,1500,26,1320,2,2,1985,5250,0.0275,11880,8316,0,478.6,386.3
4375,2,20060703,20060604,5,1,2,6,1,1,2,396000,403000,7000,29,1690,2,2,1997,6850,0.0225,9068,6348,0,527,445.8
4376,2,20060415,20060320,2,1,2,3,3,5,4,742000,748500,6500,26,2460,4,3.5,2003,10950,0.023,17216,12051,0,244.1,422
4377,2,20061220,20061122,3,1,1,7,3,1,3,553500,569500,16000,28,1840,3,2.5,1970,6550,0.0285,16231,11362,0,478.3,401.7
4378,2,20061020,20060911,5,1,2,7,1,3,3,466500,486500,20000,39,1830,3,2.5,1976,8250,0.027,13136,9195,0,541.9,434.8
4379,2,20060503,20060403,5,1,2,3,3,5,4,744000,746000,2000,30,2130,3,2.5,1990,7400,0.0265,19769,13838,0,526.8,433
4380,2,20060625,20060511,5,1,2,7,1,3,4,669000,692000,23000,45,2090,3,2.5,2004,8100,0.0285,19722,13805,0,510.7,462.3
4381,2,20060201,20060111,3,1,2,6,2,2,3,624500,639500,15000,21,1740,3,2.5,1960,5350,0.028,17906,12534,0,478.8,413.4
4382,2,20061006,20060911,3,1,1,4,2,1,2,380000,402500,22500,25,1380,3,2.5,1984,5850,0.028,11270,7889,0,462.1,399.5
4383,2,20060125,20051230,5,1,2,2,1,2,3,660500,639000,-21500,26,2070,2,2,1990,6250,0.024,15336,10735,0,513.2,430.2
4384,2,20060904,20060814,7,1,1,3,5,4,2,377000,372000,-5000,21,1680,2,2,1993,7350,0.028,10416,7291,0,489.1,260
4385,2,20060912,20060820,7,1,2,3,1,2,2,370500,370500,0,23,1430,2,2,1991,5850,0.023,8522,5965,0,473.3,239.5
4386,2,20060506,20060409,5,1,2,9,1,4,3,586500,605500,19000,27,2010,3,2.5,1974,8800,0.0265,16046,11232,0,528,420.4
4387,2,20060511,20060411,5,1,2,5,2,1,3,523000,553500,30500,30,1940,3,2.5,1959,6100,0.027,14945,10462,0,538.9,424
4388,2,20060723,20060625,5,1,2,5,6,3,3,641500,638000,-3500,28,2210,4,3.5,2003,10100,0.023,14674,10272,0,535.5,445.6
4389,2,20060506,20060414,3,1,2,3,1,1,3,527500,533000,5500,22,1850,3,2.5,1969,7550,0.029,15457,10820,0,472.5,398.3
4390,2,20060704,20060526,5,1,2,6,4,5,3,598500,617500,19000,39,2030,3,2.5,1983,6100,0.027,16673,11671,0,529.9,439.2
4391,2,20060618,20060527,7,1,1,2,1,2,2,314500,317500,3000,22,1360,3,2.5,1955,6050,0.027,8573,6001,0,459,235.1
4392,2,20060904,20060806,3,1,2,3,2,2,4,860500,887000,26500,29,2570,4,3.5,1983,7150,0.029,25723,18006,0,464.9,414.2
4393,2,20061112,20061008,2,1,2,1,2,5,5,914000,947500,33500,35,2590,4,3.5,2006,10250,0.03,28425,19898,0,237.7,416
4394,2,20061229,20061208,2,1,2,4,5,5,5,991500,988500,-3000,21,2440,4,3.5,2004,7050,0.026000000000000002,25701,17991,0,239.9,416.2
4395,2,20060420,20060331,5,1,1,6,1,3,3,621500,621000,-500,20,2110,3,2.5,1966,7100,0.0245,15215,10651,0,530.1,432.2
4396,2,20060510,20060416,5,1,2,2,4,1,3,519500,534500,15000,24,1860,2,2,1985,4750,0.028,14966,10476,0,522,439.4
4397,2,20060923,20060831,7,1,1,8,1,1,3,623000,619000,-4000,23,2430,4,3.5,1996,11350,0.025,15475,10833,0,426.8,245.6
4398,2,20060514,20060419,5,1,2,2,1,1,3,488000,517000,29000,25,1790,2,2,1988,6300,0.023,11891,8324,0,528.4,465.6
4399,2,20070814,20070726,7,1,1,1,1,1,1,212000,224000,12000,19,1170,2,2,1981,4650,0.023,5152,3606,0,456.2,274.2
4400,2,20071119,20071014,5,1,2,5,1,2,2,400500,413000,12500,36,2080,3,2.5,1961,5500,0.026000000000000002,10738,7517,5000,518,431.9
4401,2,20070917,20070814,3,1,2,6,1,1,2,305000,308500,3500,34,1370,2,2,1994,4850,0.029,8947,6263,0,475.4,398.8
4402,2,20070726,20070623,5,1,2,1,2,5,3,485000,489500,4500,33,1850,3,2.5,1980,8300,0.0225,11014,7710,0,500.4,434.4
4403,2,20070429,20070403,3,1,1,3,3,1,3,514000,513500,-500,26,1960,4,3.5,1995,7950,0.0285,14635,10245,0,486.1,402.3
4404,2,20070526,20070426,3,1,1,1,1,2,3,609000,609000,0,30,2050,4,3.5,1964,7250,0.026000000000000002,15834,11084,0,478.8,391
4405,2,20071023,20071003,3,1,2,3,1,1,3,560500,554500,-6000,20,1780,2,2,2006,6100,0.027,14972,10480,9500,469.9,409.5
4406,2,20070109,20061219,5,1,2,4,5,5,2,395500,397000,1500,21,1710,2,2,2004,5900,0.029,11513,8059,0,529.8,449.6
4407,2,20070831,20070811,2,1,1,3,1,6,3,615000,613500,-1500,20,2410,5,4,2007,10100,0.025500000000000002,15644,10951,0,258.9,411.4
4408,2,20070606,20070517,7,1,1,1,1,2,2,321000,331500,10500,20,1690,3,2.5,1960,5400,0.023,7625,5338,0,495.2,265.9
4409,2,20070618,20070527,7,1,2,6,1,3,2,325500,344500,19000,22,1800,3,2.5,1962,7150,0.027,9302,6511,0,486.4,281.5
4410,2,20070401,20070308,5,1,1,6,2,2,3,495000,510000,15000,24,2070,3,2.5,1991,6900,0.0285,14535,10175,0,517.2,428.4
4411,2,20070519,20070430,3,1,2,2,1,1,2,378500,390500,12000,19,1500,3,2.5,1988,4150,0.0245,9567,6697,0,460.8,399.7
4412,2,20070410,20070319,3,1,2,4,2,5,3,473500,475000,1500,22,1890,3,2.5,2005,7950,0.023,10925,7647,0,495.2,413.3
4413,2,20070604,20070504,2,1,1,5,4,2,4,734500,758500,24000,31,2380,4,3.5,2007,7750,0.0245,18583,13008,0,246.8,414
4414,2,20070319,20070216,5,1,2,5,1,1,3,568000,576500,8500,31,2260,4,3.5,1987,8850,0.0265,15277,10694,0,534,438.5
4415,2,20070624,20070518,7,1,1,3,3,2,2,399000,410500,11500,37,1950,3,2.5,2004,9050,0.0265,10878,7615,0,437.7,293.9
4416,2,20071112,20071015,3,1,2,6,1,5,3,504500,518000,13500,28,1860,2,2,1965,6200,0.0235,12173,8521,0,471.1,390.4
4417,2,20070411,20070312,2,1,2,2,1,1,3,631000,637500,6500,30,2220,4,3.5,2007,10100,0.0225,14344,10041,0,239.1,417
4418,2,20071112,20071019,7,1,2,5,3,1,2,328500,345000,16500,24,1600,2,2,1993,4100,0.022,7590,5313,0,509.4,262.2
4419,2,20070402,20070309,2,1,2,6,4,5,5,918500,925000,6500,24,3090,6,5,2001,11000,0.029,26825,18778,0,242.6,405.4
4420,2,20070817,20070728,7,1,3,1,1,4,2,393000,413500,20500,20,2350,4,3.5,1960,6100,0.051000000000000004,21089,14762,0,468.9,249.7
4421,2,20071017,20070927,7,1,1,2,1,1,2,329500,323500,-6000,20,1660,3,2.5,1998,5900,0.029500000000000002,9543,6680,0,484.9,201.2
4422,2,20071104,20071012,5,1,2,5,1,2,2,432500,436500,4000,23,1750,3,2.5,1958,8100,0.0265,11567,8097,0,520.2,446.1
4423,2,20070923,20070828,3,1,2,2,5,6,2,319500,320000,500,26,1470,3,2.5,1974,5700,0.024,7680,5376,0,457,390
4424,2,20070226,20070203,2,1,1,2,4,2,4,791000,794000,3000,23,3030,4,3.5,2007,9700,0.024,19056,13339,0,237,418.4
4425,2,20070626,20070524,3,1,3,2,4,1,2,372000,388000,16000,33,1870,3,2.5,1986,4650,0.0485,18818,13173,2500,476,402.2
4426,2,20070826,20070806,7,1,2,2,1,2,3,544000,554000,10000,20,2300,4,3.5,1960,6200,0.027,14958,10471,0,439.5,208.3
4427,2,20070923,20070816,3,1,1,5,5,2,3,520000,525000,5000,38,2220,3,2.5,2001,6250,0.0285,14963,10474,0,451.9,392.3
4428,2,20070816,20070716,3,1,2,4,1,4,3,475000,489000,14000,31,2070,4,3.5,1981,8350,0.025,12225,8558,4000,473.6,414.6
4429,2,20070505,20070415,2,1,3,3,3,2,4,772000,744500,-27500,20,2270,3,2.5,2001,7100,0.0505,37597,26318,0,231.2,404.3
4430,2,20070522,20070427,3,1,1,2,3,1,3,488000,489500,1500,25,1970,3,2.5,1993,9750,0.024,11748,8224,0,470.6,399.9
4431,2,20071214,20071120,5,1,2,6,2,5,2,374000,378000,4000,24,1870,3,2.5,1985,4500,0.0265,10017,7012,0,516.4,451.4
4432,2,20071225,20071204,7,1,1,4,1,1,2,321000,329500,8500,21,1710,3,2.5,1963,4250,0.025500000000000002,8402,5881,0,456.3,233.3
4433,2,20071220,20071201,3,1,1,3,1,2,2,347500,349000,1500,19,1280,2,2,1970,3550,0.029500000000000002,10296,7207,4500,476.8,399.7
4434,2,20070628,20070607,3,1,2,3,1,2,2,396000,411500,15500,21,1360,2,2,1975,6750,0.025500000000000002,10493,7345,0,462.9,394.6
4435,2,20071012,20070921,2,1,1,4,1,5,4,658500,666000,7500,21,2290,3,2.5,2007,11000,0.0265,17649,12354,0,222.5,405.2
4436,2,20070829,20070808,3,1,2,2,3,2,3,489000,495500,6500,21,1830,2,2,1979,6850,0.023,11397,7978,0,478.2,404.1
4437,2,20070618,20070515,7,1,2,9,3,1,2,418000,431500,13500,34,2300,4,3.5,2002,8300,0.028,12082,8457,0,490.4,220
4438,2,20070601,20070505,3,1,1,1,2,1,3,457000,452500,-4500,27,1620,2,2,1976,5750,0.025,11313,7919,0,461.7,407.8
4439,2,20070626,20070517,7,1,2,4,5,2,1,242500,247500,5000,40,1370,2,2,1976,4750,0.026000000000000002,6435,4505,0,516.9,259.6
4440,2,20070719,20070608,2,1,1,4,1,1,4,852500,877000,24500,41,3170,6,5,2007,8700,0.0235,20610,14427,0,239.5,410.3
4441,2,20070703,20070603,5,1,1,2,1,2,3,473500,467500,-6000,30,1970,3,2.5,1977,5100,0.0265,12389,8672,0,533.8,446.6
4442,2,20070611,20070510,5,1,1,3,1,1,3,542000,558500,16500,32,2370,3,2.5,1970,11650,0.023,12846,8992,0,512.7,415.1
4443,2,20070611,20070507,3,1,2,2,5,1,3,525000,540000,15000,35,1870,2,2,1968,5200,0.0235,12690,8883,0,463.3,389.8
4444,2,20070430,20070331,5,1,1,7,3,1,2,379500,396500,17000,30,1620,3,2.5,1974,8100,0.022,8723,6106,0,522.5,459.1
4445,2,20070810,20070718,7,1,2,2,1,1,2,354000,350000,-4000,23,1730,3,2.5,1999,7600,0.029,10150,7105,0,465.7,266.6
4446,2,20080517,20080129,3,1,1,2,1,4,3,494000,474500,-19500,109,2210,4,3.5,1984,9050,0.0225,10676,7473,0,476.6,393.9
4447,2,20080420,20071230,3,1,2,7,3,3,2,456500,435000,-21500,112,2360,4,3.5,1988,10650,0.029500000000000002,12833,8983,0,472.8,407.7
4448,2,20080727,20080424,5,1,2,3,3,1,3,531500,480000,-51500,94,2090,3,2.5,1987,9300,0.0285,13680,9576,4750,537.7,415.8
4449,2,20081207,20080828,5,1,2,4,1,2,3,487500,479000,-8500,101,2310,3,2.5,1956,7800,0.024,11496,8047,0,524.4,430.4
4450,2,20080903,20080515,3,1,2,3,4,4,2,393000,373000,-20000,111,1780,3,2.5,1981,7000,0.03,11190,7833,0,462.7,401.7
4451,2,20081128,20080803,5,1,3,3,2,2,2,371500,358500,-13000,117,1980,3,2.5,1999,7900,0.05,17925,12548,0,527.5,452.8
4452,2,20080824,20080321,5,1,1,3,1,2,2,400000,376500,-23500,156,1720,2,2,1979,5050,0.022,8283,5798,0,524.5,429.2
4453,2,20080612,20080131,5,1,2,9,1,2,2,389500,362500,-27000,133,1730,3,2.5,1981,8450,0.029,10513,7359,0,514.4,440.8
4454,2,20080418,20071105,3,1,2,3,1,4,3,514000,491000,-23000,165,1980,3,2.5,1967,7600,0.027,13257,9280,5750,466.2,400.9
4455,2,20080824,20080429,7,1,1,3,3,1,1,132000,125500,-6500,117,780,2,2,1997,3850,0.024,3012,2108,0,510.9,245.5
4456,2,20080613,20080215,7,1,1,6,2,3,2,270500,257000,-13500,119,1570,2,2,1977,4100,0.0225,5783,4048,0,495,242.6
4457,2,20080804,20080401,7,1,1,9,1,2,2,298500,283500,-15000,125,1930,3,2.5,1966,6100,0.029500000000000002,8363,5854,2000,446.8,258.4
4458,2,20080407,20071116,5,1,1,2,2,1,2,391500,354000,-37500,143,1740,4,3.5,2005,6150,0.025,8850,6195,0,515.8,436.3
4459,2,20080906,20080520,2,1,3,2,1,6,3,514500,494000,-20500,109,2250,4,3.5,2008,7200,0.049,24206,16944,0,232.1,420.5
4460,2,20080610,20080307,2,1,2,2,1,1,4,796500,735500,-61000,95,2770,4,3.5,2008,8850,0.022,16181,11327,0,224.5,408
4461,2,20080515,20080108,3,1,3,6,1,3,2,318000,290500,-27500,128,1500,2,2,1960,6950,0.047,13654,9558,0,483,406.6
4462,2,20080629,20080319,5,1,1,8,1,5,2,470000,438500,-31500,102,2140,4,3.5,2006,8750,0.0245,10743,7520,7500,555.5,441.1
4463,2,20080511,20080112,2,1,2,2,1,5,4,843000,791000,-52000,120,3340,5,4,2008,11650,0.026000000000000002,20566,14396,3750,236.5,391.2
4464,2,20081006,20080528,5,1,1,7,1,5,1,261000,240500,-20500,131,1470,2,2,1966,4350,0.025,6013,4209,0,529.6,449.5
4465,2,20080910,20080531,3,1,2,2,2,1,3,471500,463000,-8500,102,2170,4,3.5,1978,7600,0.029500000000000002,13659,9561,0,476.7,392.7
4466,2,20080215,20071104,2,1,1,9,1,2,2,446000,422000,-24000,103,2300,4,3.5,2002,6550,0.028,11816,8271,0,253.1,415.7
4467,2,20080301,20070818,3,1,2,6,1,3,3,500500,461500,-39000,196,1890,4,3.5,1976,5500,0.023,10615,7430,0,488.7,408.8
4468,2,20080515,20071206,3,1,1,6,3,2,2,353000,330000,-23000,161,1590,2,2,1972,5500,0.0275,9075,6353,0,458.9,395.5
4469,2,20080720,20080306,5,1,1,5,2,5,2,300500,273000,-27500,136,1470,2,2,2006,7200,0.029,7917,5542,0,548.7,435.6
4470,2,20080605,20071209,7,1,3,1,4,4,1,188500,172500,-16000,179,1220,2,2,1963,3600,0.0455,7849,5494,0,501.4,274.2
4471,2,20081208,20080827,2,1,1,5,3,5,3,498500,463500,-35000,103,2430,4,3.5,2001,7550,0.025,11588,8112,2250,230.2,403.6
4472,2,20080323,20071127,7,1,2,3,1,5,1,254500,236500,-18000,117,1400,2,2,1973,3450,0.0275,6504,4553,0,448.9,267.3
4473,2,20080402,20071105,7,1,1,3,3,2,2,273500,256500,-17000,149,1500,2,2,1998,7200,0.0235,6028,4220,0,492.9,273.4
4474,2,20080609,20080203,5,1,1,3,3,1,2,364500,348500,-16000,127,1810,3,2.5,1979,7550,0.029,10107,7075,0,513.1,431.3
4475,2,20081007,20080609,5,1,1,6,1,1,2,317500,290500,-27000,120,1430,2,2,1957,3550,0.0245,7117,4982,0,532.4,440.6
4476,2,20080429,20080121,7,1,2,1,1,1,2,273500,257500,-16000,99,1590,4,3.5,2003,6300,0.0235,6051,4236,0,462.3,231
4477,2,20080130,20071009,7,1,2,1,1,4,2,390500,351500,-39000,113,1800,3,2.5,1992,8750,0.0275,9666,6766,0,428.7,296.7
4478,2,20080815,20080406,3,1,1,3,1,1,2,354000,320000,-34000,131,1510,2,2,1967,4450,0.0265,8480,5936,3250,474.4,402.6
4479,2,20080516,20071205,7,1,2,4,4,1,2,323500,304500,-19000,163,1750,3,2.5,1995,4750,0.029,8831,6182,2250,466,250.2
4480,2,20080829,20080414,3,1,1,3,2,2,2,448500,416000,-32500,137,1810,4,3.5,1974,7550,0.029,12064,8445,0,471,402.2
4481,2,20080608,20080202,5,1,1,1,3,5,2,319500,297500,-22000,127,1690,2,2,1974,6400,0.027,8033,5623,5250,526.2,434.1
4482,2,20080522,20080115,7,1,2,4,2,3,2,411500,384500,-27000,128,2380,4,3.5,1978,11250,0.029500000000000002,11343,7940,0,509.7,242.2
4483,2,20081010,20080507,7,1,2,1,1,5,2,267500,259000,-8500,156,1710,2,2,1977,6900,0.0235,6087,4261,3250,494.9,220.4
4484,2,20081026,20080528,3,1,2,6,4,6,2,411500,393000,-18500,151,1770,3,2.5,2003,8000,0.029500000000000002,11594,8116,3250,479.4,405
4485,2,20081130,20080702,5,1,1,1,3,1,2,442000,419500,-22500,151,2110,4,3.5,1958,9300,0.027,11327,7929,0,527.2,434.2
4486,2,20080612,20080125,7,1,1,6,4,4,2,294500,281000,-13500,139,1640,2,2,1992,5300,0.03,8430,5901,3500,473.2,247.7
4487,2,20080329,20071012,5,1,1,2,2,1,2,417500,390000,-27500,169,2090,3,2.5,1976,8650,0.0235,9165,6416,0,531.6,417.3
4488,2,20080606,20080131,7,1,2,2,1,5,1,261000,249500,-11500,127,1620,3,2.5,2002,7800,0.029,7236,5065,0,494.2,250.9
4489,2,20080130,20071023,7,1,2,6,1,4,2,307000,277000,-30000,99,2200,3,2.5,1975,6450,0.03,8310,5817,3000,503.5,257.4
4490,2,20080115,20070816,2,1,2,8,1,3,4,773500,703500,-70000,152,3240,6,5,2001,11750,0.0245,17236,12065,0,218,397.7
4491,2,20080210,20071026,5,1,1,2,2,2,2,345000,328500,-16500,107,1930,4,3.5,1972,9200,0.0225,7391,5174,2000,513.6,446.5
4492,2,20080823,20080513,2,1,1,1,1,5,3,636500,589000,-47500,102,2320,4,3.5,2008,8700,0.0265,15609,10926,8000,235.2,408.6
4493,2,20080504,20071218,7,1,1,4,1,4,2,370000,345000,-25000,138,2190,3,2.5,1960,7750,0.0235,8108,5676,0,483.7,284.4
4494,2,20080827,20080419,7,1,2,5,1,2,2,271500,253500,-18000,130,1710,3,2.5,1991,7250,0.028,7098,4969,2500,472.5,232.7
4495,2,20080330,20071203,7,1,2,2,1,3,2,288000,273500,-14500,118,1730,3,2.5,1998,4400,0.0245,6701,4691,0,437.8,251.8
4496,2,20081124,20080728,3,1,1,2,1,1,2,429000,409500,-19500,119,1830,2,2,2003,7000,0.025500000000000002,10442,7309,0,485.1,401.4
4497,2,20090522,20081231,3,1,2,1,2,2,2,287000,270500,-16500,142,1840,3,2.5,1984,4700,0.028,7574,5302,4000,465.3,416.4
4498,2,20090222,20081030,3,1,1,8,1,1,1,252500,238000,-14500,115,1800,3,2.5,1962,7350,0.0285,6783,4748,0,460.5,396.3
4499,2,20091214,20090727,3,1,1,3,3,5,2,335000,310500,-24500,140,1800,3,2.5,1966,6950,0.0265,8228,5760,5250,461,399.7
4500,2,20091027,20090609,2,1,2,3,4,2,3,677500,625500,-52000,140,3090,5,4,2007,7950,0.0265,16576,11603,0,242.3,398.1
4501,2,20090714,20090321,2,1,3,8,1,5,3,538500,520500,-18000,115,2560,5,4,2009,12450,0.048,24984,17489,0,236.8,402.7
4502,2,20090121,20080925,5,1,2,5,3,4,1,234500,217000,-17500,118,1720,3,2.5,1985,6850,0.028,6076,4253,0,548.3,434.4
4503,2,20090701,20090225,3,1,2,9,1,1,2,381500,359500,-22000,126,2420,4,3.5,1978,10750,0.0265,9527,6669,0,468,406.4
4504,2,20090328,20080929,3,1,2,6,1,5,2,268000,252500,-15500,180,1810,4,3.5,1980,7600,0.028,7070,4949,1250,473.1,393.5
4505,2,20090301,20081118,3,1,2,2,3,2,1,255500,233500,-22000,103,1540,3,2.5,1980,3750,0.025500000000000002,5954,4168,0,469,403.8
4506,2,20090415,20081207,3,1,2,5,5,1,1,250000,232000,-18000,129,1470,2,2,1962,5000,0.025,5800,4060,0,481.2,412.9
4507,2,20090702,20090314,5,1,2,8,1,5,2,325000,298000,-27000,110,2040,3,2.5,2006,6000,0.0245,7301,5111,0,518.1,450.5
4508,2,20090404,20081127,5,1,2,2,5,1,2,280500,263500,-17000,128,1620,3,2.5,1967,4350,0.0235,6192,4334,0,520.2,434.5
4509,2,20090410,20081220,3,1,2,8,1,5,2,331500,300500,-31000,111,1620,3,2.5,1965,7700,0.029,8715,6101,3500,468.2,398.1
4510,2,20090814,20090506,3,1,2,1,2,5,2,317000,297000,-20000,100,1970,3,2.5,2003,7450,0.0225,6683,4678,3500,466.9,390.1
4511,2,20091108,20090608,5,1,2,3,1,1,2,297500,287500,-10000,153,1650,2,2,1958,7750,0.022,6325,4428,3000,519.8,451.8
4512,2,20090607,20081124,3,1,2,7,1,4,2,362500,327000,-35500,195,1850,2,2,1972,4600,0.0265,8666,6066,0,469.3,403.7
4513,2,20091031,20090707,3,1,1,3,1,2,2,411000,377500,-33500,116,2490,4,3.5,1985,10000,0.0235,8871,6210,0,462,398.3
4514,2,20090327,20081105,3,1,2,2,1,4,2,326500,303000,-23500,142,1820,2,2,1958,6850,0.0225,6818,4773,0,466.7,404.3
4515,2,20090604,20090221,2,1,3,6,1,5,2,437000,409500,-27500,103,2170,5,4,2009,10450,0.0475,19451,13616,3250,236.9,412.7
4516,2,20090414,20081218,3,1,1,3,1,5,1,172000,167500,-4500,117,1280,3,2.5,1975,4950,0.0235,3936,2755,0,469.1,395.5
4517,2,20090516,20081213,3,1,2,2,1,2,2,292500,269500,-23000,154,1940,2,2,1974,7050,0.0285,7681,5377,0,458.9,407.2
4518,2,20090404,20081114,3,1,2,7,2,5,2,270500,256000,-14500,141,1920,4,3.5,1959,7350,0.023,5888,4122,0,467.5,408.8
4519,2,20090623,20090308,5,1,2,5,1,2,2,428000,407500,-20500,107,2120,3,2.5,1967,9650,0.028,11410,7987,4500,515.3,437.4
4520,2,20090806,20090425,3,1,1,7,2,5,2,335500,308500,-27000,103,1680,3,2.5,1982,5600,0.0245,7558,5291,3250,463.3,396.8
4521,2,20090818,20090423,2,1,1,7,3,1,4,774500,739500,-35000,117,3310,5,4,2009,9700,0.0225,16639,11647,12000,240.4,413.7
4522,2,20090721,20081229,3,1,2,1,3,5,2,313500,298500,-15000,204,2210,4,3.5,1971,9400,0.027,8060,5642,0,475.7,398.8
4523,2,20090626,20090217,2,1,1,3,1,5,3,500500,464500,-36000,129,2490,3,2.5,2009,10200,0.024,11148,7804,0,236.6,416.7
4524,2,20090603,20090115,7,1,1,1,2,2,2,361000,338500,-22500,139,2050,3,2.5,1978,10200,0.0275,9309,6516,4750,480.2,275.7
4525,2,20090522,20081227,7,1,2,6,1,1,1,260500,238000,-22500,146,1920,2,2,1971,8600,0.024,5712,3998,0,496.7,265.6
4526,2,20090421,20090103,5,1,2,4,3,1,2,316000,295000,-21000,108,1920,3,2.5,1986,8800,0.0225,6638,4647,0,538.9,417.1
4527,2,20090509,20090108,5,1,2,6,1,2,2,271000,257000,-14000,121,1520,2,2,1977,7300,0.029500000000000002,7582,5307,3250,533.8,448.9
4528,2,20091102,20090711,2,1,1,3,1,1,2,322500,306000,-16500,114,2160,4,3.5,2009,9150,0.027,8262,5783,0,237,394.3
4529,2,20090227,20080927,3,1,1,1,1,2,1,235500,219500,-16000,153,1770,2,2,1995,4700,0.025500000000000002,5597,3918,2000,458.7,401.4
4530,2,20090311,20081123,3,1,1,4,1,5,2,269000,262000,-7000,108,1610,3,2.5,1996,3950,0.0265,6943,4860,2000,480.3,397.8
4531,2,20091113,20090610,3,1,2,3,2,5,2,270500,255500,-15000,156,1690,4,3.5,1992,4750,0.025500000000000002,6515,4561,0,468.3,408.7
4532,2,20091008,20090509,7,1,1,3,1,2,1,184000,175000,-9000,152,1500,2,2,1989,4950,0.0245,4288,3002,0,520.1,221.7
4533,2,20090527,20090220,7,1,2,6,2,1,1,152000,140000,-12000,96,1300,2,2,1961,4100,0.0265,3710,2597,500,487.2,249.9
4534,2,20090827,20090224,7,1,2,3,1,1,1,225000,210500,-14500,184,1630,2,2,1963,4950,0.0235,4947,3463,1250,537.6,321.3
4535,2,20090117,20081009,7,1,1,6,1,2,1,156500,149500,-7000,100,1190,2,2,1963,3050,0.03,4485,3140,750,453.7,212.7
4536,2,20090824,20090428,7,1,2,4,4,4,1,262500,239000,-23500,118,1770,2,2,1970,8750,0.0245,5856,4099,0,509.7,278.5
4537,2,20100417,20100105,5,1,2,5,1,3,2,292500,271500,-21000,102,1840,3,2.5,1964,6150,0.025,6788,4752,1250,498.2,438.8
4538,2,20100624,20100316,3,1,2,1,2,2,2,287500,270000,-17500,100,1720,3,2.5,1956,6950,0.028,7560,5292,1750,474.4,408.5
4539,2,20100303,20091015,3,1,1,1,1,1,1,254500,248000,-6500,139,1620,3,2.5,1960,5100,0.03,7440,5208,2000,471.8,390.2
4540,2,20101024,20100510,5,1,2,8,2,2,1,226000,203500,-22500,167,1590,3,2.5,1972,6300,0.027,5495,3846,3250,545.6,434.1
4541,2,20100518,20100212,3,1,1,8,3,1,2,282000,261000,-21000,95,1810,2,2,1990,6250,0.023,6003,4202,0,471.7,384.4
4542,2,20100508,20100107,3,1,2,4,2,3,2,369500,332000,-37500,121,2350,4,3.5,1959,10750,0.0245,8134,5694,0,480.2,403.7
4543,2,20100527,20100123,3,1,1,6,2,4,2,287500,264500,-23000,124,1800,3,2.5,1980,6000,0.0235,6216,4351,0,474,418
4544,2,20100716,20100411,3,1,1,2,6,5,2,335000,322500,-12500,96,2020,4,3.5,1998,7850,0.0245,7901,5531,0,474.7,402.5
4545,2,20101025,20100603,5,1,2,8,6,5,2,362500,339000,-23500,144,2470,4,3.5,1976,7250,0.025500000000000002,8645,6052,2750,541.1,449.8
4546,2,20100605,20100214,5,1,2,2,2,5,1,255000,238000,-17000,111,1500,2,2,1996,6550,0.0285,6783,4748,1000,522.7,471.9
4547,2,20100519,20100114,3,1,2,2,1,5,2,363000,334000,-29000,125,2080,3,2.5,1992,8350,0.025500000000000002,8517,5962,0,476.6,392.7
4548,2,20100531,20100126,5,1,2,6,1,1,2,311500,295500,-16000,125,2020,3,2.5,1973,5200,0.0275,8126,5688,4500,517.9,452.8
4549,2,20100217,20090923,3,1,2,3,1,2,2,408500,376000,-32500,147,2020,3,2.5,2000,8850,0.029500000000000002,11092,7764,0,474.4,409.7
4550,2,20100204,20090921,3,1,2,3,1,2,2,312500,305500,-7000,136,1850,2,2,1973,5700,0.024,7332,5132,2250,455.4,402.1
4551,2,20101125,20100817,2,1,2,6,1,2,2,392500,372000,-20500,100,2130,4,3.5,2010,10350,0.024,8928,6250,5750,241.2,408.6
4552,2,20100702,20100325,3,1,1,6,2,1,2,356500,328000,-28500,99,2000,2,2,1962,5250,0.029,9512,6658,5000,459.1,386
4553,2,20100623,20100319,3,1,1,5,1,5,2,283000,262000,-21000,96,2220,3,2.5,1963,5650,0.022,5764,4035,2500,470.2,394.1
4554,2,20100307,20091024,7,1,2,2,2,2,1,231500,220000,-11500,134,1710,2,2,2002,4850,0.025,5500,3850,1750,500.1,242.8
4555,2,20100812,20100305,2,1,2,5,2,5,2,428000,406000,-22000,160,2790,5,4,2010,13200,0.0225,9135,6395,3750,228.3,403.6
4556,2,20100109,20090810,5,1,2,9,2,1,1,239500,218000,-21500,152,1920,3,2.5,1958,9050,0.025,5450,3815,0,524.7,429.3
4557,2,20100810,20100407,3,1,1,7,1,5,2,311500,286000,-25500,125,2110,3,2.5,1982,7700,0.025500000000000002,7293,5105,0,461,416.2
4558,2,20100703,20100329,7,1,2,6,1,1,1,242500,221000,-21500,96,1810,2,2,1992,5650,0.026000000000000002,5746,4022,0,471.4,269.1
4559,2,20100419,20100102,5,1,1,2,3,6,1,219500,213000,-6500,107,1510,4,3.5,1977,3900,0.03,6390,4473,0,509.4,447.1
4560,2,20101112,20100613,3,1,2,8,1,4,2,280500,259500,-21000,152,2190,3,2.5,1995,9550,0.0235,6098,4269,0,470,390.6
4561,2,20100915,20100417,2,1,2,6,2,5,2,386000,357000,-29000,151,2410,4,3.5,2001,11350,0.028,9996,6997,4500,248.3,416.5
4562,2,20100811,20100430,3,1,1,7,2,5,2,278000,256500,-21500,103,1850,2,2,1964,4600,0.029,7439,5207,0,467.5,403
4563,2,20101218,20100913,3,1,1,1,5,5,2,302500,280000,-22500,96,1800,3,2.5,2008,6050,0.0275,7700,5390,0,458.4,396.8
4564,2,20100218,20091011,3,1,3,3,1,3,2,301500,282000,-19500,130,1820,4,3.5,1997,4400,0.0445,12549,8784,5000,468.9,402.6
4565,2,20100505,20100113,5,1,2,3,4,2,1,234000,220500,-13500,112,1750,2,2,1976,6450,0.0265,5843,4090,1000,532.6,422.1
4566,2,20101006,20100619,3,1,2,5,2,2,2,320500,303500,-17000,109,2070,3,2.5,1982,5800,0.0265,8043,5630,0,481.1,384.6
4567,2,20100921,20100422,5,1,1,6,2,2,2,341000,311500,-29500,152,1710,3,2.5,1976,4200,0.026000000000000002,8099,5669,0,542.2,451.1
4568,2,20100531,20091228,5,1,2,1,2,2,2,343500,322000,-21500,154,1860,2,2,2003,5550,0.0265,8533,5973,0,525.1,468.7
4569,2,20100508,20100124,7,1,1,3,2,1,1,140000,131500,-8500,104,1370,2,2,1990,5500,0.0285,3748,2624,0,501.9,242.5
4570,2,20100809,20100326,5,1,1,6,1,6,1,243500,237500,-6000,136,1920,3,2.5,1985,4600,0.0265,6294,4406,2750,534.7,429.3
4571,2,20100828,20100424,3,1,2,5,2,1,1,243500,230000,-13500,126,1480,2,2,1988,7050,0.023,5290,3703,2750,464,408.5
4572,2,20100525,20100104,5,1,2,5,3,5,2,283500,260000,-23500,141,1930,3,2.5,1984,6950,0.024,6240,4368,0,551.2,433.6
4573,2,20101017,20100713,3,1,1,6,2,1,2,333000,313500,-19500,96,1980,3,2.5,1992,9350,0.029,9092,6364,1750,478.4,415.8
4574,2,20100402,20091208,2,1,1,9,2,1,3,574500,516000,-58500,115,2700,4,3.5,2010,12800,0.0235,12126,8488,0,236.6,416.7
4575,2,20101231,20100923,7,1,1,2,3,2,1,217000,207500,-9500,99,1600,2,2,1986,6500,0.023,4773,3341,0,437.1,269.5
4576,2,20100224,20091107,5,1,2,9,3,1,2,328000,299000,-29000,109,1900,3,2.5,1967,7450,0.026000000000000002,7774,5442,0,522,439.4
4577,2,20101017,20100614,7,1,1,5,1,4,1,242500,228500,-14000,125,1960,3,2.5,1992,8300,0.027,6170,4319,3750,494.6,243.8
4578,2,20100529,20091228,5,1,1,4,3,1,1,252000,241000,-11000,152,1990,2,2,1980,8350,0.025500000000000002,6146,4302,4000,523.6,447.7
4579,2,20100523,20100119,3,1,2,6,1,1,1,218500,203500,-15000,124,1540,2,2,2003,5700,0.027,5495,3846,0,477.4,409
4580,2,20110709,20110313,5,1,2,6,1,5,1,189000,176500,-12500,118,1870,2,2,1972,7800,0.03,5295,3706,0,519.7,447.2
4581,2,20110717,20110405,7,1,1,3,5,3,1,155000,149500,-5500,103,1360,2,2,1965,5650,0.022,3289,2302,750,489.4,244.8
4582,2,20111222,20110716,7,1,3,9,2,1,1,190000,186000,-4000,159,1890,3,2.5,1981,5250,0.044,8184,5729,0,463,230.9
4583,2,20110527,20110212,3,1,1,9,1,4,2,293500,274000,-19500,104,2010,3,2.5,1975,6500,0.025,6850,4795,2000,464.8,404.7
4584,2,20110323,20101127,5,1,2,2,1,1,1,253500,233500,-20000,116,1990,3,2.5,1986,7050,0.029,6772,4740,0,528.8,449.4
4585,2,20110703,20110320,7,1,1,2,3,1,1,220000,205500,-14500,105,1780,3,2.5,1956,7850,0.0225,4624,3237,2750,520.6,240.3
4586,2,20110830,20110425,7,1,2,1,1,2,1,131000,123500,-7500,127,1130,2,2,1988,2800,0.024,2964,2075,0,454.8,269.8
4587,2,20110913,20110423,5,1,2,8,2,2,1,229000,209000,-20000,143,1710,2,2,1985,7650,0.0235,4912,3438,0,536.9,451.6
4588,2,20110520,20110130,5,1,1,5,3,5,1,263500,246500,-17000,110,1780,3,2.5,1978,5600,0.0245,6039,4227,1750,524.6,431.6
4589,2,20111231,20110918,3,1,2,3,1,2,2,296000,283000,-13000,104,2080,3,2.5,1996,6500,0.0275,7783,5448,2250,458.1,411
4590,2,20110201,20101008,7,1,2,3,3,4,1,183500,173000,-10500,116,1590,2,2,2003,7350,0.0245,4239,2967,0,499,230.2
4591,2,20110406,20101224,2,1,1,3,4,1,2,481000,438500,-42500,103,2610,4,3.5,2011,10450,0.028,12278,8595,4750,230.3,407.9
4592,2,20110206,20101029,7,1,2,2,4,5,1,232000,210500,-21500,100,2090,3,2.5,1985,8000,0.0235,4947,3463,0,482.1,278.8
4593,2,20111011,20110704,3,1,2,9,3,4,2,380000,355500,-24500,99,2310,4,3.5,1961,9850,0.0245,8710,6097,0,465.2,401.1
4594,2,20111212,20110826,5,1,1,3,1,1,1,260000,239000,-21000,108,2110,3,2.5,1981,9650,0.026000000000000002,6214,4350,0,552.7,423.4
4595,2,20110716,20110322,5,1,2,5,5,1,2,325500,307000,-18500,116,2000,3,2.5,2000,5850,0.0225,6908,4836,0,509.1,464.4
4596,2,20110610,20110226,7,1,2,5,2,1,1,163000,154000,-9000,104,1720,3,2.5,2005,7100,0.029,4466,3126,0,480.5,255.7
4597,2,20110913,20110519,3,1,1,1,1,3,1,221500,210500,-11000,117,1500,3,2.5,1968,7200,0.025,5263,3684,0,481.3,399.9
4598,2,20111221,20110901,2,1,2,4,2,5,2,451500,422500,-29000,111,2680,5,4,2011,12550,0.028,11830,8281,0,242.9,408.4
4599,2,20111130,20110803,2,1,2,4,2,4,2,424500,417000,-7500,119,2740,4,3.5,2011,7150,0.027,11259,7881,0,239.4,411.6
4600,2,20111029,20110714,2,1,2,6,1,5,2,477500,440500,-37000,107,2430,3,2.5,2011,8700,0.0225,9911,6938,3000,222.9,409.7
4601,2,20110610,20110107,7,1,1,2,1,2,1,216000,196000,-20000,154,2110,4,3.5,1968,7150,0.0265,5194,3636,0,423.1,227.6
4602,2,20110509,20110130,7,1,2,4,2,1,1,195000,180500,-14500,99,1960,3,2.5,1966,7250,0.0275,4964,3475,0,498,271.3
4603,2,20110924,20110602,7,1,2,4,1,1,1,210500,194500,-16000,114,1770,3,2.5,1978,8550,0.025500000000000002,4960,3472,0,513.2,242.8
4604,2,20110501,20110118,5,1,1,2,3,2,1,149000,135000,-14000,103,1100,2,2,2004,4550,0.024,3240,2268,0,523.1,461.5
4605,2,20110326,20101130,5,1,1,2,1,1,1,231000,219500,-11500,116,1660,4,3.5,1959,6400,0.023,5049,3534,0,534.7,445.5
4606,2,20110921,20110522,7,1,2,4,1,2,1,260500,247500,-13000,122,2680,4,3.5,1966,11650,0.0235,5816,4071,3500,441.7,245.3
4607,2,20111204,20110811,5,1,3,1,1,1,1,261500,247000,-14500,115,1790,3,2.5,1965,7850,0.048,11856,8299,0,500.8,432.2
4608,2,20110103,20100921,7,1,2,2,2,4,1,214000,202500,-11500,104,1910,3,2.5,1992,7150,0.023,4658,3261,0,503.6,278.4
4609,2,20110806,20110409,5,1,2,8,1,2,2,301500,283000,-18500,119,1760,3,2.5,1980,8650,0.0245,6934,4854,0,529.2,448.3
4610,2,20110723,20110323,3,1,2,1,3,2,1,238500,228500,-10000,122,1560,2,2,2002,5700,0.0245,5598,3919,2250,467.4,405.3
4611,2,20110617,20110125,7,1,2,6,1,1,1,186500,174000,-12500,143,1610,3,2.5,1979,7900,0.0245,4263,2984,0,465.6,232.7
4612,2,20110623,20110127,3,1,2,3,4,5,2,310000,282500,-27500,147,2180,4,3.5,1993,5400,0.0245,6921,4845,2000,459.1,396.6
4613,2,20110506,20110127,7,1,2,8,2,2,1,146000,138500,-7500,99,1670,3,2.5,1966,6850,0.025,3463,2424,0,469.5,230.9
4614,2,20110611,20110116,3,1,2,3,5,1,1,247500,232500,-15000,146,1870,2,2,1968,5750,0.028,6510,4557,0,483,394.8
4615,2,20110914,20110524,5,1,2,3,1,4,1,210500,190500,-20000,113,1780,3,2.5,1955,8050,0.027,5144,3601,2750,535.3,435.2
4616,2,20110601,20101220,5,1,2,1,2,2,2,279000,263000,-16000,163,1900,3,2.5,1967,7850,0.028,7364,5155,3000,558.8,426.4
4617,2,20110218,20101105,3,1,1,3,4,2,1,189000,174000,-15000,105,1620,3,2.5,2000,4050,0.024,4176,2923,0,448.1,403.8
4618,2,20110304,20101123,5,1,2,6,4,3,1,250500,237500,-13000,101,2170,4,3.5,1993,8200,0.0225,5344,3741,0,513.3,444.1
4619,2,20110511,20110104,3,1,1,8,2,1,2,353500,333000,-20500,127,2190,3,2.5,1977,6050,0.027,8991,6294,0,473.8,415.7
4620,2,20110121,20100826,3,1,2,2,4,3,2,287500,263500,-24000,148,2210,3,2.5,1992,7250,0.028,7378,5165,0,467.8,408.8
4621,2,20110329,20101201,7,1,2,2,1,4,1,139500,130500,-9000,118,1400,2,2,1963,4900,0.0235,3067,2147,750,452.8,244.4
4622,2,20121005,20120824,7,1,1,1,1,4,1,222000,221000,-1000,42,1920,2,2,1970,8350,0.025500000000000002,5636,3945,0,512.3,271
4623,2,20120511,20120324,3,1,2,2,1,2,2,244500,251500,7000,48,2140,4,3.5,2007,7200,0.025500000000000002,6413,4489,0,466.9,398.4
4624,2,20120314,20120117,2,1,2,1,1,1,2,444500,437000,-7500,57,2290,3,2.5,2009,7300,0.0275,12018,8413,0,242.5,413.8
4625,2,20120407,20120226,5,1,2,1,1,1,2,302500,307000,4500,41,1660,3,2.5,2005,4000,0.03,9210,6447,5000,542.8,431.4
4626,2,20120726,20120611,5,1,1,1,5,6,2,288000,297000,9000,45,1740,3,2.5,2005,6650,0.028,8316,5821,0,526.2,439.9
4627,2,20120318,20120114,7,1,2,2,1,2,1,172000,163000,-9000,64,1260,2,2,2001,5050,0.028,4564,3195,0,513.2,220.6
4628,2,20120423,20120313,3,1,1,8,5,4,2,322500,327500,5000,41,1880,3,2.5,1967,7800,0.025,8188,5732,0,485,392
4629,2,20120821,20120707,3,1,1,2,2,6,2,340000,332500,-7500,45,1910,4,3.5,1987,5600,0.029,9643,6750,0,477.3,397.2
4630,2,20121127,20121001,2,1,3,1,2,5,2,378000,372000,-6000,57,2090,4,3.5,2012,6100,0.0465,17298,12109,0,229.1,414.1
4631,2,20120607,20120422,7,1,2,4,5,2,1,231000,229500,-1500,46,1990,3,2.5,2011,8250,0.024,5508,3856,0,505.5,232.5
4632,2,20120509,20120319,2,1,1,4,1,5,3,482500,501500,19000,51,3230,5,4,2008,12850,0.023,11535,8074,0,249.1,417.1
4633,2,20120715,20120531,3,1,1,3,2,4,3,451000,457000,6000,45,2460,4,3.5,2001,11750,0.028,12796,8957,0,473.6,411
4634,2,20120630,20120512,3,1,2,3,2,6,2,275500,268000,-7500,49,1800,3,2.5,2001,4450,0.0245,6566,4596,0,471.1,417.5
4635,2,20120512,20120303,3,1,3,6,1,2,1,195500,188000,-7500,70,1500,2,2,1970,4050,0.05,9400,6580,0,473.9,403.9
4636,2,20120729,20120525,3,1,2,3,1,1,2,262500,255500,-7000,65,1770,3,2.5,1963,5850,0.0225,5749,4024,0,461.1,404.4
4637,2,20120603,20120331,7,1,2,1,1,1,1,110500,113500,3000,64,950,2,2,1958,3750,0.0235,2667,1867,0,524.8,219.6
4638,2,20121112,20120926,5,1,1,3,1,5,2,299000,298500,-500,47,1980,3,2.5,1973,7600,0.026000000000000002,7761,5433,0,517.9,438.9
4639,2,20120708,20120524,5,1,1,6,3,3,2,352500,344000,-8500,45,2090,3,2.5,2011,5350,0.024,8256,5779,0,523.7,448.8
4640,2,20120308,20120106,7,1,2,4,2,3,1,237500,245000,7500,62,1950,3,2.5,1956,9600,0.0275,6738,4717,0,466,265.4
4641,2,20120315,20120118,5,1,2,4,3,2,1,216000,212500,-3500,57,1830,3,2.5,2004,5550,0.026000000000000002,5525,3867,3000,505.4,472.1
4642,2,20120829,20120721,3,1,1,1,1,3,2,376000,368500,-7500,39,2240,4,3.5,1969,8800,0.0285,10502,7351,0,486.5,414
4643,2,20120120,20111120,2,1,1,3,2,5,2,421000,408000,-13000,61,2080,3,2.5,2011,9250,0.0235,9588,6712,0,225.7,420.2
4644,2,20120702,20120520,3,1,1,1,1,5,2,308500,294500,-14000,43,1960,4,3.5,2003,4900,0.0275,8099,5669,0,457.1,411.2
4645,2,20120401,20120204,2,1,2,4,5,2,2,372000,364500,-7500,57,2080,5,4,2004,9350,0.024,8748,6124,0,243.9,410.6
4646,2,20120712,20120506,7,1,1,5,1,2,1,180500,179000,-1500,67,1570,2,2,1988,5250,0.024,4296,3007,0,470.7,300.8
4647,2,20120117,20111125,5,1,1,3,1,5,2,248000,253500,5500,53,1830,3,2.5,2009,5800,0.029500000000000002,7478,5235,0,546.3,441.1
4648,2,20120226,20111220,3,1,2,6,1,5,1,257000,249500,-7500,68,1660,4,3.5,1955,4400,0.023,5739,4017,0,481.2,401.1
4649,2,20120611,20120425,3,1,1,2,2,1,2,300000,297000,-3000,47,1880,3,2.5,2005,8800,0.028,8316,5821,0,450.8,406.7
4650,2,20120119,20111201,7,1,2,7,1,2,2,319500,317000,-2500,49,2110,4,3.5,2008,10450,0.029,9193,6435,0,489.4,224.9
4651,2,20120517,20120404,3,1,2,2,1,1,2,319000,321000,2000,43,1870,3,2.5,1959,5500,0.0265,8507,5955,0,487.2,399.7
4652,2,20121007,20120816,5,1,2,7,2,4,2,358500,352000,-6500,52,1940,3,2.5,1988,6700,0.027,9504,6653,0,528.5,461
4653,2,20120401,20120207,5,1,2,1,1,1,2,298000,292000,-6000,54,1950,3,2.5,1962,9500,0.028,8176,5723,0,516.2,424.8
4654,2,20120724,20120614,3,1,2,2,1,4,2,294500,290500,-4000,40,1740,3,2.5,1970,7300,0.025,7263,5084,0,471.6,396.2
4655,2,20120826,20120611,5,1,1,3,4,5,2,265500,265500,0,76,1810,3,2.5,1963,5100,0.029500000000000002,7832,5482,0,536.1,434.1
4656,2,20120411,20120222,3,1,1,5,2,5,2,290000,284500,-5500,49,2150,3,2.5,1997,5550,0.023,6544,4581,0,484.6,403.8
4657,2,20120617,20120425,3,1,2,4,5,1,1,226500,223500,-3000,53,1570,2,2,1986,5350,0.025500000000000002,5699,3989,0,475.7,402.3
4658,2,20121220,20121105,5,1,3,8,3,4,2,338000,341000,3000,45,2050,3,2.5,1995,5650,0.0495,16880,11816,0,537.6,434.3
4659,2,20121227,20121022,7,1,2,3,4,3,1,249500,245500,-4000,66,1590,4,3.5,1988,5400,0.028,6874,4812,0,473.1,274.6
4660,2,20120802,20120624,3,1,2,9,1,5,1,227000,222000,-5000,39,1540,2,2,1983,4800,0.0285,6327,4429,0,469,415.6
4661,2,20120806,20120623,7,1,2,2,2,1,1,163000,158000,-5000,44,1270,2,2,1997,3800,0.0275,4345,3042,0,465.7,252.6
4662,2,20120519,20120322,5,1,2,2,1,4,1,228500,227000,-1500,58,1770,3,2.5,1974,5250,0.024,5448,3814,0,513.3,423.3
4663,2,20120122,20111210,3,1,2,1,2,1,2,282000,276000,-6000,43,1810,3,2.5,2002,6500,0.028,7728,5410,0,467.9,417
4664,2,20121127,20120925,3,1,1,1,5,5,2,283500,282000,-1500,63,1810,4,3.5,1992,4850,0.0245,6909,4836,0,470.2,402.3
4665,2,20120222,20120102,3,1,1,6,1,4,2,299500,306000,6500,51,1950,4,3.5,1970,5050,0.0235,7191,5034,0,473.5,405.2
4666,2,20121212,20121017,7,1,2,1,1,2,1,147500,144500,-3000,56,1560,2,2,1975,7000,0.022,3179,2225,0,486.6,252.3
4667,2,20130728,20130610,3,1,2,6,1,2,1,247500,249500,2000,48,1830,2,2,2010,8550,0.0285,7111,4978,0,481.7,406.8
4668,2,20130826,20130702,3,1,2,2,3,4,2,299500,287500,-12000,55,2080,4,3.5,1997,9700,0.027,7763,5434,0,472.1,397.2
4669,2,20130906,20130727,7,1,2,2,4,3,2,289500,279500,-10000,41,2240,2,2,2004,9250,0.0225,6289,4402,2750,505.1,266.5
4670,2,20131002,20130820,5,1,1,4,1,2,1,235500,233000,-2500,43,1410,2,2,1976,5150,0.028,6524,4567,0,532.7,440.7
4671,2,20131013,20130826,5,1,2,8,1,1,2,318000,322500,4500,48,2150,4,3.5,1974,5450,0.023,7418,5193,0,508.1,445.8
4672,2,20130220,20121217,3,1,2,6,1,5,2,309000,307500,-1500,65,1950,2,2,1967,9700,0.025,7688,5382,0,457.6,408.7
4673,2,20130812,20130622,3,1,1,6,2,5,2,349000,359000,10000,51,2240,3,2.5,1973,7750,0.025500000000000002,9155,6409,0,453.9,403.6
4674,2,20131006,20130808,5,1,2,1,1,1,1,234500,232500,-2000,59,1660,4,3.5,2007,5850,0.0235,5464,3825,2750,522.5,454.5
4675,2,20130710,20130531,7,1,2,8,5,6,1,250000,243000,-7000,40,1830,3,2.5,1959,4850,0.0265,6440,4508,0,447.7,245.3
4676,2,20130905,20130711,3,1,2,4,1,1,2,370000,366000,-4000,56,2110,4,3.5,1961,9150,0.029500000000000002,10797,7558,0,454.3,407.1
4677,2,20130722,20130601,3,1,2,8,2,5,2,306000,314500,8500,51,1890,3,2.5,1993,5850,0.025,7863,5504,0,464.5,409.5
4678,2,20130731,20130531,5,1,1,5,1,2,2,345500,345500,0,61,2240,3,2.5,1965,8200,0.027,9329,6530,0,544.4,458.3
4679,2,20130425,20130216,3,1,1,6,2,2,1,194500,200500,6000,68,1290,2,2,1998,4500,0.026000000000000002,5213,3649,2500,458.2,403.9
4680,2,20130520,20130304,5,1,2,1,1,5,2,400500,399500,-1000,77,2220,3,2.5,1964,8000,0.0245,9788,6852,0,521,439.2
4681,2,20130624,20130424,5,1,2,2,2,1,2,274500,276500,2000,61,1650,3,2.5,1998,7150,0.025,6913,4839,0,531.1,439.3
4682,2,20130903,20130704,7,1,2,2,1,2,2,248000,252000,4000,61,1680,3,2.5,1956,5500,0.0265,6678,4675,0,492.8,224.3
4683,2,20130717,20130527,2,1,2,3,1,5,3,582500,573000,-9500,51,2690,4,3.5,2013,12900,0.0275,15758,11031,0,236.5,413.8
4684,2,20130311,20121229,5,1,2,6,1,5,2,356500,367000,10500,72,2310,4,3.5,2002,5850,0.0225,8258,5781,0,503.6,449.9
4685,2,20130430,20130301,7,1,1,2,5,5,2,275000,269500,-5500,60,1940,3,2.5,1983,5400,0.0265,7142,4999,0,530.2,252.5
4686,2,20130519,20130411,7,1,3,9,6,2,1,231500,232500,1000,38,1840,4,3.5,1987,5600,0.0485,11276,7893,0,510.3,285.4
4687,2,20130404,20130215,7,1,1,2,2,1,2,252000,256500,4500,48,1660,2,2,1990,6100,0.0245,6284,4399,0,468.9,242.7
4688,2,20131211,20131001,3,1,1,1,2,1,2,282500,286000,3500,71,1850,3,2.5,2002,7850,0.029500000000000002,8437,5906,0,477.3,403.1
4689,2,20130131,20121223,7,1,2,1,3,3,2,286000,288500,2500,39,1790,3,2.5,1970,7500,0.029,8367,5857,0,458.9,274.9
4690,2,20131027,20130918,3,1,2,8,3,1,2,302000,298500,-3500,39,2090,4,3.5,2007,5600,0.025,7463,5224,0,460,405.8
4691,2,20131202,20131013,5,1,1,2,4,2,1,226000,225500,-500,50,1430,2,2,1961,5850,0.0285,6427,4499,0,537.8,426.2
4692,2,20131030,20130911,3,1,1,3,1,3,2,335000,330500,-4500,49,1980,4,3.5,1960,5750,0.028,9254,6478,0,463.8,408.5
4693,2,20130408,20130217,5,1,1,6,3,1,2,394500,393000,-1500,50,2300,3,2.5,2005,8000,0.0265,10415,7290,0,539.8,423
4694,2,20130625,20130514,5,1,2,2,4,1,2,288500,279500,-9000,42,1670,3,2.5,2003,5950,0.026000000000000002,7267,5087,0,501.3,440.3
4695,2,20131002,20130731,5,1,2,3,2,2,2,311500,306500,-5000,63,1810,3,2.5,1972,7200,0.0275,8429,5900,0,515.4,425.8
4696,2,20130615,20130502,7,1,2,6,3,2,1,205500,210500,5000,44,1490,2,2,1970,4950,0.0275,5789,4052,0,493.5,233.5
4697,2,20130530,20130411,5,1,1,3,1,6,2,335500,333500,-2000,49,1790,2,2,1976,7800,0.024,8004,5603,0,541.9,417.4
4698,2,20130307,20130125,3,1,2,1,3,5,2,380000,362000,-18000,41,1970,3,2.5,1997,6150,0.028,10136,7095,0,455.2,393.9
4699,2,20130305,20130103,3,1,2,4,1,2,2,258500,254000,-4500,61,1760,2,2,1970,6200,0.025500000000000002,6477,4534,0,461,420.9
4700,2,20130214,20130102,5,1,2,3,1,2,2,292500,293000,500,43,1770,4,3.5,2008,7600,0.023,6739,4717,0,522,453.3
4701,2,20130702,20130504,3,1,1,2,1,1,2,256000,260000,4000,59,1700,3,2.5,1997,5750,0.0245,6370,4459,0,466.1,405.6
4702,2,20130916,20130713,3,1,2,6,1,5,2,291000,287500,-3500,65,2060,3,2.5,1998,5700,0.03,8625,6038,0,472.1,397.2
4703,2,20130531,20130329,3,1,2,7,1,1,2,335000,324500,-10500,63,2150,3,2.5,1993,5250,0.0285,9248,6474,0,474.7,381.3
4704,2,20131211,20131028,5,1,1,3,3,1,2,269500,266500,-3000,44,1680,2,2,2009,4400,0.023,6130,4291,0,531.5,464.8
4705,2,20130831,20130711,3,1,2,8,2,1,2,319500,318500,-1000,51,1860,4,3.5,2005,6850,0.0285,9077,6354,3250,464.2,403.7
4706,2,20130824,20130608,5,1,2,9,1,4,1,229000,231000,2000,77,1490,2,2,1971,5600,0.026000000000000002,6006,4204,0,516.5,435.2
4707,2,20130217,20121229,5,1,2,2,1,2,2,284000,279500,-4500,50,1840,4,3.5,2002,8700,0.0245,6848,4794,0,521.8,437
4708,2,20130803,20130612,5,1,1,3,1,2,2,343000,340500,-2500,52,2140,4,3.5,1963,10250,0.025500000000000002,8683,6078,0,513.8,419.8
4709,2,20130711,20130517,5,1,2,9,4,2,2,331500,330500,-1000,55,1990,3,2.5,1989,6750,0.03,9915,6941,0,490,443.6
4710,2,20141020,20140826,3,1,1,9,1,3,2,313000,307500,-5500,55,1740,3,2.5,1963,5000,0.028,8610,6027,0,475.8,407
4711,2,20140624,20140417,5,1,2,4,4,5,1,232000,233500,1500,68,1390,3,2.5,1970,4900,0.0285,6655,4659,0,521.5,428.9
4712,2,20140730,20140517,5,1,2,5,1,1,2,320500,323000,2500,74,2010,4,3.5,1973,8550,0.0265,8560,5992,0,543.6,460.5
4713,2,20140826,20140718,3,1,2,2,1,3,2,375000,372000,-3000,39,1970,4,3.5,2006,8050,0.029,10788,7552,0,467,411.3
4714,2,20140720,20140612,2,1,2,2,1,5,2,436000,447000,11000,38,2150,4,3.5,2010,6150,0.0265,11846,8292,0,252.7,416.8
4715,2,20141123,20141006,2,1,2,7,1,2,3,494000,489000,-5000,48,2280,4,3.5,2014,8350,0.026000000000000002,12714,8900,0,228.3,416.4
4716,2,20140926,20140808,5,1,1,2,2,1,2,339000,328000,-11000,49,1740,3,2.5,2011,8100,0.029500000000000002,9676,6773,0,544.4,424.7
4717,2,20140924,20140801,5,1,2,5,3,2,2,265500,266500,1000,54,1510,2,2,1959,6550,0.0265,7062,4943,0,518.8,435.5
4718,2,20140124,20131125,3,1,2,2,4,1,1,206000,207000,1000,60,1410,3,2.5,1972,5600,0.0285,5900,4130,0,461.4,400.8
4719,2,20140201,20131225,3,1,1,1,1,4,1,245000,242500,-2500,38,1640,2,2,1980,8150,0.029,7033,4923,0,473,392.3
4720,2,20140513,20140319,5,1,2,5,3,1,2,310000,310500,500,55,1720,3,2.5,1983,5300,0.0265,8228,5760,0,499.2,432
4721,2,20140317,20131215,5,1,1,5,1,3,2,385000,382000,-3000,92,2190,3,2.5,1974,5300,0.0225,8595,6017,0,541.4,432.4
4722,2,20140705,20140503,3,1,2,4,4,5,2,273500,268000,-5500,63,2010,3,2.5,2006,6300,0.029,7772,5440,0,460,408.2
4723,2,20140420,20140307,5,1,2,6,1,2,2,399500,395000,-4500,44,1910,3,2.5,1965,5350,0.0285,11258,7881,0,522.3,454.5
4724,2,20140704,20140515,5,1,1,9,1,1,2,383000,383000,0,50,2240,3,2.5,1960,10700,0.025500000000000002,9767,6837,0,550.4,435.8
4725,2,20140721,20140610,5,1,2,4,4,1,2,342000,344000,2000,41,1920,3,2.5,2011,8100,0.0265,9116,6381,0,513.9,451.1
4726,2,20141011,20140813,7,1,2,2,1,1,1,213500,212000,-1500,59,1430,2,2,1957,6250,0.0235,4982,3487,0,469.3,274.1
4727,2,20140719,20140501,5,1,1,6,4,1,2,347500,339500,-8000,79,1940,4,3.5,1956,8650,0.028,9506,6654,5750,527.6,435.4
4728,2,20140414,20140211,5,1,3,6,1,4,2,379000,370000,-9000,62,1870,2,2,1989,6250,0.049,18130,12691,0,537.2,463.2
4729,2,20140813,20140627,5,1,2,4,5,1,2,286000,286500,500,47,1620,3,2.5,1989,4850,0.029500000000000002,8452,5916,0,517.8,436.5
4730,2,20140528,20140331,7,1,1,9,1,3,1,178500,181500,3000,58,1440,3,2.5,1994,5200,0.024,4356,3049,0,431.9,250.6
4731,2,20140918,20140728,3,1,1,2,1,2,2,385000,386000,1000,52,1870,3,2.5,1996,5000,0.027,10422,7295,0,475.6,394.1
4732,2,20140430,20140321,3,1,1,4,1,2,2,435500,422000,-13500,40,2170,3,2.5,2011,6850,0.023,9706,6794,4500,481,397.6
4733,2,20140720,20140428,7,1,1,3,3,1,1,241000,248500,7500,83,1700,3,2.5,2000,6400,0.022,5467,3827,0,521.9,271.6
4734,2,20140526,20140402,5,1,3,1,1,1,2,293500,294000,500,54,1770,3,2.5,1980,5650,0.046,13524,9467,0,525.6,454.9
4735,2,20140826,20140714,3,1,2,4,4,4,2,360000,362500,2500,43,1780,3,2.5,1988,8600,0.0265,9606,6724,0,461.8,411.3
4736,2,20141219,20141105,7,1,1,6,1,1,2,336000,340000,4000,44,2200,3,2.5,1984,11000,0.03,10200,7140,0,502.2,264.6
4737,2,20140814,20140611,5,1,2,6,1,5,2,311000,301500,-9500,64,1810,3,2.5,1989,9050,0.0275,8291,5804,0,546.2,444.6
4738,2,20140512,20140321,7,1,2,6,1,1,1,200500,199500,-1000,52,1640,3,2.5,1986,3950,0.029500000000000002,5885,4120,0,495.3,255.4
4739,2,20140826,20140712,2,1,2,5,1,5,3,510500,511000,500,45,2240,3,2.5,2014,10300,0.0235,12009,8406,0,240,420.5
4740,2,20140207,20131206,3,1,1,1,1,1,2,409000,412500,3500,63,2080,4,3.5,1996,6150,0.0285,11756,8229,0,468.6,400.4
4741,2,20140301,20140107,2,1,1,9,1,5,3,487500,486000,-1500,53,2290,4,3.5,2014,9900,0.029,14094,9866,7250,244.1,415
4742,2,20140507,20140323,5,1,2,5,3,3,2,385500,398500,13000,45,2130,3,2.5,1965,9250,0.0285,11357,7950,0,533.5,444.2
4743,2,20140518,20140408,7,1,2,7,6,2,2,340000,334000,-6000,40,2020,3,2.5,1968,9950,0.0265,8851,6196,0,531.1,264.1
4744,2,20141124,20141014,5,1,2,7,3,5,2,422500,438500,16000,41,2210,4,3.5,2006,8500,0.0225,9866,6906,0,551.2,447.5
4745,2,20140814,20140627,5,1,2,6,1,5,2,330500,340000,9500,48,1760,2,2,1959,4750,0.0245,8330,5831,0,528.1,450.5
4746,2,20140518,20140306,5,1,1,2,1,4,3,489000,473000,-16000,73,2350,4,3.5,2008,8700,0.022,10406,7284,0,526.3,441
4747,2,20140226,20140116,5,1,2,5,3,3,2,369500,365000,-4500,41,1850,2,2,2013,7700,0.023,8395,5877,0,505.5,414.2
4748,2,20140623,20140515,3,1,2,6,1,4,2,322500,332000,9500,39,1910,3,2.5,2009,8950,0.0245,8134,5694,0,483.5,388.8
4749,2,20140427,20140320,7,1,2,1,1,1,2,315500,323500,8000,38,1940,3,2.5,1994,7450,0.025,8088,5662,0,487.1,205.4
4750,2,20140822,20140623,5,1,2,3,3,5,2,379000,373000,-6000,60,1900,3,2.5,1987,7050,0.025500000000000002,9512,6658,0,517.1,442.2
4751,2,20140907,20140705,3,1,2,6,3,2,2,371000,368000,-3000,64,1710,4,3.5,1980,8300,0.0235,8648,6054,0,464.8,394.1
4752,2,20140809,20140521,5,1,1,4,1,2,2,324000,324000,0,80,1890,3,2.5,2005,6350,0.028,9072,6350,0,542.3,449.9
4753,2,20140429,20140315,5,1,2,1,1,1,2,334000,331500,-2500,45,2090,4,3.5,1962,6100,0.025500000000000002,8453,5917,0,509.6,448.3
4754,2,20140803,20140520,3,1,2,2,1,6,2,332500,321000,-11500,75,1590,3,2.5,1989,4000,0.025500000000000002,8186,5730,0,462,400.7
4755,2,20141114,20140925,3,1,3,2,1,1,2,314500,310500,-4000,50,1890,4,3.5,1961,5300,0.0495,15370,10759,0,474.5,415.5
4756,2,20141027,20140903,3,1,2,6,1,5,2,349500,338000,-11500,54,2270,4,3.5,1959,8300,0.028,9464,6625,5000,459.6,405.9
4757,2,20140611,20140419,7,1,2,5,1,1,1,199000,198500,-500,53,2010,3,2.5,1980,9750,0.027,5360,3752,0,503,280.9
4758,2,20150807,20150511,7,1,2,3,1,1,2,285500,285500,0,88,1340,2,2,1989,4450,0.0285,8137,5696,0,441,291
4759,2,20150614,20150430,7,1,1,8,1,2,2,266500,276500,10000,45,1650,3,2.5,2011,6900,0.025500000000000002,7051,4936,2750,418.4,296.3
4760,2,20150317,20150207,3,1,1,4,1,5,2,393000,389500,-3500,38,2200,3,2.5,2001,9800,0.025,9738,6817,0,473.2,388.7
4761,2,20150806,20150613,7,1,1,3,2,2,2,437500,423500,-14000,54,2380,4,3.5,2001,9950,0.0225,9529,6670,0,496.1,258.7
4762,2,20151121,20151012,5,1,1,1,1,4,2,269000,272000,3000,40,1350,2,2,1962,6400,0.024,6528,4570,0,532.4,437.1
4763,2,20151021,20150831,7,1,2,8,1,1,2,342000,332000,-10000,51,2440,4,3.5,1960,5950,0.029,9628,6740,0,491.3,252.6
4764,2,20151101,20150917,5,1,1,2,2,5,2,353000,360000,7000,45,1720,3,2.5,1980,5550,0.0235,8460,5922,0,529.7,464.6
4765,2,20150227,20150110,5,1,2,8,1,2,2,426000,440500,14500,48,1870,4,3.5,1982,7000,0.026000000000000002,11453,8017,0,526.9,457.3
4766,2,20150311,20150128,2,1,2,1,1,2,3,651500,647000,-4500,42,2590,3,2.5,2015,7000,0.022,14234,9964,0,250.2,415
4767,2,20150105,20141025,5,1,1,2,1,1,2,316500,323000,6500,72,1850,3,2.5,2014,4500,0.024,7752,5426,0,507.2,423.7
4768,2,20150819,20150626,7,1,2,4,1,1,2,330500,326500,-4000,54,1980,3,2.5,1980,9100,0.0265,8652,6056,0,529.3,273.7
4769,2,20150803,20150619,5,1,2,7,1,5,2,383500,380000,-3500,45,1650,3,2.5,1961,6250,0.029,11020,7714,0,542.3,449.9
4770,2,20150211,20150102,7,1,2,3,3,2,2,304500,300500,-4000,40,2090,3,2.5,1976,8100,0.028,8414,5890,0,465.1,267.9
4771,2,20150429,20150317,2,1,1,2,1,2,3,535000,543500,8500,43,2430,4,3.5,2002,7900,0.028,15218,10653,0,234.7,411.1
4772,2,20150517,20150403,2,1,2,9,1,5,3,519500,519000,-500,44,2510,3,2.5,2015,8350,0.029500000000000002,15311,10718,0,236.6,402.5
4773,2,20151109,20150903,5,1,2,6,3,1,2,269500,265000,-4500,67,1530,2,2,1989,5000,0.0225,5963,4174,0,522.2,444
4774,2,20150919,20150811,5,1,2,4,4,1,2,259000,251500,-7500,39,1270,2,2,1967,5500,0.0275,6916,4841,0,506.6,430.6
4775,2,20151013,20150731,2,1,2,4,1,2,3,566000,553000,-13000,74,2160,3,2.5,2015,7150,0.029500000000000002,16314,11420,0,234.4,410.9
4776,2,20151001,20150821,5,1,1,4,1,2,2,347500,347000,-500,41,1870,4,3.5,1967,8750,0.0225,7808,5466,0,534,432.7
4777,2,20150818,20150627,7,1,1,2,1,4,2,304000,305500,1500,52,1610,2,2,2003,5000,0.025,7638,5347,0,483.1,234.2
4778,2,20151107,20150824,3,1,2,6,1,2,3,481500,467500,-14000,75,2170,3,2.5,1967,6150,0.0265,12389,8672,0,470.1,398.8
4779,2,20150805,20150609,3,1,2,2,4,1,2,364000,360500,-3500,57,1750,3,2.5,1994,7900,0.025500000000000002,9193,6435,0,457.9,406.3
4780,2,20150515,20150404,3,1,1,4,4,1,2,356500,372000,15500,41,1720,3,2.5,1962,7100,0.024,8928,6250,0,489.2,414.6
4781,2,20151114,20150913,5,1,2,8,1,5,2,344000,340000,-4000,62,1990,3,2.5,1990,7650,0.027,9180,6426,0,526,430.6
4782,2,20150204,20141212,7,1,1,9,1,1,2,355000,363000,8000,54,2100,4,3.5,1971,8100,0.026000000000000002,9438,6607,5000,470.6,282.1
4783,2,20150409,20150228,7,1,1,6,2,1,1,222000,220000,-2000,40,1790,3,2.5,1960,5550,0.023,5060,3542,0,480.4,276.8
4784,2,20150615,20150424,5,1,2,2,3,5,2,297500,310500,13000,52,1720,3,2.5,1970,7350,0.029,9005,6304,0,524.8,454.7
4785,2,20150715,20150525,3,1,2,1,1,4,2,372500,368500,-4000,51,1750,3,2.5,1979,5800,0.027,9950,6965,0,461.9,394.8
4786,2,20151113,20151001,5,1,2,5,1,2,3,542500,543000,500,43,2460,3,2.5,2001,6450,0.028,15204,10643,0,493.9,439.4
4787,2,20150727,20150530,5,1,1,6,1,1,2,452500,447000,-5500,58,2040,4,3.5,1991,9600,0.024,10728,7510,0,540,448.5
4788,2,20150401,20150203,7,1,1,1,1,3,2,306500,311000,4500,57,1810,3,2.5,1994,5150,0.026000000000000002,8086,5660,0,475.3,271.9
4789,2,20151006,20150823,7,1,3,9,1,1,2,306500,304500,-2000,44,2010,3,2.5,1992,5850,0.0465,14159,9911,0,512.4,273.3
4790,2,20150331,20150212,3,1,2,6,1,1,2,343000,343500,500,47,1920,3,2.5,2007,9200,0.026000000000000002,8931,6252,1500,480,417.9
4791,2,20150903,20150719,2,1,2,6,1,5,4,746500,754500,8000,46,2840,4,3.5,2013,7250,0.0235,17731,12412,11000,230.1,412
4792,2,20150719,20150530,5,1,2,8,2,1,2,353500,348500,-5000,50,1780,3,2.5,1996,4900,0.027,9410,6587,0,519.5,456.4
4793,2,20150707,20150525,5,1,1,1,4,1,2,306000,292500,-13500,43,1480,3,2.5,1979,6650,0.0285,8336,5835,0,532.6,454.5
4794,2,20150804,20150624,7,1,1,4,2,6,2,326000,332000,6000,41,2300,3,2.5,1999,10000,0.028,9296,6507,0,472.5,228
4795,2,20150416,20150217,3,1,2,2,4,2,2,411500,397500,-14000,58,1810,3,2.5,1987,6700,0.025,9938,6957,3000,469.4,420.2
4796,2,20150404,20150210,2,1,1,6,2,2,4,664000,670500,6500,53,2730,5,4,2008,10350,0.0275,18439,12907,7750,234.8,411.2
4797,2,20150511,20150330,2,1,3,3,1,2,3,536500,544000,7500,42,2480,3,2.5,2015,8550,0.046,25024,17517,0,231.4,410.1
4798,2,20150914,20150801,5,1,1,2,1,1,2,373500,378000,4500,44,2060,4,3.5,1997,7300,0.0285,10773,7541,0,536.4,444.6
4799,2,20150714,20150524,7,1,2,2,1,1,2,269500,274500,5000,51,1520,3,2.5,1959,6450,0.0265,7274,5092,0,464.5,238.8
4800,2,20150514,20150323,7,1,2,4,3,1,2,279500,277500,-2000,52,1530,2,2,2001,4550,0.028,7770,5439,0,467.3,223.1
4801,2,20150205,20141208,5,1,1,3,1,1,2,342000,358500,16500,59,1690,3,2.5,2009,6850,0.026000000000000002,9321,6525,0,526.9,427.2
4802,2,20160306,20160121,2,1,1,8,2,1,4,711000,702000,-9000,45,2630,5,4,2009,10550,0.029500000000000002,20709,14496,0,237.8,424.6
4803,2,20160306,20160127,1,1,2,2,4,5,2,318000,319500,1500,39,1430,2,2,1963,3550,0.024,7668,5368,3500,259,455.3
4804,2,20161125,20161013,2,1,2,2,1,2,4,672500,659500,-13000,43,2200,3,2.5,2008,9450,0.0265,17477,12234,0,224.4,412.2
4805,2,20160110,20151129,2,1,1,3,2,5,4,686500,656500,-30000,42,2590,5,4,2001,7100,0.0235,15428,10800,0,229.5,413
4806,2,20160131,20151110,2,1,2,9,1,2,3,625000,619500,-5500,82,2910,4,3.5,2014,7500,0.0275,17036,11925,0,252.3,409.5
4807,2,20161217,20161020,4,4,2,2,1,5,4,646500,657500,11000,58,2420,3,2.5,2014,8450,0.024,15780,11046,0,437.8,438
4808,2,20161022,20160810,2,1,1,4,3,4,4,691500,683000,-8500,73,2400,4,3.5,2006,9600,0.0245,16734,11714,0,245.5,423
4809,2,20160617,20160504,4,4,2,6,2,2,3,652000,648500,-3500,44,2890,4,3.5,2016,8600,0.0225,14591,10214,0,441,426.9
4810,2,20160908,20160726,2,1,1,2,4,3,3,562000,548000,-14000,44,2440,4,3.5,2011,10000,0.027,14796,10357,4750,239.3,400.2
4811,2,20160515,20160318,2,1,2,2,1,1,3,482000,480000,-2000,58,2230,3,2.5,2005,6900,0.028,13440,9408,0,235.1,414.1
4812,2,20160916,20160729,2,1,1,2,2,2,3,529000,516000,-13000,49,2130,3,2.5,2009,5250,0.0275,14190,9933,0,238.1,417.7
4813,2,20161120,20161005,2,1,1,3,6,3,3,482500,493500,11000,46,1700,3,2.5,2002,4350,0.029,14312,10018,0,244.3,403.8
4814,2,20160408,20160205,2,1,1,6,1,5,3,596500,616000,19500,63,2240,3,2.5,2007,5950,0.0225,13860,9702,0,221.8,428.7
4815,2,20160326,20160124,4,4,2,4,3,1,4,729500,720000,-9500,62,3220,6,5,2015,13950,0.028,20160,14112,0,438,415.8
4816,2,20160211,20151212,4,4,1,1,1,5,3,590000,566000,-24000,61,2600,4,3.5,2016,11950,0.029,16414,11490,0,444.2,415.8
4817,2,20160922,20160809,2,1,2,3,5,1,3,504000,518000,14000,44,2070,4,3.5,2010,7700,0.0265,13727,9609,0,230.4,412.2
4818,2,20161102,20160828,2,1,1,3,1,5,3,523500,530500,7000,66,2210,5,4,2009,10750,0.0265,14058,9841,0,228.6,405.3
4819,2,20160220,20160112,4,4,1,4,1,1,4,680500,667000,-13500,39,2730,5,4,2016,11850,0.0225,15008,10506,0,446,423.9
4820,2,20160313,20160111,2,1,1,9,1,2,3,593500,597000,3500,62,2150,4,3.5,2016,8550,0.029500000000000002,17612,12328,0,240.1,413.5
4821,2,20160415,20160218,4,4,1,8,4,5,4,788000,775500,-12500,57,3290,6,5,2016,9050,0.029500000000000002,22877,16014,0,447.9,418.5
4822,2,20161224,20161108,2,1,1,8,1,2,3,583500,590000,6500,46,2150,4,3.5,2002,9900,0.023,13570,9499,0,241.9,409.2
4823,2,20160619,20160505,2,1,2,1,3,5,3,615500,626000,10500,45,2540,3,2.5,2012,7050,0.0225,14085,9860,0,253.9,403.5
4824,2,20160803,20160623,2,1,1,8,2,2,3,594500,604500,10000,41,2730,5,4,2015,11050,0.029500000000000002,17833,12483,0,230.9,415.4
4825,2,20160728,20160603,4,4,2,2,3,5,3,592000,587000,-5000,55,2720,5,4,2016,7050,0.026000000000000002,15262,10683,0,443.2,431.5
4826,2,20160730,20160615,2,1,1,1,4,5,3,571500,577000,5500,45,2440,4,3.5,2008,6950,0.0225,12983,9088,0,231.1,414.1
4827,2,20161026,20160905,1,1,1,4,1,1,2,462000,446500,-15500,51,2020,3,2.5,1964,4950,0.0235,10493,7345,0,271.7,438.7
4828,2,20160825,20160703,2,1,1,4,1,5,4,711500,704000,-7500,53,2970,4,3.5,2012,7750,0.022,15488,10842,11500,231.8,411.8
4829,2,20161022,20160903,2,1,2,1,1,1,4,858500,817500,-41000,49,2580,4,3.5,2002,11600,0.023,18803,13162,0,241.9,400.7
4830,2,20160619,20160504,2,1,1,1,2,5,3,571500,571500,0,46,2340,3,2.5,2016,9500,0.0235,13430,9401,4750,238.7,419.6
4831,2,20160425,20160212,2,1,1,3,2,1,4,665500,667500,2000,73,2620,4,3.5,2016,6350,0.0285,19024,13317,0,235.7,418.8
4832,2,20160313,20160129,2,1,2,9,1,2,4,749000,726000,-23000,44,2750,4,3.5,2016,12100,0.025500000000000002,18513,12959,0,234.6,408.2
4833,2,20160916,20160723,4,4,2,3,1,2,4,860000,825500,-34500,55,3150,5,4,2016,11350,0.025500000000000002,21050,14735,0,441.9,427.2
4834,2,20160108,20151028,4,4,1,1,1,5,3,542500,547500,5000,72,2250,4,3.5,2016,5500,0.022,12045,8432,0,433.5,426.4
4835,2,20160710,20160516,2,1,1,2,2,5,4,639000,659000,20000,55,2660,4,3.5,2013,8100,0.029,19111,13378,0,254.6,425.3
4836,2,20160712,20160502,4,4,1,2,6,2,4,771000,768000,-3000,71,3180,5,4,2016,11000,0.025,19200,13440,0,453.4,423.1
4837,2,20160501,20160321,2,1,2,8,1,6,3,569500,580500,11000,41,2080,4,3.5,2016,6450,0.024,13932,9752,0,256.9,411.4
4838,2,20160409,20160216,4,4,1,3,4,5,4,879500,887000,7500,53,3380,6,5,2016,12050,0.0285,25280,17696,0,438,429.4
4839,2,20160326,20160102,2,1,2,2,4,3,4,760000,755000,-5000,84,2370,4,3.5,2016,10050,0.0245,18498,12949,0,230.1,412
4840,2,20161024,20160827,2,1,3,5,1,2,3,665000,642000,-23000,58,2900,5,4,2009,7400,0.0495,31779,22245,0,237.7,399.1
4841,2,20160817,20160624,4,4,1,3,5,6,4,824500,836500,12000,54,3400,4,3.5,2016,14450,0.023,19240,13468,0,442.2,417.4
4842,2,20160504,20160324,2,1,2,7,2,5,3,590500,581500,-9000,41,2310,4,3.5,2012,7250,0.0245,14247,9973,0,233.4,410.1
4843,2,20160713,20160525,4,4,2,4,2,2,3,525500,530500,5000,49,2340,3,2.5,2016,6350,0.028,14854,10398,0,430.7,430.2
4844,2,20160808,20160623,3,1,1,2,1,4,2,252500,254000,1500,46,1430,3,2.5,1975,5750,0.0235,5969,4178,0,478.9,405.1
4845,2,20160502,20160313,2,1,1,4,2,5,3,520000,507500,-12500,50,1910,3,2.5,2009,6300,0.03,15225,10658,7000,233.5,404.5
4846,2,20160620,20160506,4,4,2,2,1,5,3,650500,649000,-1500,45,2630,5,4,2014,10900,0.025,16225,11358,0,447.6,427
4847,2,20160506,20160327,1,1,2,2,1,5,2,387500,385500,-2000,40,1690,3,2.5,2002,6500,0.028,10794,7556,0,252.3,466.5
4848,2,20160207,20151201,3,1,2,6,1,2,2,360000,355000,-5000,68,1870,3,2.5,2009,8500,0.028,9940,6958,0,485.7,393
4849,2,20160218,20160104,3,1,1,2,2,4,2,346000,353000,7000,45,1420,3,2.5,1991,5000,0.0245,8649,6054,0,480.6,409.5
4850,2,20160218,20160108,2,1,2,3,1,1,3,646500,645500,-1000,41,2580,4,3.5,2009,9350,0.022,14201,9941,9500,242.3,402.4
4851,2,20161206,20161027,2,1,1,6,1,5,3,635500,640000,4500,40,2550,4,3.5,2016,9600,0.0285,18240,12768,0,223.9,414.6
4852,2,20160217,20151220,1,1,1,4,3,3,3,545000,537000,-8000,59,2190,3,2.5,1989,9350,0.029,15573,10901,0,253.2,458.5
4853,2,20171228,20171116,1,1,2,4,3,5,2,377000,363500,-13500,42,1580,4,3.5,1959,5100,0.024,8724,6107,0,255.4,475.9
4854,2,20170514,20170317,4,4,2,8,1,5,3,617500,609000,-8500,58,2440,3,2.5,2014,10850,0.028,17052,11936,0,444,423.1
4855,2,20170930,20170725,4,4,2,6,1,2,3,597500,590500,-7000,67,2240,4,3.5,2017,9000,0.0245,14467,10127,0,445.6,423.8
4856,2,20170407,20170213,2,1,2,2,3,1,4,750000,768000,18000,53,2720,4,3.5,2008,8050,0.022,16896,11827,0,237.3,407.2
4857,2,20170528,20170222,2,1,2,1,1,5,4,710500,709500,-1000,95,2640,4,3.5,2011,9000,0.025,17738,12417,0,238.7,402.6
4858,2,20171128,20171014,2,1,1,3,1,2,3,615500,623000,7500,45,2360,5,4,2017,7850,0.029500000000000002,18379,12865,5000,239.9,414.7
4859,2,20170301,20161224,2,1,1,1,1,2,4,648500,660000,11500,67,2520,4,3.5,2017,6950,0.029,19140,13398,0,259,415.7
4860,2,20170208,20161231,2,1,2,6,1,5,3,498500,504500,6000,39,2050,4,3.5,2011,7400,0.0235,11856,8299,0,230,402
4861,2,20171210,20171030,2,1,1,8,3,2,4,673000,666000,-7000,41,2290,3,2.5,2012,11050,0.0285,18981,13287,0,233.6,423
4862,2,20170411,20170222,4,4,2,5,1,5,3,525500,524500,-1000,48,2200,3,2.5,2017,9050,0.023,12064,8445,0,436.8,411.6
4863,2,20170715,20170530,4,4,2,2,3,3,4,800000,797000,-3000,46,2510,4,3.5,2017,9600,0.026000000000000002,20722,14505,0,435.2,430.7
4864,2,20170731,20170607,2,1,2,5,1,2,3,553500,567000,13500,54,2700,5,4,2013,9900,0.0285,16160,11312,8500,237.4,403.1
4865,2,20170622,20170504,4,4,2,6,1,5,3,573500,559000,-14500,49,2320,4,3.5,2017,6000,0.0275,15373,10761,0,440.7,428
4866,2,20170928,20170813,2,1,1,6,2,5,4,684500,685500,1000,46,2650,4,3.5,2007,6750,0.0235,16109,11276,0,236.4,412.3
4867,2,20170610,20170417,1,1,1,3,1,2,3,496500,479500,-17000,54,2010,4,3.5,1980,8000,0.0235,11268,7888,0,240.1,431.4
4868,2,20171107,20170916,4,4,2,4,1,3,4,755500,738000,-17500,52,2870,4,3.5,2017,12450,0.026000000000000002,19188,13432,0,429.5,422.3
4869,2,20171213,20171012,2,1,1,3,1,4,3,640000,634500,-5500,62,2540,4,3.5,2017,9300,0.03,19035,13325,0,242.4,408.1
4870,2,20170602,20170406,4,4,1,1,6,3,5,917500,904500,-13000,57,3240,5,4,2017,14650,0.029,26231,18362,0,448,425.9
4871,2,20171018,20170904,2,1,2,2,3,5,4,703500,720500,17000,44,2640,4,3.5,2017,10850,0.026000000000000002,18733,13113,0,237.4,408.7
4872,2,20170414,20170301,4,4,2,6,1,3,4,831500,829000,-2500,44,3010,5,4,2017,14150,0.027,22383,15668,0,427.6,412.9
4873,2,20170302,20170118,1,1,2,5,2,5,2,429500,436500,7000,43,1870,2,2,2007,5100,0.0235,10258,7181,0,234.8,481.8
4874,2,20170518,20170402,4,4,1,2,4,1,4,722500,725000,2500,46,2820,5,4,2017,13450,0.025500000000000002,18488,12942,0,439.8,428.9
4875,2,20170302,20170107,2,1,1,6,1,5,4,671000,702000,31000,54,2690,5,4,2017,9400,0.029500000000000002,20709,14496,0,243.3,413
4876,2,20170722,20170611,2,1,2,1,3,1,5,1018500,1049000,30500,41,3170,6,5,2017,9350,0.027,28323,19826,0,239.3,410.1
4877,2,20170708,20170506,4,4,2,3,2,5,4,869000,890500,21500,63,3220,6,5,2017,8400,0.028,24934,17454,0,432.8,416.2
4878,2,20171212,20171027,2,1,2,1,4,1,4,753500,743500,-10000,46,2550,4,3.5,2011,11250,0.0245,18216,12751,0,227.1,412.7
4879,2,20171129,20170927,2,1,1,3,6,5,4,701500,698000,-3500,63,2600,5,4,2015,12750,0.025,17450,12215,0,243.1,411.4
4880,2,20170208,20161214,2,1,1,6,4,2,3,555500,550500,-5000,56,2170,4,3.5,2017,9650,0.024,13212,9248,0,238.7,411.1
4881,2,20170228,20170119,4,4,1,2,1,5,4,685500,694000,8500,40,2950,5,4,2017,14050,0.029500000000000002,20473,14331,7250,436.9,427.7
4882,2,20171220,20171111,2,1,1,7,3,2,4,701000,683000,-18000,39,2250,4,3.5,2007,9150,0.03,20490,14343,0,230.9,409.7
4883,2,20170612,20170419,2,1,1,8,1,2,3,526500,545500,19000,54,2550,4,3.5,2005,12650,0.022,12001,8401,9250,246.3,419.3
4884,2,20170509,20170313,2,1,1,5,6,5,4,762000,777500,15500,57,2330,4,3.5,2017,10650,0.024,18660,13062,0,239.7,399.1
4885,2,20170521,20170402,4,4,2,1,3,5,4,661000,653000,-8000,49,2300,3,2.5,2017,5600,0.025,16325,11428,0,433.5,422.7
4886,2,20171022,20170901,1,1,1,6,1,2,3,453500,452000,-1500,51,2010,3,2.5,1960,6450,0.029500000000000002,13334,9334,0,270.7,469.7
4887,2,20170617,20170507,2,1,2,5,1,1,3,577000,578000,1000,41,2480,5,4,2009,10400,0.025500000000000002,14739,10317,6500,235.5,404.6
4888,2,20170327,20170129,4,4,1,2,3,3,4,908000,894500,-13500,57,3320,5,4,2016,9150,0.0245,21915,15340,0,439.7,422.6
4889,2,20171015,20170812,3,1,2,5,1,5,2,453500,446500,-7000,64,1800,4,3.5,2010,7650,0.0225,10046,7032,0,477.7,394.8
4890,2,20170110,20161120,2,1,1,3,2,5,3,533000,534500,1500,51,1900,2,2,2011,4850,0.0235,12561,8793,0,233.7,410.4
4891,2,20170913,20170714,2,1,1,3,4,2,4,846500,844500,-2000,61,2770,4,3.5,2017,10350,0.029500000000000002,24913,17439,0,242.5,411
4892,2,20170803,20170614,2,1,2,7,1,5,4,696500,694500,-2000,50,2500,3,2.5,2002,9250,0.026000000000000002,18057,12640,0,238.2,403.7
4893,2,20171109,20170903,4,4,2,3,1,2,4,896000,879000,-17000,67,3280,5,4,2016,12600,0.028,24612,17228,0,435.9,429.8
4894,2,20170418,20170216,2,1,1,1,1,5,4,739000,739500,500,61,2410,4,3.5,2017,7500,0.029500000000000002,21815,15270,0,250.2,402.4
4895,2,20170411,20170219,2,1,2,4,4,5,3,567500,567500,0,51,2110,4,3.5,2017,6550,0.022,12485,8740,5250,236.3,409.3
4896,2,20170603,20170418,4,4,2,2,5,5,4,714500,694000,-20500,46,2870,4,3.5,2017,11500,0.0285,19779,13845,0,436.9,427.7
4897,2,20171014,20170808,4,4,2,3,1,2,3,578500,571000,-7500,67,2170,4,3.5,2017,8350,0.0265,15132,10592,0,435.9,421.1
4898,2,20170627,20170510,2,1,2,2,2,2,3,580000,570000,-10000,48,2420,4,3.5,2017,11600,0.027,15390,10773,0,238.8,404.1
4899,2,20170720,20170523,4,4,2,6,4,2,5,923000,927500,4500,58,3230,5,4,2017,10200,0.026000000000000002,24115,16881,0,445,428.5
4900,2,20170807,20170605,2,1,1,2,1,5,3,518500,512000,-6500,63,2170,4,3.5,2016,6750,0.025,12800,8960,0,241.8,414.7
4901,2,20171001,20170809,4,4,2,2,1,5,5,1084000,1099500,15500,53,4130,6,5,2017,14950,0.0225,24739,17317,0,440.1,425.3
4902,2,20171028,20170908,4,4,2,5,1,5,4,745000,724500,-20500,50,2740,4,3.5,2017,8600,0.025500000000000002,18475,12933,0,432.1,423.3
4903,2,20170217,20170103,2,1,1,6,5,5,4,683500,686500,3000,45,2560,4,3.5,2017,6200,0.0235,16133,11293,11250,232.1,412
4904,2,20170728,20170602,4,4,2,1,1,5,4,848000,807000,-41000,56,3000,4,3.5,2017,7250,0.0265,21386,14970,0,442.2,416.2
4905,2,20180908,20180706,2,1,2,5,1,3,3,587000,597500,10500,64,2250,4,3.5,2015,7200,0.029,17328,12130,0,242.6,419.5
4906,2,20181007,20180806,2,1,1,3,2,5,4,677500,661500,-16000,62,2260,3,2.5,2003,5550,0.023,15215,10651,0,227.3,424.2
4907,2,20180918,20180727,2,1,1,4,1,4,4,652000,655500,3500,53,2220,3,2.5,2011,10150,0.0235,15404,10783,0,224.7,416.6
4908,2,20181230,20181108,2,1,2,6,1,5,4,688500,669000,-19500,52,2300,3,2.5,2018,8550,0.026000000000000002,17394,12176,0,241.3,412.9
4909,2,20180406,20180225,2,1,1,2,4,5,3,604000,599000,-5000,40,2080,3,2.5,2018,8750,0.029,17371,12160,0,244.4,412.3
4910,2,20180311,20180109,3,1,2,3,1,4,2,369000,375500,6500,61,1600,2,2,2012,4400,0.028,10514,7360,0,460.7,391.5
4911,2,20180421,20180226,2,1,1,6,1,5,3,561500,550500,-11000,54,2430,5,4,2006,11900,0.029,15965,11176,0,231.6,410.2
4912,2,20180504,20180221,2,1,2,2,2,5,3,630000,622000,-8000,72,2540,5,4,2015,9700,0.023,14306,10014,0,235.8,418.9
4913,2,20180725,20180514,2,1,2,8,5,5,4,672000,682500,10500,72,2590,5,4,2013,7550,0.0225,15356,10749,0,233.9,411.9
4914,2,20180730,20180622,4,4,1,4,1,5,4,791000,788000,-3000,38,2860,4,3.5,2018,12800,0.029500000000000002,23246,16272,14000,435.3,420.9
4915,2,20180331,20180125,3,1,1,3,1,1,2,447500,448500,1000,65,1920,3,2.5,1971,6700,0.0225,10091,7064,0,481.2,390.5
4916,2,20180513,20180327,4,4,2,8,5,5,5,922000,948000,26000,47,3170,6,5,2018,7850,0.029500000000000002,27966,19576,0,445.5,425
4917,2,20180201,20171208,1,1,3,1,4,3,2,425000,419000,-6000,55,1850,3,2.5,1993,8000,0.0475,19903,13932,0,245.1,463.9
4918,2,20181202,20181002,2,1,1,8,1,5,4,793500,803000,9500,61,3160,5,4,2018,13050,0.027,21681,15177,0,234,406.3
4919,2,20180515,20180306,4,4,1,3,5,5,5,949000,906500,-42500,70,2960,4,3.5,2018,11700,0.0235,21303,14912,0,441.9,426
4920,2,20180722,20180517,2,1,2,6,2,6,4,728000,717500,-10500,66,2310,4,3.5,2018,6550,0.026000000000000002,18655,13059,0,238.7,428
4921,2,20180722,20180613,2,1,2,5,2,1,4,672500,678500,6000,39,2870,5,4,2002,12600,0.03,20355,14249,0,226.2,420.6
4922,2,20180525,20180321,2,1,2,4,1,5,5,981500,977500,-4000,65,2930,5,4,2013,7650,0.0275,26881,18817,0,250.4,405.3
4923,2,20180805,20180618,2,1,1,6,2,1,4,776000,738000,-38000,48,2760,4,3.5,2001,11100,0.0265,19557,13690,0,232.4,416.5
4924,2,20180526,20180324,2,1,2,7,1,2,4,684500,672500,-12000,63,2210,2,2,2013,5700,0.025,16813,11769,0,228.5,410.9
4925,2,20181109,20180928,3,1,1,4,1,1,2,427000,429000,2000,42,1810,3,2.5,1991,6750,0.028,12012,8408,0,480.2,400.1
4926,2,20180811,20180703,2,1,1,3,4,2,4,732500,728500,-4000,39,2520,5,4,2018,11850,0.025,18213,12749,0,239.9,404.9
4927,2,20180710,20180506,4,4,1,8,1,2,4,810000,826000,16000,65,2910,6,5,2016,11900,0.029500000000000002,24367,17057,0,438.4,427.1
4928,2,20180823,20180626,4,4,2,8,1,5,4,677000,683500,6500,58,2240,3,2.5,2016,9700,0.022,15037,10526,0,440.8,419.4
4929,2,20180708,20180525,2,1,2,1,1,2,3,602000,618500,16500,44,2470,4,3.5,2014,8350,0.025500000000000002,15772,11040,0,236.1,406.4
4930,2,20181230,20181114,2,1,1,2,5,2,3,632500,634500,2000,46,2290,4,3.5,2014,9600,0.024,15228,10660,0,234.4,415.1
4931,2,20180930,20180810,4,4,2,2,5,2,5,946000,926000,-20000,51,3110,4,3.5,2017,11850,0.0245,22687,15881,0,434.7,423.1
4932,2,20180213,20180105,2,1,3,6,1,5,3,573500,579000,5500,39,2210,3,2.5,2016,10700,0.044,25476,17833,0,239.6,404.7
4933,2,20180322,20180212,2,1,1,9,4,5,3,615500,621500,6000,38,2280,3,2.5,2018,11000,0.029,18024,12617,0,224.7,413.8
4934,2,20180126,20171215,3,1,2,8,1,1,2,328500,329000,500,42,1540,2,2,1998,5900,0.026000000000000002,8554,5988,0,471,389.2
4935,2,20180917,20180730,4,4,2,2,6,5,4,686500,673500,-13000,49,2870,5,4,2014,7600,0.0265,17848,12494,0,450.5,436.9
4936,2,20180817,20180614,2,1,1,1,1,2,3,572500,588000,15500,64,2160,4,3.5,2006,10400,0.0245,14406,10084,0,241.4,406
4937,2,20180414,20180219,4,4,1,6,2,5,4,688500,693500,5000,54,2490,4,3.5,2018,11800,0.029500000000000002,20458,14321,0,444.7,425.9
4938,2,20181201,20181018,2,1,2,6,2,2,4,699000,688500,-10500,44,2720,4,3.5,2011,8900,0.028,19278,13495,0,237.5,421.5
4939,2,20180615,20180331,4,4,2,6,1,5,4,752500,762500,10000,76,3020,5,4,2018,13450,0.028,21350,14945,0,442.3,415
4940,2,20180320,20180205,2,1,1,5,2,5,4,671000,656000,-15000,43,2550,4,3.5,2018,8750,0.029,19024,13317,0,239.2,414.3
4941,2,20180617,20180430,2,1,2,6,5,2,5,914000,929500,15500,48,2750,5,4,2014,9650,0.025500000000000002,23702,16591,0,246.3,402.4
4942,2,20180302,20180122,2,1,2,1,1,1,4,736500,747500,11000,39,2750,4,3.5,2017,12200,0.029500000000000002,22051,15436,4250,238.6,412.4
4943,2,20180516,20180406,4,4,1,6,3,5,4,688500,682000,-6500,40,2780,5,4,2015,8200,0.024,16368,11458,0,446.3,411.7
4944,2,20180925,20180811,2,1,1,4,3,5,4,865500,860000,-5500,45,3030,5,4,2008,9050,0.0285,24510,17157,0,233.5,414.4
4945,2,20180717,20180527,2,1,2,1,1,5,4,659500,675000,15500,51,2460,4,3.5,2004,9450,0.025,16875,11813,8500,236.8,418.2
4946,2,20180512,20180323,2,1,1,6,1,4,3,642000,638500,-3500,50,2030,3,2.5,2002,6900,0.025,15963,11174,0,245.1,415.7
4947,2,20181129,20181011,4,4,2,1,1,2,4,773500,760500,-13000,49,2980,5,4,2018,7250,0.025,19013,13309,0,443.2,420.3
4948,2,20180831,20180714,4,4,2,2,1,2,4,870500,862000,-8500,48,3460,6,5,2014,13650,0.0275,23705,16594,0,442.7,423.8
4949,2,20180309,20171231,2,1,2,5,3,5,3,500500,506500,6000,68,2180,4,3.5,2018,5850,0.0285,14435,10105,0,251.2,403
4950,2,20180113,20171130,2,1,1,3,5,1,4,674000,664000,-10000,44,2210,4,3.5,2017,7950,0.029500000000000002,19588,13712,6250,244.9,412.7
4951,2,20180617,20180424,4,4,1,2,4,5,4,772000,773000,1000,54,2720,4,3.5,2018,9750,0.023,17779,12445,0,443,417.8
4952,2,20180619,20180425,2,1,1,8,2,1,3,511000,498000,-13000,55,1780,3,2.5,2018,6400,0.026000000000000002,12948,9064,0,235.2,424.1
4953,2,20180605,20180414,4,4,1,5,4,5,3,578000,584500,6500,52,2040,3,2.5,2018,4950,0.028,16366,11456,0,449.4,426.5
4954,2,20180928,20180806,2,1,2,6,1,6,4,697500,696000,-1500,53,2640,4,3.5,2018,12050,0.03,20880,14616,0,226.8,415.3
4955,2,20180920,20180812,3,1,2,3,3,1,2,458500,440500,-18000,39,1810,3,2.5,1995,9000,0.024,10572,7400,3250,467.1,391.3
4956,2,20180817,20180628,3,1,2,8,3,1,3,565500,539000,-26500,50,1850,3,2.5,1986,6550,0.0275,14823,10376,0,449.1,382.3
4957,2,20190110,20181121,2,1,2,6,1,5,3,612500,606500,-6000,50,2300,3,2.5,2019,7400,0.029,17589,12312,0,238.2,409.3
4958,2,20190927,20190717,4,4,2,2,5,2,5,907000,912000,5000,72,3400,5,4,2019,11750,0.028,25536,17875,0,440.2,425.3
4959,2,20191017,20190828,2,1,3,5,1,5,4,663000,661500,-1500,50,2370,3,2.5,2005,9150,0.051000000000000004,33737,23616,0,237.8,427.4
4960,2,20190403,20190222,2,1,3,1,4,5,4,864500,857000,-7500,40,2980,5,4,2002,10050,0.043500000000000004,37280,26096,0,237.9,403.4
4961,2,20190919,20190723,4,4,1,8,4,2,4,749000,731500,-17500,58,2440,3,2.5,2019,9350,0.0225,16459,11521,0,435.4,422.2
4962,2,20190413,20190201,3,1,1,6,1,1,2,304000,307500,3500,71,1530,3,2.5,1996,5200,0.027,8303,5812,0,482.1,390.3
4963,2,20190919,20190729,4,4,2,1,1,4,4,661000,654000,-7000,52,2070,4,3.5,2019,10300,0.0225,14715,10301,0,440.6,426.7
4964,2,20190731,20190623,2,1,2,8,1,5,4,809000,796000,-13000,38,2940,5,4,2007,13650,0.029,23084,16159,0,236,416.3
4965,2,20190528,20190306,2,1,2,4,1,1,4,655500,651000,-4500,83,2090,3,2.5,2019,6700,0.028,18228,12760,0,243.6,406.1
4966,2,20190912,20190802,2,1,1,5,1,5,4,785500,782500,-3000,41,2450,4,3.5,2004,8600,0.028,21910,15337,0,229.7,408.9
4967,2,20190607,20190422,2,1,1,7,2,5,4,676000,690000,14000,46,2330,3,2.5,2001,8350,0.028,19320,13524,0,227.1,407
4968,2,20190601,20190415,1,1,2,5,4,2,3,569000,580500,11500,47,1950,3,2.5,1971,7950,0.029,16835,11785,0,256.4,452.9
4969,2,20190527,20190415,2,1,1,8,2,5,3,599000,584500,-14500,42,1770,3,2.5,2018,5050,0.029,16951,11866,3000,231.7,403.2
4970,2,20190412,20190303,2,1,1,4,2,5,4,898000,867000,-31000,40,2250,3,2.5,2018,8850,0.029500000000000002,25577,17904,0,229.4,410.1
4971,2,20190305,20181215,2,1,2,4,1,4,4,774000,767000,-7000,80,2690,4,3.5,2019,7000,0.0285,21860,15302,0,234,413.4
4972,2,20190203,20181211,2,1,1,5,1,5,4,792000,800500,8500,54,2710,4,3.5,2019,9250,0.027,21614,15130,0,235.2,408.6
4973,2,20191110,20190925,3,1,1,1,4,2,3,491500,468500,-23000,46,1830,3,2.5,2014,6750,0.025500000000000002,11947,8363,0,461.5,392.5
4974,2,20191225,20191022,2,1,2,2,4,5,3,573500,554000,-19500,64,2140,4,3.5,2018,10450,0.026000000000000002,14404,10083,5750,231.8,413.2
4975,2,20190613,20190308,4,4,2,1,1,5,4,831500,829500,-2000,97,3000,5,4,2019,13800,0.0275,22811,15968,0,428.9,428.2
4976,2,20190604,20190420,2,1,1,6,1,2,4,878000,879000,1000,45,2650,4,3.5,2015,7000,0.0275,24173,16921,0,234.6,419.5
4977,2,20190418,20190221,2,1,2,3,1,5,5,918500,911000,-7500,56,3250,5,4,2001,10000,0.029,26419,18493,0,231.7,411.7
4978,2,20191012,20190824,4,4,1,2,1,3,4,720000,722500,2500,49,2480,3,2.5,2019,8900,0.025500000000000002,18424,12897,0,448.9,422.6
4979,2,20190417,20190307,1,1,1,3,3,5,3,520000,525500,5500,41,1860,3,2.5,1976,8500,0.0275,14451,10116,0,250.6,467.6
4980,2,20190405,20190214,2,1,2,1,1,5,3,579000,583000,4000,50,1900,3,2.5,2019,7350,0.025500000000000002,14867,10407,0,223,414
4981,2,20190906,20190724,1,1,2,1,1,3,4,667000,684500,17500,44,2590,3,2.5,1962,11400,0.03,20535,14374,0,245.9,480
4982,2,20190826,20190702,3,1,2,5,1,2,3,508000,501000,-7000,55,1740,3,2.5,1990,7050,0.025500000000000002,12776,8943,4250,467.1,396
4983,2,20190411,20190216,2,1,1,1,6,4,4,746500,715000,-31500,54,2490,4,3.5,2003,8650,0.0235,16803,11762,12250,243,418.4
4984,2,20190507,20190227,2,1,1,2,1,1,5,935500,936000,500,69,2910,5,4,2003,13900,0.0265,24804,17363,0,240,427.5
4985,2,20190913,20190729,2,1,2,1,2,5,4,794500,784500,-10000,46,2400,3,2.5,2008,5850,0.0275,21574,15102,0,244,400.7
4986,2,20190402,20190221,4,4,1,2,1,1,5,921500,930000,8500,40,2870,5,4,2019,13750,0.0285,26505,18554,0,457.9,433.6
4987,2,20190105,20181111,3,1,2,8,1,4,2,282000,284000,2000,55,1250,3,2.5,1999,5350,0.025500000000000002,7242,5069,0,463.2,403.9
4988,2,20191219,20191022,3,1,1,1,1,1,2,421000,422000,1000,58,1680,3,2.5,2006,4600,0.03,12660,8862,0,462.6,386.4
4989,2,20190816,20190609,2,1,1,1,1,6,4,786000,759000,-27000,68,2530,4,3.5,2019,11900,0.025,18975,13283,6000,232.7,405.4
4990,2,20190529,20190421,1,1,1,2,1,1,3,605500,603500,-2000,38,1900,3,2.5,1999,6400,0.025500000000000002,15389,10772,0,225.5,476.7
4991,2,20191214,20191024,4,4,2,3,1,3,4,674500,680000,5500,51,2620,4,3.5,2019,8150,0.024,16320,11424,0,433.5,420.2
4992,2,20190522,20190327,2,1,2,3,1,5,3,590500,574500,-16000,56,2150,3,2.5,2015,8600,0.0275,15799,11059,9500,246.4,415.2
4993,2,20190904,20190719,4,4,2,4,2,3,3,641500,638500,-3000,47,2160,3,2.5,2019,8300,0.03,19155,13409,0,441.6,417.2
4994,2,20191126,20191002,4,4,2,6,5,5,5,917500,945500,28000,55,3110,5,4,2019,11100,0.025500000000000002,24110,16877,0,435.3,428.3
4995,2,20190118,20181128,2,1,2,5,1,5,4,680500,683000,2500,51,2360,5,4,2018,11200,0.0225,15368,10758,0,234.5,409.5
4996,2,20190706,20190519,2,1,2,4,1,2,4,746500,729500,-17000,48,2500,4,3.5,2017,7700,0.0265,19332,13532,0,241.5,414.5
4997,2,20190331,20190117,4,4,1,4,1,2,4,775500,778500,3000,73,2470,5,4,2019,11850,0.026000000000000002,20241,14169,0,448.1,427.2
4998,2,20190615,20190419,4,4,2,1,2,5,4,710000,703500,-6500,57,2230,4,3.5,2016,7950,0.0245,17236,12065,0,433,419.9
4999,2,20190531,20190408,3,1,2,1,5,5,3,460000,463500,3500,53,2190,4,3.5,2004,9600,0.024,11124,7787,0,475.2,385.9
5000,2,20190615,20190426,3,1,2,6,5,5,2,356000,362500,6500,50,1480,2,2,1973,5550,0.027,9788,6852,0,465.4,395.2
5001,2,20190217,20190101,4,4,1,4,2,2,4,836000,815000,-21000,47,3110,4,3.5,2016,7700,0.029500000000000002,24043,16830,0,432.7,417.4
5002,2,20190113,20181203,2,1,2,2,1,5,3,535500,521500,-14000,41,2210,3,2.5,2012,8250,0.029500000000000002,15384,10769,0,228.6,419.4
5003,2,20190629,20190505,4,4,2,5,3,5,4,805000,802000,-3000,55,2690,5,4,2016,13350,0.0265,21253,14877,0,433.6,423.9
5004,2,20190916,20190804,1,1,2,6,5,5,2,365000,364500,-500,43,1380,2,2,1976,6000,0.027,9842,6889,0,253.9,483.9
5005,2,20190927,20190729,4,4,1,2,1,2,4,775000,811500,36500,60,2760,5,4,2019,11400,0.0235,19070,13349,0,440.9,431.8
5006,2,20190211,20181225,2,1,2,8,1,6,4,801000,770500,-30500,48,2580,5,4,2018,11250,0.027,20804,14563,0,223.6,408.8
5007,2,20190324,20190212,2,1,1,6,1,1,4,839000,822000,-17000,40,2650,5,4,2003,9350,0.0225,18495,12947,0,239.7,424.5
5008,2,20190129,20181201,2,1,2,1,4,1,3,648500,626500,-22000,59,2210,3,2.5,2004,6900,0.022,13783,9648,0,253.9,407.8
5009,2,20190311,20190115,4,4,1,2,4,5,4,838500,835500,-3000,55,2750,5,4,2014,9450,0.024,20052,14036,0,438.5,417.2
5010,2,20190702,20190524,4,4,2,9,1,2,4,860000,852500,-7500,39,3040,4,3.5,2016,8200,0.0245,20886,14620,0,446.5,415.4
5011,2,20190920,20190628,2,1,1,5,1,2,3,620500,633500,13000,84,2070,3,2.5,2016,8800,0.025,15838,11087,0,240.2,419.2
5012,2,20190427,20190224,2,1,1,1,2,5,4,849000,860500,11500,62,3080,5,4,2014,14350,0.025500000000000002,21943,15360,0,229.2,414.2
5013,2,20200629,20200612,4,4,2,5,1,3,5,979500,1018500,39000,17,3000,5,4,2020,11250,0.025,25463,17824,8500,440.5,429.1
5014,2,20201008,20200920,2,1,1,5,1,2,5,858500,911000,52500,18,2280,3,2.5,2001,5750,0.029500000000000002,26875,18813,0,246.9,408.5
5015,2,20201210,20201119,2,1,1,3,1,5,4,799500,807500,8000,21,2600,4,3.5,2020,9800,0.025500000000000002,20591,14414,0,217.5,408.7
5016,2,20200823,20200801,2,1,2,6,1,2,4,785500,833000,47500,22,2630,3,2.5,2004,10850,0.0235,19576,13703,0,224.8,416.7
5017,2,20200207,20200116,2,1,1,2,1,1,3,597000,615000,18000,22,2070,4,3.5,2002,8750,0.022,13530,9471,0,233.4,403
5018,2,20200610,20200517,4,4,2,2,1,2,4,801500,845000,43500,24,2830,5,4,2019,8800,0.025500000000000002,21548,15084,0,442.7,416.4
5019,2,20200610,20200524,4,4,1,9,1,2,4,796000,836000,40000,17,3020,4,3.5,2016,11300,0.026000000000000002,21736,15215,0,434.9,418.2
5020,2,20200319,20200306,2,1,2,6,2,5,3,569500,574500,5000,13,1690,2,2,2020,4200,0.026000000000000002,14937,10456,8000,238.3,405.1
5021,2,20200728,20200712,2,1,2,3,4,5,5,947500,977000,29500,16,2670,4,3.5,2005,12300,0.0285,27845,19492,0,238.2,422
5022,2,20200826,20200808,2,1,2,1,1,5,4,725500,752000,26500,18,2480,4,3.5,2014,10100,0.025500000000000002,19176,13423,0,244.2,409.3
5023,2,20201031,20201012,4,4,1,5,2,5,4,619500,651500,32000,19,2350,5,4,2020,8700,0.0265,17265,12086,0,449.6,415.4
5024,2,20200719,20200628,3,1,2,2,2,4,3,493000,504500,11500,21,1580,3,2.5,1964,7450,0.0235,11856,8299,0,465.5,402.2
5025,2,20200619,20200530,2,1,1,5,1,5,4,686000,700500,14500,20,2730,5,4,2020,11200,0.022,15411,10788,0,245.7,406.2
5026,2,20200925,20200912,2,1,2,3,1,3,4,808500,867000,58500,13,2790,4,3.5,2012,10800,0.024,20808,14566,0,250.1,417.8
5027,2,20200129,20200113,3,1,1,1,1,1,3,534000,554000,20000,16,1860,3,2.5,1965,7150,0.029500000000000002,16343,11440,0,483.4,402.9
5028,2,20200511,20200425,4,4,2,6,2,5,5,1098500,1092000,-6500,16,3090,5,4,2020,8350,0.0275,30030,21021,0,442,424.8
5029,2,20200830,20200811,2,1,2,6,2,5,4,736000,759000,23000,19,2480,4,3.5,2009,9600,0.029,22011,15408,0,234.5,413.7
5030,2,20200217,20200130,2,1,2,1,4,5,4,734500,761500,27000,18,2540,4,3.5,2015,7400,0.029500000000000002,22464,15725,0,240.6,416.7
5031,2,20200216,20200126,2,1,2,3,3,5,3,600000,631500,31500,21,2090,3,2.5,2019,5100,0.0275,17366,12156,0,224.6,410.9
5032,2,20200930,20200914,1,1,1,6,2,5,3,456000,499000,43000,16,1920,3,2.5,1968,7350,0.0285,14222,9955,0,252.9,474.6
5033,2,20201220,20201129,3,1,2,5,1,1,3,498000,537500,39500,21,1950,4,3.5,1959,7950,0.025,13438,9407,0,461.2,410.3
5034,2,20200120,20200104,4,4,1,1,1,2,4,821500,839500,18000,16,3270,5,4,2020,10150,0.025,20988,14692,4250,446,421.5
5035,2,20200718,20200704,2,1,2,1,1,2,4,690500,726500,36000,14,2040,3,2.5,2003,8950,0.0235,17073,11951,0,229.8,414.6
5036,2,20200506,20200419,2,1,2,4,1,2,4,665000,689500,24500,17,2160,4,3.5,2010,10500,0.025,17238,12067,0,237.8,417.5
5037,2,20200323,20200307,2,1,1,2,1,1,4,760000,783500,23500,16,2370,3,2.5,2005,7800,0.0285,22330,15631,0,240.8,419.6
5038,2,20200803,20200711,4,4,1,2,5,5,5,1358000,1383000,25000,23,3680,5,4,2018,16950,0.0225,31118,21783,0,431.3,421.8
5039,2,20200315,20200223,4,4,2,3,3,5,5,929000,985500,56500,21,2830,4,3.5,2020,14100,0.025,24638,17247,0,444.4,433.2
5040,2,20200419,20200405,4,4,1,6,1,1,5,881000,911500,30500,14,2880,4,3.5,2015,9900,0.025500000000000002,23243,16270,0,441.9,419.8
5041,2,20200623,20200608,2,1,1,6,1,1,4,709500,747500,38000,15,2520,3,2.5,2002,10150,0.026000000000000002,19435,13605,0,256.3,412.3
5042,2,20200717,20200630,2,1,1,4,1,5,4,736500,790000,53500,17,2330,3,2.5,2006,8500,0.029,22910,16037,0,242.4,419.4
5043,2,20200720,20200704,2,1,2,1,1,5,4,769500,783500,14000,16,2370,3,2.5,2018,10450,0.022,17237,12066,4250,234.8,412.5
5044,2,20200806,20200721,2,1,2,9,1,2,4,695000,738500,43500,16,2160,4,3.5,2002,5350,0.023,16986,11890,0,217.6,396
5045,2,20200727,20200711,2,1,1,3,1,2,3,547000,546500,-500,16,2000,4,3.5,2002,7100,0.0275,15029,10520,0,244.4,415.1
5046,2,20200908,20200818,2,1,2,6,6,5,5,891000,924500,33500,21,2700,5,4,2005,10100,0.027,24962,17473,0,241.8,413.3
5047,2,20200405,20200311,2,1,2,3,4,2,4,663500,699500,36000,25,2350,4,3.5,2007,7350,0.025500000000000002,17837,12486,0,232.3,412.2
5048,2,20200525,20200505,2,1,2,3,1,2,4,752000,787500,35500,20,2350,4,3.5,2001,6200,0.0225,17719,12403,0,233.8,414.6
5049,2,20200123,20200110,1,1,2,1,5,1,3,439500,457500,18000,13,1620,3,2.5,1967,8100,0.027,12353,8647,2000,227.6,463
5050,2,20200517,20200427,4,4,2,3,2,5,4,696000,712000,16000,20,2570,4,3.5,2016,11200,0.0275,19580,13706,0,430.4,416.5
5051,2,20201124,20201111,2,1,2,9,1,2,3,546500,587000,40500,13,1890,4,3.5,2005,8300,0.027,15849,11094,0,232.4,427.8
5052,2,20200304,20200219,2,1,2,4,1,5,4,785500,806000,20500,14,2570,5,4,2020,8700,0.026000000000000002,20956,14669,0,227,412.6
5053,2,20200802,20200718,4,4,1,6,1,2,5,981500,1017000,35500,15,3170,6,5,2015,12950,0.024,24408,17086,0,441.4,427
5054,2,20200602,20200518,4,4,2,6,1,1,4,694500,716000,21500,15,2910,5,4,2020,7250,0.025,17900,12530,4500,440.9,429.3
5055,2,20200323,20200309,2,1,1,2,5,2,4,773000,793000,20000,14,2540,5,4,2009,11450,0.024,19032,13322,0,240.1,399.3
5056,2,20200515,20200425,4,4,2,2,5,1,5,931000,959500,28500,20,3090,5,4,2016,9000,0.0235,22548,15784,0,432.9,428.6
5057,2,20200117,20191226,3,1,2,4,3,5,3,564000,590000,26000,22,2410,3,2.5,1955,10150,0.025500000000000002,15045,10532,0,479.9,406.1
5058,2,20200411,20200318,3,1,2,2,1,1,3,452000,472500,20500,24,1520,2,2,1958,5950,0.022,10395,7276,0,480.1,409.6
5059,2,20200814,20200730,4,4,2,2,2,5,5,1108500,1168500,60000,15,3590,5,4,2015,17850,0.0245,28628,20040,0,444.8,423.5
5060,2,20200823,20200806,2,1,2,4,4,3,3,594500,597500,3000,17,2480,5,4,2020,6300,0.0245,14639,10247,10750,227.4,408.6
5061,2,20210904,20210815,4,4,2,4,1,6,5,940000,970500,30500,20,2940,6,5,2016,12100,0.0245,23777,16644,0,445.2,432.3
5062,2,20210823,20210804,2,1,1,4,2,5,3,610000,615500,5500,19,1940,3,2.5,2009,4900,0.028,17234,12064,0,232.1,413.4
5063,2,20210119,20201218,4,4,1,4,1,5,4,755000,789000,34000,32,2260,3,2.5,2021,7900,0.025500000000000002,20120,14084,0,440.5,420.5
5064,2,20210909,20210811,4,4,3,8,1,5,5,1187000,1261000,74000,29,3200,5,4,2015,8000,0.049,61789,43252,0,432.7,426
5065,2,20210702,20210608,3,1,2,6,2,1,2,316000,340500,24500,24,1140,2,2,1981,2800,0.028,9534,6674,0,470.5,409.4
5066,2,20210418,20210327,4,4,1,8,1,3,4,818500,830000,11500,22,2940,4,3.5,2021,8450,0.028,23240,16268,0,441,430.6
5067,2,20210509,20210419,2,1,1,2,1,5,5,900500,964000,63500,20,2450,4,3.5,2018,6450,0.024,23136,16195,0,241.1,408.5
5068,2,20211209,20211119,2,1,2,3,4,5,4,796000,838500,42500,20,2730,5,4,2021,7400,0.0275,23059,16141,6000,236.8,406.9
5069,2,20210714,20210627,4,4,1,5,1,3,4,848500,871000,22500,17,2470,4,3.5,2016,7250,0.029,25259,17681,0,438.3,424.6
5070,2,20210605,20210521,4,4,1,2,2,2,5,885500,925000,39500,15,3140,4,3.5,2021,13550,0.0285,26363,18454,0,435.5,427.2
5071,2,20211224,20211204,2,1,1,3,5,5,5,1103000,1112000,9000,20,3250,5,4,2021,14900,0.023,25576,17903,0,236.3,405.1
5072,2,20210906,20210818,4,4,1,6,4,1,5,932000,964000,32000,19,2910,4,3.5,2016,10250,0.0285,27474,19232,0,444.6,422.1
5073,2,20211107,20211022,2,1,1,9,1,5,5,920000,978500,58500,16,2380,4,3.5,2021,10900,0.029,28377,19864,0,246,410.7
5074,2,20210219,20210202,2,1,3,2,1,1,4,743500,777500,34000,17,2680,4,3.5,2018,11050,0.046,35765,25036,0,234,402.1
5075,2,20210812,20210722,2,1,2,1,2,2,4,740000,771500,31500,21,2230,3,2.5,2017,10450,0.029500000000000002,22759,15931,0,247,424.1
5076,2,20211102,20211008,2,1,1,2,1,5,5,1169000,1258000,89000,25,3200,5,4,2017,10000,0.0225,28305,19814,0,235.8,410.4
5077,2,20210804,20210719,4,4,2,4,1,3,4,817500,873000,55500,16,2780,4,3.5,2018,8950,0.0245,21389,14972,0,439.2,426.2
5078,2,20210610,20210524,2,1,1,1,1,5,4,691000,755000,64000,17,2010,2,2,2001,7750,0.029,21895,15326,0,233.1,415.6
5079,2,20210331,20210317,2,1,1,7,1,1,5,907000,930500,23500,14,2420,4,3.5,2007,10950,0.024,22332,15632,7250,239.4,408.7
5080,2,20210610,20210528,1,1,2,8,1,5,3,622000,630000,8000,13,1830,3,2.5,1957,4800,0.0275,17325,12128,0,233.4,462.1
5081,2,20210916,20210825,4,4,1,6,2,3,4,852500,880000,27500,22,2670,4,3.5,2018,10400,0.023,20240,14168,0,446.2,417.8
5082,2,20211004,20210918,3,1,1,1,1,5,3,455000,458000,3000,16,1480,3,2.5,1957,4600,0.025500000000000002,11679,8175,0,483.2,395.9
5083,2,20211126,20211113,4,4,2,3,1,5,5,1130000,1231000,101000,13,3520,6,5,2020,11700,0.0285,35084,24559,0,437.5,425.5
5084,2,20210822,20210802,3,1,1,6,1,4,3,608500,619500,11000,20,1870,3,2.5,1972,9000,0.0285,17656,12359,0,476.6,405.6
5085,2,20210414,20210327,4,4,2,5,1,3,4,641500,669500,28000,18,2250,3,2.5,2021,6050,0.0235,15733,11013,3750,441.7,413.5
5086,2,20211104,20211001,4,4,2,4,5,5,5,1005000,1033500,28500,34,3240,6,5,2021,15350,0.0235,24287,17001,0,435.1,405.9
5087,2,20210812,20210727,2,1,2,2,1,1,4,756000,771000,15000,16,2180,4,3.5,2014,8450,0.027,20817,14572,0,242.3,409.4
5088,2,20210430,20210408,3,1,2,1,4,1,4,820000,864000,44000,22,2540,4,3.5,1972,7750,0.029500000000000002,25488,17842,0,472.5,418.3
5089,2,20210811,20210723,1,1,3,1,1,1,4,617000,659500,42500,19,2080,4,3.5,1978,5500,0.048,31656,22159,0,271.4,483.6
5090,2,20210512,20210415,2,1,1,5,1,5,4,795500,857000,61500,27,2420,4,3.5,2009,6050,0.022,18854,13198,0,237.4,403.1
5091,2,20211020,20211006,2,1,2,2,1,2,4,755000,779500,24500,14,2450,4,3.5,2021,10450,0.0225,17539,12277,0,239.4,408.8
5092,2,20210331,20210317,4,4,2,3,1,5,5,992000,1020500,28500,14,3220,6,5,2020,8450,0.026000000000000002,26533,18573,0,442.1,422.4
5093,2,20210524,20210509,2,1,2,6,1,5,5,902000,947500,45500,15,2590,4,3.5,2021,11200,0.0245,23214,16250,0,248,400.8
5094,2,20210918,20210829,2,1,1,8,1,1,4,883000,891500,8500,20,2960,4,3.5,2021,10000,0.025,22288,15602,13750,235.5,424.3
5095,2,20211108,20211025,2,1,2,1,1,5,4,704000,720000,16000,14,2290,4,3.5,2007,7750,0.025,18000,12600,0,250.5,418.1
5096,2,20210918,20210831,4,4,2,3,1,2,5,999000,1026000,27000,18,2640,5,4,2019,10600,0.025500000000000002,26163,18314,0,433.1,424.9
5097,2,20210510,20210426,2,1,2,1,6,5,4,842500,874000,31500,14,2500,4,3.5,2002,7200,0.03,26220,18354,0,242.4,413.7
5098,2,20210621,20210524,2,1,2,2,1,1,3,593500,617500,24000,28,2140,3,2.5,2014,10100,0.0285,17599,12319,0,243.1,410
5099,2,20210908,20210820,4,4,1,6,5,1,5,974000,1021000,47000,19,2870,4,3.5,2021,13950,0.024,24504,17153,0,437.1,415.4
5100,2,20211130,20211110,2,1,2,2,1,5,4,773000,791000,18000,20,2400,4,3.5,2006,6150,0.025,19775,13843,0,239.2,405.8
5101,2,20210621,20210602,2,1,1,7,3,5,4,717000,753500,36500,19,2170,4,3.5,2007,7650,0.022,16577,11604,0,227.6,406
5102,2,20210402,20210316,2,1,3,3,1,5,4,768500,805000,36500,17,2280,4,3.5,2019,9700,0.047,37835,26485,0,253,415.6
5103,2,20210512,20210428,4,4,2,2,1,5,5,900500,908000,7500,14,2700,5,4,2021,6800,0.027,24516,17161,0,447.9,427.1
5104,2,20210412,20210327,2,1,2,8,1,3,4,803500,839500,36000,16,2230,3,2.5,2010,9300,0.025500000000000002,21407,14985,6250,243.5,404.6
5105,2,20210605,20210514,4,4,1,5,1,5,5,982500,1002500,20000,22,3020,4,3.5,2021,9800,0.029,29073,20351,0,440.5,426.7
5106,2,20210504,20210413,4,4,2,2,1,5,4,725500,735000,9500,21,2490,4,3.5,2017,12000,0.0235,17273,12091,0,433.3,426.3
5107,2,20210425,20210406,4,4,2,4,4,5,5,909500,956500,47000,19,2960,5,4,2021,14650,0.029500000000000002,28217,19752,0,440.7,424.3
5108,2,20211007,20210921,2,1,3,8,4,2,5,928000,979500,51500,16,2720,4,3.5,2007,7600,0.047,46037,32226,0,250.2,416.5
5109,2,20210809,20210717,2,1,2,1,1,3,5,955500,976500,21000,23,2870,5,4,2015,9700,0.025,24413,17089,0,230.4,422.1
5110,2,20210910,20210819,4,4,2,8,5,3,5,901500,930500,29000,22,2840,4,3.5,2016,11150,0.026000000000000002,24193,16935,0,442.5,417.6
5111,2,20221228,20221213,2,1,1,6,3,1,4,780500,822500,42000,15,1940,3,2.5,2003,6550,0.0265,21796,15257,0,231.3,400.1
5112,2,20221227,20221210,4,4,1,6,1,2,5,970000,1014500,44500,17,2650,5,4,2019,8100,0.027,27392,19174,13500,444.2,429.4
5113,2,20220925,20220912,2,1,2,7,1,5,4,723500,742000,18500,13,2410,4,3.5,2022,7050,0.029,21518,15063,0,246.5,411
5114,2,20220630,20220615,4,4,2,1,3,5,5,1069000,1108000,39000,15,2630,3,2.5,2022,8900,0.024,26592,18614,0,432.8,422.4
5115,2,20220516,20220414,2,1,1,1,2,2,5,923000,983500,60500,32,2540,4,3.5,2011,6500,0.028,27538,19277,0,235,415.5
5116,2,20220620,20220603,4,4,1,6,2,5,5,1079000,1115000,36000,17,2970,4,3.5,2022,11500,0.0235,26203,18342,0,435.3,430.8
5117,2,20220125,20220111,2,1,1,3,1,2,5,927000,966000,39000,14,2340,4,3.5,2009,7200,0.0265,25599,17919,0,240.1,403.6
5118,2,20220425,20220330,4,4,2,2,4,4,5,1068500,1116000,47500,26,2750,5,4,2015,9000,0.027,30132,21092,0,436.4,417.6
5119,2,20221224,20221203,2,1,1,6,1,5,5,869000,909000,40000,21,2370,4,3.5,2021,9350,0.026000000000000002,23634,16544,9750,248.7,404.1
5120,2,20220123,20220108,2,1,2,8,5,5,5,872000,916500,44500,15,2590,4,3.5,2014,8850,0.0235,21538,15077,0,242.9,422.5
5121,2,20220307,20220220,2,1,1,4,1,5,5,942000,972500,30500,15,2600,4,3.5,2016,6300,0.0275,26744,18721,0,234.4,408
5122,2,20220818,20220801,4,4,2,6,5,5,5,1026500,1049500,23000,17,2570,4,3.5,2014,11700,0.029,30436,21305,0,451.7,431.2
5123,2,20220721,20220629,2,1,2,6,1,2,5,886000,917000,31000,22,2480,4,3.5,2022,6300,0.0225,20633,14443,0,226.3,407.9
5124,2,20220218,20220126,3,1,3,2,2,3,3,497000,515000,18000,23,1720,2,2,2004,8400,0.0445,22918,16043,4000,478.7,404
5125,2,20220409,20220320,2,1,2,6,1,2,5,1202500,1250500,48000,20,3020,5,4,2018,10900,0.0275,34389,24072,0,244.1,413.6
5126,2,20221210,20221120,4,4,2,1,1,2,5,1566000,1597500,31500,20,3490,6,5,2022,10450,0.0225,35944,25161,0,441.9,418.6
5127,2,20221116,20221102,2,1,2,2,1,2,4,681000,717000,36000,14,1970,3,2.5,2014,6150,0.03,21510,15057,0,246.3,420.7
5128,2,20221023,20220925,2,1,1,6,4,2,4,797500,821500,24000,28,1890,3,2.5,2011,7500,0.027,22181,15527,0,239.3,421.4
5129,2,20220331,20220303,4,4,2,3,5,5,5,948000,955500,7500,28,2430,4,3.5,2020,11300,0.028,26754,18728,0,444.8,432.1
5130,2,20221014,20220914,3,1,1,8,2,3,4,705000,739500,34500,30,2210,4,3.5,1984,10450,0.025500000000000002,18857,13200,0,483.3,408.9
5131,2,20220205,20220116,3,1,1,3,2,5,3,534000,565000,31000,20,1520,3,2.5,1962,5100,0.0275,15538,10877,0,476.4,395.1
5132,2,20221016,20220928,2,1,1,3,4,2,5,911000,930500,19500,18,2330,4,3.5,2009,8750,0.0225,20936,14655,0,232.1,413.5
5133,2,20220918,20220827,2,1,1,2,4,5,5,893000,928000,35000,22,2480,4,3.5,2022,10050,0.0235,21808,15266,0,242.7,406.9
5134,2,20220513,20220422,2,1,3,7,1,1,4,785000,819000,34000,21,1880,2,2,2022,7250,0.0495,40541,28379,0,250.5,402.5
5135,2,20220316,20220302,2,1,2,4,2,2,5,936500,991500,55000,14,2530,4,3.5,2018,8550,0.024,23796,16657,0,251.1,414.3
5136,2,20220418,20220322,2,1,2,8,1,5,5,941500,962000,20500,27,2770,5,4,2021,13250,0.022,21164,14815,0,237.4,413
5137,2,20220905,20220823,2,1,2,6,1,6,5,947000,990000,43000,13,2500,4,3.5,2017,9150,0.029,28710,20097,0,242.1,403.6
5138,2,20221030,20221013,2,1,1,9,5,5,5,1163000,1163000,0,17,2630,4,3.5,2021,8650,0.0265,30820,21574,0,231.7,413.2
5139,2,20220116,20211230,4,4,1,1,5,5,5,1251500,1305500,54000,17,3140,5,4,2021,9950,0.0235,30679,21475,14500,436.7,421.4
5140,2,20220117,20211215,2,1,2,3,1,6,5,1120500,1158500,38000,33,2500,4,3.5,2004,9850,0.029,33597,23518,0,239.9,414.8
5141,2,20220209,20220124,3,1,2,1,1,3,3,503000,520000,17000,16,1820,3,2.5,1964,8250,0.029,15080,10556,0,466.1,405.6
5142,2,20220521,20220505,4,4,2,8,1,1,5,1039000,1110000,71000,16,2800,5,4,2018,9100,0.0245,27195,19037,0,435.5,430.9
5143,2,20220210,20220126,4,4,1,6,1,5,4,730500,769000,38500,15,1940,3,2.5,2016,9600,0.025500000000000002,19610,13727,0,440.3,413
5144,2,20220205,20220111,3,1,2,8,1,2,4,751000,762000,11000,25,1810,3,2.5,1986,8250,0.029,22098,15469,0,478,412.4
5145,2,20220529,20220430,4,4,2,9,1,2,5,1022000,1093000,71000,29,3200,6,5,2019,9850,0.0235,25686,17980,0,429,429.5
5146,2,20220321,20220305,3,1,1,4,4,2,3,563500,589000,25500,16,1770,3,2.5,1956,7600,0.0275,16198,11339,0,476,390.5
5147,2,20220506,20220419,2,1,2,3,1,5,3,561000,592500,31500,17,1740,3,2.5,2012,8400,0.0225,13331,9332,5250,226.6,419.4
5148,2,20220401,20220314,4,4,1,4,1,1,5,1068000,1090500,22500,18,2990,5,4,2022,14150,0.0225,24536,17175,0,430.8,434
5149,2,20220624,20220605,2,1,2,2,1,5,5,905500,966000,60500,19,2190,4,3.5,2014,5500,0.0225,21735,15214,0,234.7,419.5
5150,2,20220621,20220607,2,1,1,1,5,5,4,733000,758000,25000,14,2200,3,2.5,2007,5750,0.028,21224,14857,0,238.6,409.6
5151,2,20220518,20220422,2,1,2,8,1,4,5,1305500,1328000,22500,26,2790,5,4,2012,11350,0.029,38512,26958,0,234.4,415.1
5152,2,20221103,20221015,4,4,2,2,1,2,5,1261000,1336500,75500,19,3280,5,4,2022,8650,0.0245,32744,22921,0,444.4,423.3
5153,2,20220618,20220526,3,1,1,6,5,5,4,790500,781000,-9500,23,2080,4,3.5,1989,5900,0.027,21087,14761,0,474.8,393.1
5154,2,20220311,20220226,4,4,2,8,1,5,5,1550000,1581000,31000,13,3550,6,5,2016,15950,0.028,44268,30988,0,442.2,431.1
5155,2,20220314,20220223,1,1,2,2,3,1,3,599500,636000,36500,19,1660,2,2,1975,4300,0.029,18444,12911,0,274.7,494.1
5156,2,20221007,20220923,2,1,2,2,1,5,5,1058500,1080500,22000,14,2960,5,4,2014,7350,0.0285,30794,21556,0,240.8,411.2
5157,2,20220406,20220305,4,4,3,2,5,5,4,839500,843000,3500,32,2110,4,3.5,2017,6700,0.047,39621,27735,15000,441.5,427.1
5158,2,20220214,20220123,2,1,2,3,1,5,5,998500,1029500,31000,22,2750,4,3.5,2017,10500,0.022,22649,15854,0,234.6,409.6
5159,2,20220906,20220822,4,4,1,4,1,3,4,820000,822500,2500,15,2310,4,3.5,2021,11250,0.0265,21796,15257,0,443.9,428
5160,2,20220628,20220614,2,1,1,1,1,5,4,780000,792500,12500,14,1920,3,2.5,2008,9100,0.025,19813,13869,0,231.5,421.5
5161,2,20220614,20220529,2,1,1,2,1,5,5,1158500,1247500,89000,16,2950,5,4,2009,8750,0.024,29940,20958,0,239.9,403.4
5162,2,20220714,20220701,2,1,1,2,1,2,5,1192000,1254000,62000,13,2740,4,3.5,2013,11750,0.028,35112,24578,0,238.7,399.8
5163,2,20221201,20221104,3,1,1,1,5,2,5,913500,941500,28000,27,2570,4,3.5,1992,11050,0.0265,24950,17465,0,458.1,405.1
5164,2,20220913,20220825,2,1,1,2,1,2,5,1182000,1219500,37500,19,2570,4,3.5,2004,12200,0.0265,32317,22622,0,239,409.9
5165,2,20220611,20220525,4,4,2,6,1,5,5,1536500,1599500,63000,17,3630,6,5,2017,12450,0.029,46386,32470,0,444.5,419.6
5166,2,20230215,20230101,2,1,2,8,1,1,5,972000,960000,-12000,45,2500,4,3.5,2011,12200,0.0225,21600,15120,0,232,406.3
5167,2,20231213,20231025,2,1,2,6,1,5,5,1058000,1048000,-10000,49,2190,4,3.5,2009,9150,0.022,23056,16139,0,247.9,414.8
5168,2,20231004,20230723,4,4,2,4,5,3,5,1284000,1331500,47500,73,2680,5,4,2016,13050,0.027,35951,25166,0,436.1,408.8
5169,2,20230107,20221019,2,1,2,7,1,5,4,799500,785500,-14000,80,2680,5,4,2012,6800,0.028,21994,15396,11250,223.6,398.9
5170,2,20230321,20230127,4,4,2,1,5,5,5,1102500,1106500,4000,53,3000,5,4,2020,11200,0.026000000000000002,28769,20138,0,446.8,419.3
5171,2,20230220,20221221,4,4,2,3,1,5,4,699500,700000,500,61,2220,5,4,2022,5850,0.027,18900,13230,0,431.2,415.5
5172,2,20230504,20230227,4,4,1,7,1,3,5,1139500,1105000,-34500,66,2500,4,3.5,2018,11250,0.028,30940,21658,12250,435.9,418.6
5173,2,20230517,20230323,3,1,1,3,1,4,4,676000,673500,-2500,55,1640,3,2.5,1962,5000,0.0245,16501,11551,3500,473.3,402.9
5174,2,20231103,20230817,2,1,2,8,1,5,4,719500,693000,-26500,78,1980,3,2.5,2013,5500,0.03,20790,14553,9500,242.9,412.7
5175,2,20230708,20230522,2,1,2,2,1,5,5,1205500,1199500,-6000,47,2430,4,3.5,2018,10850,0.0265,31787,22251,0,234.4,410.9
5176,2,20230429,20230228,4,4,1,6,5,5,5,1159500,1102500,-57000,60,3400,5,4,2023,10200,0.0235,25909,18136,0,447.4,420.8
5177,2,20230805,20230518,2,1,1,2,1,5,5,1163500,1133000,-30500,79,2310,5,4,2022,10150,0.0285,32291,22604,0,233.6,401.8
5178,2,20231110,20230828,4,4,2,3,1,2,5,1207000,1210000,3000,74,2970,6,5,2023,12300,0.0275,33275,23293,15000,447.7,433.3
5179,2,20230601,20230317,1,1,1,1,5,1,2,358500,354500,-4000,76,1110,2,2,1994,4500,0.028,9926,6948,0,253.7,458.5
5180,2,20230621,20230416,3,1,2,1,1,3,4,782000,769500,-12500,66,2040,3,2.5,1980,7050,0.0225,17314,12120,11750,485,374.3
5181,2,20230926,20230807,4,4,2,1,1,5,5,1222000,1179500,-42500,50,2810,5,4,2023,10250,0.027,31847,22293,0,445.2,429.8
5182,2,20230530,20230404,3,1,1,6,1,1,4,717500,726000,8500,56,2420,4,3.5,1995,7600,0.029,21054,14738,6250,453.3,404.9
5183,2,20230626,20230418,2,1,1,1,1,1,5,1054000,1025500,-28500,69,2240,4,3.5,2007,9150,0.027,27689,19382,0,238.7,411.1
5184,2,20230704,20230516,1,1,2,3,2,5,3,515500,520500,5000,49,1690,2,2,1996,7100,0.0225,11711,8198,7000,233.3,480.5
5185,2,20230503,20230320,2,1,2,9,2,2,5,965000,948000,-17000,44,2390,4,3.5,2013,6700,0.0285,27018,18913,0,235.9,421.8
5186,2,20230705,20230515,2,1,1,4,1,5,3,644000,645000,1000,51,2150,3,2.5,2013,5250,0.025,16125,11288,0,229.6,410.3
5187,2,20230722,20230509,2,1,2,1,5,2,5,915500,915000,-500,74,2410,4,3.5,2014,6750,0.026000000000000002,23790,16653,10000,240.6,415.2
5188,2,20230405,20230213,4,4,1,1,5,3,5,999500,1003500,4000,51,2780,5,4,2023,9400,0.024,24084,16859,0,437.2,416.7
5189,2,20230704,20230502,2,1,2,1,3,2,5,1010500,1023000,12500,63,2660,4,3.5,2009,9750,0.029,29667,20767,7000,228.6,409.5
5190,2,20231114,20230914,2,1,2,1,1,6,4,780000,780000,0,61,2210,3,2.5,2013,9050,0.025500000000000002,19890,13923,4500,227.3,414.2
5191,2,20230727,20230603,1,1,2,6,1,5,3,523500,510500,-13000,54,1600,3,2.5,1961,6800,0.024,12252,8576,0,242.1,439.5
5192,2,20230314,20230125,3,1,2,6,1,5,3,486500,475000,-11500,48,1570,3,2.5,1991,4200,0.028,13300,9310,2250,479.3,408.6
5193,2,20231019,20230808,4,4,3,6,4,2,5,1356000,1305000,-51000,72,3250,5,4,2021,15000,0.0455,59378,41565,7750,435,431.9
5194,2,20230523,20230405,2,1,3,3,5,5,5,1163000,1143000,-20000,48,2700,4,3.5,2001,8600,0.051000000000000004,58293,40805,5250,237.6,397.6
5195,2,20231019,20230904,4,4,2,1,2,5,4,774500,765500,-9000,45,2350,3,2.5,2016,7050,0.024,18372,12860,0,436.1,420
5196,2,20231029,20230820,4,4,2,7,4,2,4,855000,853000,-2000,70,2130,4,3.5,2018,5850,0.0225,19193,13435,11000,435.9,428.5
5197,2,20230315,20221228,2,1,1,2,1,5,4,898500,878500,-20000,77,2400,4,3.5,2017,9150,0.0235,20645,14451,0,236.2,420.6
5198,2,20230824,20230611,3,1,2,8,1,2,3,623000,619000,-4000,74,1730,3,2.5,1994,4250,0.0245,15166,10616,4000,455.1,399.8
5199,2,20230624,20230511,4,4,1,3,1,1,5,1191000,1162500,-28500,44,2990,5,4,2017,12150,0.0245,28481,19937,0,438.9,433.5
5200,2,20230524,20230331,4,4,1,1,1,3,5,1325500,1334500,9000,54,2760,4,3.5,2023,7700,0.025,33363,23354,0,439.3,413.8
5201,2,20230421,20230131,4,4,2,9,5,5,5,1076000,1043000,-33000,80,2470,3,2.5,2023,8200,0.0235,24511,17158,0,430,417.5
5202,2,20230309,20230121,2,1,1,8,1,2,5,1105000,1064500,-40500,47,2480,4,3.5,2002,8350,0.0285,30338,21237,0,235.3,403
5203,2,20230125,20221130,2,1,2,2,5,3,5,1099500,1093000,-6500,56,2640,4,3.5,2019,8750,0.0225,24593,17215,0,236.1,410.6
5204,2,20230304,20221218,2,1,2,6,4,5,4,937000,886500,-50500,76,2190,3,2.5,2022,10800,0.025,22163,15514,4250,229.7,414.6
5205,2,20230213,20221105,2,1,2,4,1,2,5,1177000,1158000,-19000,100,2780,5,4,2008,8500,0.0265,30687,21481,10250,228.5,416.5
5206,2,20230714,20230529,2,1,2,6,1,5,4,870000,879000,9000,46,2350,4,3.5,2007,10900,0.0275,24173,16921,15250,250.2,403.7
5207,2,20231009,20230823,2,1,1,4,5,2,5,951000,948000,-3000,47,2510,4,3.5,2009,8350,0.0235,22278,15595,13500,241.1,419.9
5208,2,20230729,20230420,2,1,2,8,3,5,4,806000,800000,-6000,100,1830,3,2.5,2023,5750,0.022,17600,12320,0,236.4,413.7
5209,2,20230330,20230206,3,1,1,3,3,4,3,492500,471500,-21000,52,1720,3,2.5,2019,5000,0.0275,12966,9076,0,480.1,387.2
5210,2,20230621,20230419,2,1,1,2,3,1,4,847000,856000,9000,63,2110,4,3.5,2015,8650,0.024,20544,14381,14750,246.8,407
5211,2,20230614,20230429,2,1,1,5,1,2,4,864500,851000,-13500,46,2460,4,3.5,2019,7350,0.03,25530,17871,13250,235.4,408.7
5212,2,20230622,20230422,2,1,1,2,5,2,5,1130500,1090000,-40500,61,2430,3,2.5,2008,7500,0.0275,29975,20983,0,237.8,403.4
5213,2,20230613,20230421,3,1,1,6,1,5,4,830500,795500,-35000,53,2030,3,2.5,1995,6350,0.0285,22672,15870,0,483.4,414.7
5214,2,20231216,20231021,4,4,2,2,5,5,5,1094500,1070000,-24500,56,2480,5,4,2019,8400,0.029500000000000002,31565,22096,0,448.5,432.4
5215,2,20230818,20230626,4,4,1,5,4,5,5,1169500,1111000,-58500,53,3070,6,5,2015,10500,0.023,25553,17887,0,428.7,428.1
5216,2,20230318,20230113,2,1,2,2,5,5,5,1009500,996000,-13500,64,2420,4,3.5,2004,6650,0.023,22908,16036,0,231.8,409
5217,2,20230124,20221204,2,1,1,3,5,2,5,952500,960000,7500,51,2350,3,2.5,2009,11450,0.0235,22560,15792,0,238.2,406.5
5218,2,20230818,20230604,4,4,3,2,1,3,5,1131000,1075000,-56000,75,2810,5,4,2019,11650,0.049,52675,36873,15250,434.5,414.4
5219,2,20231031,20230813,4,4,1,2,5,5,5,1529500,1465000,-64500,79,3480,6,5,2017,16050,0.03,43950,30765,0,440.1,431.5
5220,2,20230227,20221216,2,1,2,8,3,5,4,880500,871000,-9500,73,2180,4,3.5,2011,6400,0.0225,19598,13719,0,236.1,424.8
5221,2,20231105,20230903,2,1,2,5,1,5,4,847500,850000,2500,63,2340,4,3.5,2022,11200,0.029500000000000002,25075,17553,0,241.1,405.7
5222,2,20230915,20230713,4,4,2,5,1,4,4,898500,884500,-14000,64,2600,4,3.5,2021,11200,0.0225,19901,13931,6750,437.9,430.6
5223,2,20230803,20230617,2,1,1,6,1,5,5,1042500,1024500,-18000,47,2780,4,3.5,2022,13200,0.029500000000000002,30223,21156,0,245.5,404.6
5224,2,20230927,20230624,2,1,2,3,1,5,5,1241500,1219000,-22500,95,3030,5,4,2013,11450,0.029500000000000002,35961,25173,0,240.2,420.6
5225,2,20230412,20230216,3,1,2,4,2,1,4,712500,675500,-37000,55,2260,4,3.5,1998,6350,0.0275,18576,13003,0,448.2,403.7
5226,2,20230827,20230704,2,1,1,3,1,5,5,1224500,1228500,4000,54,2470,5,4,2016,8400,0.024,29484,20639,15750,241.9,416.2
5227,2,20240416,20240301,1,1,2,8,1,5,3,647000,634000,-13000,46,1720,3,2.5,2017,5650,0.026000000000000002,16484,11539,10250,226.9,462.9
5228,2,20240112,20231123,4,4,1,2,1,2,4,881000,890500,9500,50,2600,4,3.5,2019,12200,0.025500000000000002,22708,15896,7000,439.8,425.2
5229,2,20240530,20240404,2,1,2,2,1,5,5,1213500,1215000,1500,56,3060,5,4,2011,14950,0.025,30375,21263,12250,246.5,425.1
5230,2,20240108,20231122,3,1,2,6,2,1,3,491000,485500,-5500,47,1580,3,2.5,2004,4500,0.029500000000000002,14322,10025,8500,473.6,419.3
5231,2,20241028,20240816,2,1,2,1,1,5,5,965000,979000,14000,73,2840,5,4,2021,11600,0.024,23496,16447,17500,234.6,418.1
5232,2,20240626,20240510,2,1,2,5,5,5,5,919500,905000,-14500,47,2440,4,3.5,2002,6400,0.0225,20363,14254,0,241.6,411.7
5233,2,20241124,20240920,4,4,2,2,1,5,5,1002500,954500,-48000,65,2500,4,3.5,2023,12450,0.029500000000000002,28158,19711,10750,439.2,418.7
5234,2,20240426,20240226,2,1,2,3,2,5,4,870000,857000,-13000,60,2110,3,2.5,2023,6600,0.025500000000000002,21854,15298,0,236.2,414.9
5235,2,20241019,20240808,4,4,1,6,1,3,5,1617000,1539500,-77500,72,3600,6,5,2024,15150,0.028,43106,30174,0,444.6,433.3
5236,2,20240425,20240307,2,1,1,8,2,5,5,911500,928500,17000,49,2120,3,2.5,2008,9800,0.03,27855,19499,0,230.9,421
5237,2,20240229,20231217,1,1,1,1,1,5,4,753500,755000,1500,74,1980,3,2.5,2015,8800,0.027,20385,14270,13000,270.9,490.5
5238,2,20240612,20240415,2,1,1,3,1,6,4,742000,704000,-38000,58,2060,3,2.5,2023,10250,0.029,20416,14291,0,253.7,419
5239,2,20240318,20240128,2,1,1,3,1,5,5,1121500,1078500,-43000,50,2670,5,4,2022,11400,0.0225,24266,16986,0,231.4,410.1
5240,2,20240707,20240519,2,1,2,9,5,3,5,1189000,1154000,-35000,49,2820,4,3.5,2008,7900,0.022,25388,17772,0,236.9,404.2
5241,2,20240704,20240511,3,1,1,5,2,5,4,760500,745500,-15000,54,1780,3,2.5,1992,4450,0.026000000000000002,19383,13568,0,484.3,392.1
5242,2,20240420,20240303,3,1,2,4,3,3,4,726500,688500,-38000,48,2050,3,2.5,1976,6200,0.0225,15491,10844,11000,452.9,388.5
5243,2,20240814,20240608,2,1,1,3,5,1,5,1227500,1188000,-39500,67,2750,4,3.5,2006,10900,0.027,32076,22453,17000,236.6,413.8
5244,2,20240214,20231224,4,4,1,1,1,1,4,785000,797000,12000,52,2370,4,3.5,2024,9800,0.027,21519,15063,0,441.8,422.2
5245,2,20240927,20240717,4,4,2,2,3,5,5,950500,932500,-18000,72,2310,4,3.5,2019,8950,0.0275,25644,17951,0,430.4,420.2
5246,2,20240524,20240305,4,4,1,1,3,5,5,950500,945000,-5500,80,2580,5,4,2017,11550,0.023,21735,15214,10000,449,422.6
5247,2,20240911,20240708,2,1,2,6,4,5,4,908000,875000,-33000,65,2430,3,2.5,2019,9950,0.024,21000,14700,8750,231.5,410.2
5248,2,20240119,20231112,2,1,2,9,1,5,4,834500,791500,-43000,68,2050,3,2.5,2005,8400,0.0285,22558,15791,9000,232.4,413.6
5249,2,20240313,20240125,4,4,2,6,1,3,5,1155500,1139000,-16500,48,2970,4,3.5,2015,14100,0.028,31892,22324,0,431.1,421.7
5250,2,20240507,20240318,2,1,3,8,1,2,4,752000,734500,-17500,50,2310,4,3.5,2010,5700,0.044,32318,22623,4000,232.3,409.3
5251,2,20241010,20240730,3,1,2,3,4,2,4,654500,661500,7000,72,2160,4,3.5,2010,9700,0.025,16538,11577,0,465.7,411.6
5252,2,20240919,20240720,4,4,2,3,4,1,5,1066000,1031000,-35000,61,2950,4,3.5,2024,7700,0.026000000000000002,26806,18764,0,432.8,414.9
5253,2,20240622,20240419,2,1,2,9,4,5,3,643000,617000,-26000,64,1900,3,2.5,2016,6450,0.0265,16351,11446,0,233.9,410.5
5254,2,20241217,20240909,4,4,2,2,1,5,3,590500,576000,-14500,99,1780,3,2.5,2023,6900,0.0225,12960,9072,0,435.1,419.6
5255,2,20240914,20240731,2,1,1,3,1,5,5,953500,964000,10500,45,2860,4,3.5,2017,13300,0.0285,27474,19232,15250,242.7,414
5256,2,20240506,20240310,2,1,2,3,1,2,4,815500,813000,-2500,57,2190,3,2.5,2003,7750,0.022,17886,12520,0,238.3,412.2
5257,2,20240126,20231129,3,1,1,3,4,5,3,625500,600000,-25500,58,1850,3,2.5,2015,7000,0.023,13800,9660,0,455.2,409.2
5258,2,20241203,20240926,4,4,2,1,1,1,5,996500,978000,-18500,68,2780,5,4,2022,8900,0.03,29340,20538,13750,450.9,416
5259,2,20240409,20240201,4,4,2,2,2,5,4,896000,871000,-25000,68,2400,4,3.5,2022,9700,0.028,24388,17072,0,447.8,420.9
5260,2,20240426,20240306,2,1,1,4,6,5,5,987500,954500,-33000,51,2610,4,3.5,2024,10300,0.026000000000000002,24817,17372,0,243.4,410.2
5261,2,20240514,20240222,4,4,2,3,1,5,5,1010000,991500,-18500,82,2460,4,3.5,2022,6900,0.025500000000000002,25283,17698,13750,446.6,420.4
5262,2,20241230,20241016,4,4,1,7,1,2,5,968500,948500,-20000,75,2770,5,4,2018,12150,0.023,21816,15271,0,428.3,425.5
5263,2,20240830,20240706,2,1,1,3,5,2,4,761500,774500,13000,55,2600,3,2.5,2017,10450,0.0235,18201,12741,0,233.7,430.1
5264,2,20240917,20240730,2,1,2,2,1,5,5,891000,901000,10000,49,2390,4,3.5,2001,7400,0.0275,24778,17345,0,239.8,404.8
5265,2,20240823,20240628,2,1,2,1,3,5,4,806500,817500,11000,56,2270,4,3.5,2016,5850,0.026000000000000002,21255,14878,0,254.4,415.2
5266,2,20240304,20240106,2,1,1,2,1,5,4,718000,715500,-2500,58,2160,3,2.5,2004,10250,0.025500000000000002,18245,12772,0,238.6,411
5267,2,20240713,20240522,3,1,1,4,1,2,4,799000,793000,-6000,52,2140,4,3.5,1978,5850,0.029500000000000002,23394,16376,13750,464,409.6
5268,2,20241103,20240817,4,4,1,2,1,5,4,890000,895000,5000,78,2770,5,4,2016,10550,0.027,24165,16916,0,434.6,423.1
5269,2,20240522,20240404,2,1,1,6,1,5,4,866000,857000,-9000,48,2000,4,3.5,2024,9050,0.027,23139,16197,12500,238.5,410.9
5270,2,20240912,20240721,3,1,1,1,2,1,4,798500,786500,-12000,53,2160,2,2,2006,5600,0.0265,20842,14589,0,474.3,402.6
5271,2,20241211,20241005,2,1,1,2,1,5,5,1149000,1117500,-31500,67,2540,4,3.5,2008,9300,0.025500000000000002,28496,19947,8000,241.5,401.8
5272,2,20241114,20240908,2,1,2,2,2,5,5,1037500,1019000,-18500,67,2300,3,2.5,2010,6700,0.028,28532,19972,0,237.9,419
5273,2,20240324,20240122,2,1,2,5,1,5,4,811000,837500,26500,62,2190,4,3.5,2019,7800,0.0285,23869,16708,13250,228.6,412.3
5274,2,20240809,20240518,2,1,1,3,4,3,4,830000,820500,-9500,83,2260,3,2.5,2018,8400,0.029,23795,16657,0,248.6,406.8
5275,2,20240528,20240302,4,4,2,2,1,4,4,926000,894500,-31500,87,2560,3,2.5,2016,9100,0.023,20574,14402,7750,444.2,419.5
5276,2,20240404,20240203,2,1,2,6,1,2,5,1187500,1188000,500,61,3050,5,4,2003,12450,0.022,26136,18295,21000,252.7,414
5277,2,20240610,20240409,4,4,1,9,5,1,5,910500,907500,-3000,62,2480,4,3.5,2017,11600,0.028,25410,17787,7500,444,426.8
5278,2,20240204,20231129,2,1,2,1,1,4,4,888000,885000,-3000,67,2450,4,3.5,2017,9700,0.03,26550,18585,0,240.1,405
5279,2,20240510,20240320,2,1,2,2,1,5,4,712000,721500,9500,51,1870,3,2.5,2015,5650,0.025500000000000002,18398,12879,0,239.1,398.7
5280,2,20240421,20240117,4,4,2,6,5,5,5,970000,986500,16500,95,2590,4,3.5,2023,7950,0.029500000000000002,29102,20371,7000,445.7,431.2
5281,2,20240123,20231030,4,4,1,8,1,2,5,939500,952000,12500,85,2490,4,3.5,2022,9200,0.0275,26180,18326,0,441.4,427.1
5282,2,20240902,20240607,3,1,1,9,1,4,3,598000,590500,-7500,87,1670,2,2,1971,7750,0.022,12991,9094,2750,466.4,392.6
5283,2,20240126,20231104,4,4,2,2,3,1,4,751000,772000,21000,83,2510,4,3.5,2016,9800,0.023,17756,12429,0,439.5,421.3
5284,2,20240629,20240515,2,1,1,7,3,5,5,1397500,1364000,-33500,45,3100,4,3.5,2006,15250,0.026000000000000002,35464,24825,17500,244.6,408.2
5285,2,20240516,20240329,2,1,2,2,4,2,5,1248500,1168500,-80000,48,3030,5,4,2016,13250,0.029500000000000002,34471,24130,0,234.2,416.4
5286,2,20240510,20240219,2,1,1,4,1,5,4,880500,865500,-15000,81,2510,4,3.5,2001,6650,0.0235,20339,14237,0,245.3,414.4
5287,2,20250717,20250506,4,4,2,3,1,5,5,903500,911000,7500,72,2250,4,3.5,2015,6400,0.0225,20498,14349,0,446.4,420.4
5288,2,20250522,20250405,4,4,2,3,1,2,5,1036500,1011500,-25000,47,2760,5,4,2025,7700,0.024,24276,16993,0,446.8,418
5289,2,20250730,20250504,4,4,2,6,1,5,5,1480500,1483500,3000,87,3180,6,5,2021,9650,0.026000000000000002,38571,27000,8000,441,412
5290,2,20250812,20250618,3,1,2,3,1,2,4,696500,708500,12000,55,2060,4,3.5,1986,7850,0.025500000000000002,18067,12647,0,467.5,403
5291,2,20250506,20250306,2,1,1,3,5,5,5,1126000,1095000,-31000,61,2720,4,3.5,2019,12600,0.0245,26828,18780,7250,229.1,419.8
5292,2,20250906,20250605,2,1,2,2,5,5,5,1538000,1535000,-3000,93,3050,5,4,2014,12600,0.029,44515,31160,0,244.4,406.7
5293,2,20250307,20250111,2,1,1,5,1,4,5,1171000,1158500,-12500,55,2470,4,3.5,2014,9500,0.027,31280,21896,20500,234.2,403.7
5294,2,20251005,20250813,4,4,3,4,3,3,4,717000,718500,1500,53,1970,3,2.5,2022,8600,0.049,35207,24645,9750,432.2,415.9
5295,2,20250206,20241218,1,1,1,6,1,5,4,776000,780500,4500,50,2030,3,2.5,1982,9750,0.025,19513,13659,0,241,432.6
5296,2,20250517,20250320,3,1,2,4,1,2,4,771500,750000,-21500,58,1990,3,2.5,1966,9150,0.029,21750,15225,0,473.5,409.9
5297,2,20251021,20250902,4,4,1,3,1,5,5,1053000,1045500,-7500,49,2700,5,4,2023,9300,0.0235,24569,17198,0,443.7,426.7
5298,2,20250221,20250107,2,1,2,5,1,1,5,1158000,1138500,-19500,45,2590,4,3.5,2018,6750,0.023,26186,18330,0,244.1,413.5
5299,2,20250724,20250531,2,1,2,2,6,2,5,951500,913000,-38500,54,2580,4,3.5,2006,7850,0.025500000000000002,23282,16297,6750,242.5,420.9
5300,2,20250912,20250727,2,1,1,3,5,4,5,1015500,1015500,0,47,2650,4,3.5,2007,9100,0.0265,26911,18838,9000,242.1,409.3
5301,2,20250702,20250517,4,4,2,7,1,2,5,1355000,1302500,-52500,46,3110,5,4,2015,11250,0.0235,30609,21426,9500,450,426.8
5302,2,20250112,20241117,4,4,1,3,1,2,4,785000,793500,8500,56,1960,3,2.5,2021,5750,0.026000000000000002,20631,14442,0,445,431
5303,2,20250526,20250326,2,1,1,5,1,3,5,950000,911000,-39000,61,2570,4,3.5,2009,10350,0.023,20953,14667,0,235.1,412.8
5304,2,20250623,20250508,3,1,1,6,1,5,5,1043500,1017500,-26000,46,2760,5,4,1978,7250,0.0265,26964,18875,18250,487.4,412.6
5305,2,20250414,20250212,3,1,2,1,4,1,3,600000,589500,-10500,61,1790,3,2.5,1994,4850,0.023,13559,9491,8750,471.3,393.9
5306,2,20250122,20241201,4,4,2,6,1,3,5,886500,902500,16000,52,3030,5,4,2018,13700,0.022,19855,13899,0,442.4,421.2
5307,2,20250313,20250101,4,4,2,6,5,2,5,1137000,1116500,-20500,71,2670,4,3.5,2015,9450,0.0275,30704,21493,0,446,440
5308,2,20250812,20250622,4,4,2,2,1,5,5,1155000,1153000,-2000,51,3640,6,5,2024,12450,0.029,33437,23406,20000,438.8,417.3
5309,2,20250430,20250127,4,4,1,6,2,1,5,971500,924000,-47500,93,2440,4,3.5,2017,8800,0.023,21252,14876,0,457.9,422.5
5310,2,20250908,20250612,3,1,1,6,2,2,3,574500,559000,-15500,88,1580,2,2,1968,6950,0.027,15093,10565,0,457.6,401.6
5311,2,20250914,20250728,2,1,1,2,1,2,4,799500,808000,8500,48,2420,4,3.5,2003,8350,0.0235,18988,13292,4250,236.4,412.2
5312,2,20250826,20250705,4,4,2,5,5,3,5,1123000,1135000,12000,52,2920,4,3.5,2024,13550,0.0235,26673,18671,0,439.7,425.1
5313,2,20250717,20250505,2,1,2,4,1,5,5,1362500,1316000,-46500,73,2910,5,4,2005,12450,0.0285,37506,26254,0,234.2,403.6
5314,2,20250516,20250323,2,1,1,3,1,5,5,1078000,1075500,-2500,54,2700,4,3.5,2005,10800,0.029500000000000002,31727,22209,0,240.4,412.3
5315,2,20250825,20250622,2,1,2,4,5,5,5,1119500,1080500,-39000,64,2490,3,2.5,2020,6050,0.025,27013,18909,9500,238.5,413.7
5316,2,20250424,20250307,2,1,1,3,1,2,5,961500,932000,-29500,48,2390,4,3.5,2002,8050,0.028,26096,18267,11750,226,420.4
5317,2,20250314,20250122,3,1,1,2,1,3,4,660000,667000,7000,51,2000,4,3.5,2002,6700,0.023,15341,10739,0,455.3,418.7
5318,2,20251014,20250810,2,1,1,1,1,5,4,837000,845000,8000,65,2400,4,3.5,2023,8900,0.024,20280,14196,0,235.3,408.6
5319,2,20250608,20250414,2,1,1,8,1,4,4,773000,767500,-5500,55,2140,4,3.5,2018,10250,0.023,17653,12357,12500,233.4,417.2
5320,2,20251215,20251018,4,4,1,3,1,5,5,976500,971000,-5500,58,2440,3,2.5,2022,9350,0.0235,22819,15973,0,446.1,432.6
5321,2,20250116,20241109,4,4,1,2,3,3,5,971000,926000,-45000,68,3020,5,4,2016,9200,0.028,25928,18150,9500,448.3,424.8
5322,2,20250405,20250213,1,1,2,2,1,2,4,820000,808000,-12000,51,2050,3,2.5,1958,5050,0.0275,22220,15554,5000,256.5,444.8
5323,2,20250105,20241102,4,4,2,2,1,1,5,1149500,1148500,-1000,64,2680,4,3.5,2016,7400,0.0225,25841,18089,5750,444.7,418.4
5324,2,20250304,20250112,2,1,1,8,5,5,5,1070500,1029500,-41000,51,2780,5,4,2011,10400,0.0245,25223,17656,8750,239.3,414.3
5325,2,20250512,20250227,4,4,1,2,1,1,5,1381500,1411500,30000,74,3350,5,4,2025,16200,0.0265,37405,26184,0,432,429.5
5326,2,20250604,20250411,4,4,1,6,1,2,5,1101500,1104000,2500,54,2990,5,4,2020,11300,0.0265,29256,20479,17750,440.3,437.8
5327,2,20250422,20250307,2,1,2,1,5,5,5,1402000,1343500,-58500,46,3110,4,3.5,2013,9500,0.023,30901,21631,0,234.5,408.1
5328,2,20250403,20250123,2,1,2,1,1,5,5,980000,979000,-1000,70,3060,5,4,2003,12550,0.025500000000000002,24965,17476,0,228.3,415
5329,2,20250405,20250208,2,1,2,3,1,3,4,892000,882000,-10000,56,2130,4,3.5,2012,10400,0.026000000000000002,22932,16052,4250,234.9,401.3
5330,2,20251013,20250817,3,1,1,1,4,1,3,505000,496500,-8500,57,1750,2,2,1979,8200,0.023,11420,7994,0,474.9,393.1
5331,2,20251225,20251025,3,1,1,8,1,5,3,535500,514500,-21000,61,1780,4,3.5,1977,4350,0.022,11319,7923,7750,458.9,390.8
5332,2,20250618,20250427,4,4,1,8,5,5,5,951000,976000,25000,52,2050,4,3.5,2015,5050,0.0275,26840,18788,0,435.9,432.3
5333,2,20250309,20250119,4,4,1,4,1,4,5,912000,907500,-4500,49,2700,4,3.5,2020,8600,0.029,26318,18423,9250,432.1,423.3
5334,2,20250216,20250103,2,1,1,2,2,5,5,1042500,1013500,-29000,44,2840,6,5,2023,10350,0.0225,22804,15963,17500,247.5,411.7
5335,2,20250627,20250511,1,1,1,4,2,2,3,651500,633500,-18000,47,1670,3,2.5,2021,5400,0.028,17738,12417,5750,232,480.5
5336,2,20250622,20250424,2,1,1,4,4,1,4,716000,727500,11500,59,1870,4,3.5,2021,8350,0.0245,17824,12477,4250,234.4,409.4
5337,2,20260603,20260330,4,4,3,7,5,1,5,979000,958000,-21000,65,2710,5,4,2016,9550,0.05,47900,33530,14500,439,418.7
5338,2,20260118,20251205,2,1,1,3,5,1,5,1036500,1031500,-5000,44,2160,5,4,2013,6950,0.0265,27335,19135,14000,241.9,412
5339,2,20261207,20260925,4,4,2,1,5,2,5,1329000,1328000,-1000,73,3390,5,4,2021,8550,0.028,37184,26029,13250,450.6,429.5
5340,2,20260608,20260420,4,4,2,1,2,2,4,865000,867000,2000,49,2640,4,3.5,2022,11200,0.03,26010,18207,0,441.6,427.1
5341,2,20261221,20261102,4,4,1,8,1,3,5,1592500,1596000,3500,49,3490,6,5,2022,12150,0.025500000000000002,40698,28489,0,450.6,405.9
5342,2,20260714,20260514,4,4,2,2,2,3,4,873500,875500,2000,61,2630,4,3.5,2018,10350,0.026000000000000002,22763,15934,0,428.2,423
5343,2,20260525,20260311,2,1,1,9,1,4,5,1213000,1197000,-16000,75,2730,3,2.5,2024,11100,0.024,28728,20110,0,234.8,418.2
5344,2,20260528,20260304,3,1,1,3,6,4,3,565500,553500,-12000,85,1340,2,2,1996,3800,0.029,16052,11236,8750,471.9,406.7
5345,2,20261014,20260730,2,1,1,1,5,3,5,925000,907500,-17500,76,2370,4,3.5,2003,10250,0.029,26318,18423,0,245.4,401.8
5346,2,20260803,20260605,2,1,2,3,1,5,5,1134000,1073000,-61000,59,3380,6,5,2012,12000,0.0285,30581,21407,17250,238.4,402.4
5347,2,20260927,20260803,4,4,2,9,5,2,5,1147000,1104500,-42500,55,3010,5,4,2024,7300,0.0235,25956,18169,0,432.4,417.3
5348,2,20261005,20260730,1,1,1,3,4,2,3,539000,529500,-9500,67,1490,3,2.5,2012,4700,0.025500000000000002,13502,9451,7000,239.4,477.4
5349,2,20260814,20260627,2,1,2,1,4,5,5,984500,953000,-31500,48,2330,4,3.5,2007,10300,0.025500000000000002,24302,17011,0,237.6,401.8
5350,2,20260828,20260613,2,1,1,2,1,5,4,776000,782500,6500,76,1830,3,2.5,2017,5850,0.027,21128,14790,0,240.4,409.4
5351,2,20260422,20260228,2,1,1,3,1,5,5,1267500,1259000,-8500,53,2920,5,4,2013,13950,0.0245,30846,21592,12000,246.6,413.9
5352,2,20260524,20260319,2,1,2,4,5,1,5,963500,949500,-14000,66,2340,4,3.5,2020,6700,0.0285,27061,18943,0,235.1,418.4
5353,2,20260309,20260104,3,1,2,4,1,1,4,792500,775000,-17500,64,2010,3,2.5,2017,6650,0.029,22475,15732,12500,471.9,407.9
5354,2,20260922,20260728,4,4,1,2,1,2,5,1301500,1243000,-58500,56,3240,5,4,2020,14900,0.029500000000000002,36669,25668,0,440.1,420.3
5355,2,20260509,20260324,1,1,1,6,2,1,4,707500,723000,15500,46,1980,3,2.5,2002,6400,0.0285,20606,14424,3750,257.8,457.6
5356,2,20260908,20260707,2,1,2,3,1,5,5,1095500,1039000,-56500,63,2360,3,2.5,2008,10850,0.0265,27534,19274,0,223.5,418.6
5357,2,20260914,20260630,4,4,1,7,4,5,5,1189500,1169000,-20500,76,2870,4,3.5,2018,11350,0.027,31563,22094,0,443.7,416.8
5358,2,20260311,20251231,3,1,2,4,1,1,3,623500,602000,-21500,70,1990,3,2.5,2020,7200,0.025500000000000002,15351,10746,0,456,411.4
5359,2,20260517,20260331,4,4,2,8,1,2,4,898500,869000,-29500,47,2300,3,2.5,2014,8950,0.0245,21291,14904,0,432.6,430.9
5360,2,20260609,20260419,3,1,2,1,1,2,4,866500,836000,-30500,51,2240,3,2.5,1967,8250,0.023,19228,13460,0,454,391.8
5361,2,20261213,20261023,4,4,1,9,5,5,5,1261500,1290000,28500,51,3180,5,4,2022,13850,0.026000000000000002,33540,23478,21250,438.1,424.5
5362,2,20260920,20260803,4,4,2,1,1,5,5,1355500,1327000,-28500,48,2980,4,3.5,2020,11450,0.0235,31185,21830,23750,440.1,422.8
5363,2,20260908,20260705,2,1,2,9,4,2,5,1048500,1014500,-34000,65,2830,4,3.5,2023,8200,0.0225,22826,15978,0,248,417.7
5364,2,20260918,20260729,4,4,2,6,5,2,5,985500,1005500,20000,51,2530,4,3.5,2025,7800,0.0225,22624,15837,0,441.1,434.3
5365,2,20260316,20260105,2,1,2,1,4,3,4,895500,853000,-42500,70,2190,4,3.5,2014,7850,0.0285,24311,17018,0,242.3,410.9
5366,2,20260627,20260430,2,1,2,2,4,3,5,1135500,1125500,-10000,58,2910,4,3.5,2007,7200,0.029,32640,22848,0,217,408.3
5367,2,20260822,20260705,2,1,2,9,1,5,5,1316500,1272500,-44000,48,3040,5,4,2022,9650,0.029,36903,25832,0,233.7,428.7
5368,2,20260527,20260412,2,1,1,3,4,5,5,1216500,1180500,-36000,45,2580,4,3.5,2023,11050,0.0265,31283,21898,18250,243.7,410.4
5369,2,20260922,20260802,4,4,2,2,1,2,5,1070500,1038000,-32500,51,2830,4,3.5,2019,7850,0.0275,28545,19982,0,437.5,426.7
5370,2,20260303,20251206,2,1,2,4,1,6,5,1136500,1116000,-20500,87,2560,4,3.5,2013,8000,0.0235,26226,18358,0,232.8,411.1
5371,2,20260630,20260420,4,4,2,4,1,2,4,874000,876500,2500,71,2120,4,3.5,2017,6200,0.027,23666,16566,14500,431,422.9
5372,2,20260204,20251214,2,1,2,2,3,2,4,846000,856000,10000,52,2240,4,3.5,2010,10750,0.029,24824,17377,0,232.4,412.3
5373,2,20260127,20251127,3,1,1,6,6,1,4,810500,803000,-7500,61,2220,4,3.5,1959,6800,0.03,24090,16863,0,455.9,398.5
5374,2,20260302,20260106,4,4,2,6,5,5,5,1198500,1171500,-27000,55,3250,6,5,2022,8300,0.023,26945,18862,0,436.3,433.7
5375,2,20260126,20251129,4,4,2,8,1,5,5,1247000,1194000,-53000,58,2780,4,3.5,2014,12900,0.0235,28059,19641,0,441.6,427.1
5376,2,20260603,20260405,4,4,2,6,5,5,5,1102500,1026000,-76500,59,2490,4,3.5,2016,10700,0.0265,27189,19032,0,452.1,416.4
5377,2,20260214,20251231,4,4,1,6,1,1,5,984000,1024000,40000,45,2800,4,3.5,2019,11100,0.029,29696,20787,0,424.8,420.4
5378,2,20260603,20260328,4,4,2,5,5,2,5,1344500,1324000,-20500,67,3260,5,4,2014,15250,0.027,35748,25024,0,445.6,432.4
5379,2,20261122,20261005,2,1,1,3,1,2,4,859500,823000,-36500,48,2370,3,2.5,2002,10650,0.0285,23456,16419,0,239.7,408.9
5380,2,20260608,20260324,3,1,3,1,1,2,4,750500,750500,0,76,1760,3,2.5,1986,8200,0.047,35274,24692,0,459.4,395.3
5381,2,20261210,20261021,2,1,2,4,2,5,5,1138500,1125000,-13500,50,2770,4,3.5,2023,6900,0.0225,25313,17719,0,228.6,418
5382,2,20261213,20261029,3,1,3,3,1,5,4,670000,683500,13500,45,1960,4,3.5,1981,7300,0.0485,33150,23205,0,485,396.7
5383,2,20260809,20260625,3,1,2,2,3,2,5,960000,954000,-6000,45,2740,5,4,1962,8850,0.028,26712,18698,0,473.1,404.1
5384,2,20260706,20260417,2,1,1,8,2,5,4,871500,878000,6500,80,2160,3,2.5,2019,9750,0.023,20194,14136,0,245.1,417.1
5385,2,20261203,20260929,2,1,2,5,1,1,5,1020500,999000,-21500,65,2380,4,3.5,2015,10350,0.029500000000000002,29471,20630,0,233.6,401.8
5386,2,20260425,20260218,2,1,3,2,1,5,4,830500,830000,-500,66,1890,3,2.5,2022,6650,0.0475,39425,27598,0,240.7,418.1
5387,2,20260605,20260329,2,1,1,1,1,2,4,755500,753500,-2000,68,2300,3,2.5,2005,7000,0.0245,18461,12923,0,239.5,411.6
5388,2,20261118,20260920,2,1,1,2,1,5,3,526000,534500,8500,59,1270,2,2,2011,3900,0.029,15501,10851,8250,252.1,420.7
5389,2,20260511,20260324,4,4,2,5,1,4,5,1130500,1129000,-1500,48,2990,4,3.5,2016,13300,0.026000000000000002,29354,20548,0,433.1,418.8
5390,2,20260410,20260213,2,1,1,1,2,2,5,1008500,1003500,-5000,56,2500,4,3.5,2016,10400,0.0245,24586,17210,0,232.7,411
5391,3,20070503,20070410,3,1,1,5,1,1,4,682000,658500,-23500,23,2620,4,3.5,1958,6900,0.026000000000000002,17121,11985,0,464.9,391.8
5392,3,20071013,20070923,3,1,1,6,4,1,3,447500,465500,18000,20,1820,3,2.5,1955,8900,0.0235,10939,7657,0,476.9,385.5
5393,3,20071109,20071019,5,1,2,5,1,1,2,391000,402500,11500,21,1840,2,2,2004,7450,0.0245,9861,6903,0,508.3,418
5394,3,20070611,20070515,5,1,1,1,6,3,2,359000,367500,8500,27,1940,4,3.5,1977,9250,0.028,10290,7203,3250,533.2,444.2
5395,3,20071111,20071017,5,1,2,7,3,2,2,430500,440500,10000,25,1660,2,2,1962,5750,0.0265,11673,8171,0,540.1,453.1
5396,3,20070714,20070614,3,1,1,9,5,5,2,455500,444500,-11000,30,1650,3,2.5,1994,6450,0.026000000000000002,11557,8090,0,473.6,401.6
5397,3,20070728,20070629,5,1,1,2,4,2,3,605000,605000,0,29,2190,4,3.5,1963,7150,0.029500000000000002,17848,12494,0,530.6,442.7
5398,3,20070427,20070403,3,1,1,6,1,3,3,471500,480000,8500,24,1770,3,2.5,1961,8100,0.0285,13680,9576,0,460.8,410.3
5399,3,20071007,20070912,5,1,1,7,2,1,3,475500,493000,17500,25,1840,3,2.5,1973,7050,0.029,14297,10008,4750,509.9,455.3
5400,3,20070723,20070701,3,1,2,2,3,1,3,477500,491500,14000,22,1880,3,2.5,1956,4650,0.022,10813,7569,0,484.2,400.4
5401,3,20070309,20070218,5,1,2,7,1,4,3,490000,502000,12000,19,1820,4,3.5,1990,5800,0.03,15060,10542,0,521.9,442.8
5402,3,20080916,20080507,5,1,2,7,1,1,2,371500,344000,-27500,132,1550,3,2.5,1988,6950,0.0245,8428,5900,3250,521.2,433.5
5403,3,20080801,20080207,3,1,1,1,1,4,2,454000,424000,-30000,176,1840,3,2.5,1999,5650,0.0285,12084,8459,0,468.4,383.9
5404,3,20080601,20080221,5,1,2,7,3,5,2,353000,321000,-32000,101,1620,2,2,1966,5650,0.0235,7544,5281,1500,505.4,430.4
5405,3,20080530,20080121,3,1,1,2,1,5,2,319000,303500,-15500,130,1940,3,2.5,2001,6850,0.0225,6829,4780,4250,481.4,418.7
5406,3,20081123,20080625,5,1,2,7,1,5,2,415500,391000,-24500,151,2060,4,3.5,1955,9800,0.024,9384,6569,0,521.5,456.7
5407,3,20080419,20071223,5,1,2,7,1,1,2,329500,322500,-7000,118,1920,4,3.5,1968,5400,0.024,7740,5418,0,527.2,434.2
5408,3,20080118,20070815,3,1,1,3,2,2,2,435500,410500,-25000,156,1870,2,2,1985,6800,0.023,9442,6609,0,486,392.9
5409,3,20080519,20071226,3,1,1,2,1,1,2,347500,319500,-28000,145,1730,2,2,2001,5850,0.026000000000000002,8307,5815,5500,470.3,392.9
5410,3,20080314,20071208,3,1,1,2,1,2,2,397000,374500,-22500,97,2000,4,3.5,1960,7900,0.028,10486,7340,0,475.8,405.8
5411,3,20080814,20080323,5,1,1,2,1,1,2,446000,422500,-23500,144,2110,3,2.5,1985,9900,0.0285,12041,8429,0,530.9,461.3
5412,3,20090724,20090219,3,1,2,3,4,1,2,322000,300000,-22000,155,1870,3,2.5,2002,6850,0.025500000000000002,7650,5355,0,476.3,399.8
5413,3,20090223,20081012,5,1,2,8,2,4,2,308500,289500,-19000,134,1880,3,2.5,1958,6400,0.025,7238,5067,0,538.2,452.9
5414,3,20091015,20090620,5,1,2,6,1,2,2,342500,316500,-26000,117,1850,3,2.5,1992,6650,0.029500000000000002,9337,6536,0,527.1,444.6
5415,3,20090515,20090119,5,1,2,3,1,2,1,216000,205500,-10500,116,1610,2,2,2004,4500,0.023,4727,3309,0,540,446.2
5416,3,20091021,20090709,3,1,2,6,2,2,2,316000,298000,-18000,104,1810,3,2.5,2003,4350,0.0285,8493,5945,3750,464.6,394.2
5417,3,20090720,20090306,5,1,2,6,2,1,1,224000,211000,-13000,136,1610,2,2,2001,4150,0.0235,4959,3471,1500,522.3,437.1
5418,3,20090404,20081224,5,1,1,7,2,2,2,387000,361000,-26000,101,2080,4,3.5,1980,8450,0.022,7942,5559,5500,535.4,425.9
5419,3,20090921,20090521,5,1,1,9,2,1,1,236500,224000,-12500,123,1470,2,2,1967,5500,0.0275,6160,4312,0,525.3,437.4
5420,3,20100807,20100415,3,1,1,1,1,1,1,233000,222500,-10500,114,1790,2,2,1984,7650,0.0225,5006,3504,0,464.1,401.4
5421,3,20100331,20091107,5,1,2,1,3,3,2,318500,295500,-23000,144,2150,3,2.5,2001,7800,0.0235,6944,4861,0,513.8,446.5
5422,3,20100922,20100518,5,1,1,1,3,1,2,330500,312500,-18000,127,2070,4,3.5,2008,9900,0.0265,8281,5797,0,530.1,442.7
5423,3,20100209,20090925,5,1,2,4,1,1,2,399000,363500,-35500,137,2440,4,3.5,1999,7450,0.029500000000000002,10723,7506,5250,503.5,441.8
5424,3,20100514,20100204,5,1,1,9,1,5,1,205500,196500,-9000,99,1450,2,2,1977,6000,0.0245,4814,3370,3250,518.4,444.7
5425,3,20100126,20090925,5,1,2,1,1,3,2,359500,331000,-28500,123,2330,4,3.5,1975,5750,0.027,8937,6256,0,527.6,438.9
5426,3,20100625,20100311,3,1,1,3,2,3,2,327500,312000,-15500,106,1770,4,3.5,2000,5750,0.0265,8268,5788,2750,471.8,411.4
5427,3,20100108,20090914,5,1,1,2,2,5,1,231500,222500,-9000,116,1510,2,2,1955,7250,0.03,6675,4673,0,528.6,437.8
5428,3,20100529,20100218,5,1,2,1,2,2,2,324000,303000,-21000,100,1900,3,2.5,1960,5250,0.029500000000000002,8939,6257,0,523.7,440.7
5429,3,20101113,20100606,5,1,1,3,4,5,1,256500,237500,-19000,160,1600,3,2.5,1956,5150,0.029500000000000002,7006,4904,0,508.7,447
5430,3,20110806,20110221,5,1,1,6,5,5,1,248500,238500,-10000,166,1950,2,2,1965,9250,0.027,6440,4508,2000,517.7,440
5431,3,20110613,20110212,3,1,2,1,2,2,2,306000,292000,-14000,121,2580,4,3.5,1999,6350,0.0265,7738,5417,0,466.4,409.1
5432,3,20110813,20110328,5,1,2,7,1,2,1,259000,241000,-18000,138,1860,2,2,1975,8450,0.028,6748,4724,0,507.6,435.3
5433,3,20110328,20101128,3,1,2,2,2,1,1,210500,195000,-15500,120,1600,3,2.5,1987,5450,0.0275,5363,3754,0,482.5,396.1
5434,3,20110412,20101117,5,1,1,7,3,3,1,251000,243500,-7500,146,2010,3,2.5,2004,7950,0.025,6088,4262,0,527.6,433.1
5435,3,20110726,20110408,3,1,1,2,1,2,1,266000,243000,-23000,109,1930,4,3.5,1960,7400,0.027,6561,4593,0,481.3,408.1
5436,3,20110205,20100830,5,1,2,7,3,5,2,368500,343500,-25000,159,2270,3,2.5,1977,9350,0.029500000000000002,10133,7093,0,513.2,467.3
5437,3,20111129,20110729,3,1,2,6,4,4,2,290000,271500,-18500,123,2040,4,3.5,2004,6250,0.0275,7466,5226,0,468.1,402.8
5438,3,20120816,20120704,5,1,2,1,3,2,2,265000,259500,-5500,43,1900,3,2.5,1964,8900,0.0235,6098,4269,0,517.5,448.1
5439,3,20121209,20121013,3,1,2,7,1,1,2,337000,335000,-2000,57,1880,3,2.5,1984,6100,0.0245,8208,5746,0,466.5,403.2
5440,3,20120906,20120725,5,1,2,5,3,1,2,263000,250000,-13000,43,1580,2,2,1979,5100,0.0245,6125,4288,0,517.5,434.2
5441,3,20120808,20120607,3,1,2,3,1,6,2,301000,293500,-7500,62,1870,3,2.5,1978,5850,0.023,6751,4726,0,484.6,396.8
5442,3,20120426,20120225,5,1,2,2,1,1,2,270000,274000,4000,61,1870,4,3.5,1969,7900,0.0275,7535,5275,0,506.1,435.1
5443,3,20120706,20120526,5,1,2,1,1,2,2,270500,269500,-1000,41,1820,3,2.5,1963,8150,0.027,7277,5094,0,540.1,447.3
5444,3,20120715,20120601,5,1,2,6,4,6,1,247000,241500,-5500,44,1660,2,2,2010,4600,0.025500000000000002,6158,4311,0,514.9,444.3
5445,3,20120510,20120326,5,1,2,2,1,5,1,239500,241000,1500,45,1390,2,2,2003,6750,0.023,5543,3880,3000,514.8,430.4
5446,3,20120316,20120130,3,1,2,8,4,1,2,253000,257500,4500,46,1890,3,2.5,1978,8700,0.0265,6824,4777,0,474.4,406.1
5447,3,20120222,20120108,3,1,1,8,1,3,2,334500,337500,3000,45,2280,5,4,1964,10600,0.026000000000000002,8775,6143,0,473.9,427.5
5448,3,20131216,20131103,5,1,2,1,1,1,2,368500,376000,7500,43,2330,3,2.5,1994,10800,0.026000000000000002,9776,6843,0,526.3,419
5449,3,20131127,20131018,3,1,1,3,1,2,2,335000,328500,-6500,40,1630,3,2.5,1998,4750,0.0235,7720,5404,0,461.1,389.1
5450,3,20130319,20130116,5,1,1,5,2,1,2,385500,386500,1000,62,2290,4,3.5,1986,6500,0.022,8503,5952,0,521.4,428.9
5451,3,20130904,20130727,3,1,2,1,4,2,1,248500,248000,-500,39,1510,3,2.5,1957,4400,0.0265,6572,4600,0,462.1,418.3
5452,3,20131227,20131105,3,1,2,9,3,4,2,268000,266000,-2000,52,1510,2,2,1994,4950,0.0235,6251,4376,0,467.3,400.6
5453,3,20130331,20130219,5,1,1,6,1,4,2,320000,302000,-18000,40,1930,4,3.5,1969,6350,0.0245,7399,5179,0,531,404.5
5454,3,20130811,20130625,5,1,1,7,1,1,2,318500,318500,0,47,1960,3,2.5,1989,7600,0.0285,9077,6354,0,520.6,442.7
5455,3,20130516,20130224,3,1,2,7,1,1,2,326000,323000,-3000,81,1430,2,2,1984,6750,0.024,7752,5426,0,468.9,392.1
5456,3,20130506,20130320,3,1,2,6,2,1,2,353000,356500,3500,47,1970,3,2.5,1992,7850,0.03,10695,7486,3750,467.9,395.8
5457,3,20130806,20130626,3,1,1,8,5,5,2,384500,371000,-13500,41,2070,3,2.5,1989,5450,0.03,11130,7791,0,471.3,388
5458,3,20140513,20140321,5,1,2,5,1,2,2,333000,331500,-1500,53,1850,3,2.5,1982,5700,0.026000000000000002,8619,6033,0,529.9,438
5459,3,20141225,20141008,5,1,1,7,1,4,2,279000,274500,-4500,78,1360,3,2.5,1970,3450,0.025,6863,4804,0,534.8,450.2
5460,3,20140929,20140724,5,1,1,1,1,1,2,301000,301500,500,67,2020,4,3.5,1967,8950,0.0225,6784,4749,0,513.5,437.2
5461,3,20140705,20140519,3,1,1,2,1,5,2,381000,365000,-16000,47,2040,4,3.5,2002,10050,0.024,8760,6132,0,476,402.2
5462,3,20140318,20140126,3,1,2,7,3,4,2,337500,347000,9500,51,1900,3,2.5,1963,6650,0.0235,8155,5709,0,465.4,392.8
5463,3,20140424,20140312,3,1,2,6,1,1,2,310000,304000,-6000,43,1630,2,2,1978,5000,0.0245,7448,5214,0,452.4,383.9
5464,3,20140820,20140618,5,1,1,2,1,2,2,271500,262000,-9500,63,1360,2,2,1994,6350,0.029500000000000002,7729,5410,0,528.6,443.6
5465,3,20140730,20140612,3,1,2,6,1,1,2,355500,357000,1500,48,2030,3,2.5,1989,8350,0.029,10353,7247,0,471.3,410.4
5466,3,20150221,20150108,5,1,1,3,1,2,2,429500,415500,-14000,44,1910,3,2.5,1992,5250,0.022,9141,6399,0,522.5,437.1
5467,3,20150704,20150417,6,3,1,5,1,3,2,413000,415000,2000,78,1780,3,2.5,2015,6150,0.023,9545,6682,0,515,426.9
5468,3,20150216,20150101,6,3,2,5,1,5,2,295500,307000,11500,46,1370,2,2,2015,4250,0.025,7675,5373,0,515.4,425.5
5469,3,20150713,20150604,6,3,2,7,1,6,2,381500,384000,2500,39,1600,2,2,2015,7950,0.0275,10560,7392,0,511.9,425
5470,3,20150624,20150428,5,1,2,2,1,2,2,340500,341500,1000,57,2030,2,2,1986,5650,0.026000000000000002,8879,6215,0,530.5,452
5471,3,20150409,20150220,4,4,1,3,1,5,3,593000,582500,-10500,48,2560,4,3.5,2015,12550,0.025,14563,10194,0,431.9,424.5
5472,3,20150913,20150727,6,3,2,7,3,3,2,365500,349500,-16000,48,1380,2,2,2015,6400,0.0225,7864,5505,0,518.5,429.1
5473,3,20150213,20150101,6,3,2,7,3,5,3,489500,471000,-18500,43,1830,3,2.5,2015,7750,0.03,14130,9891,0,519.5,425
5474,3,20150327,20150208,6,3,2,7,5,1,2,311000,292500,-18500,47,1440,3,2.5,2015,4800,0.027,7898,5529,0,517.5,431.4
5475,3,20150407,20150224,5,1,1,2,1,2,3,515000,507000,-8000,42,2510,3,2.5,1976,7650,0.025,12675,8873,0,544.9,444.4
5476,3,20150515,20150226,6,3,2,6,4,3,2,419000,415500,-3500,78,1480,3,2.5,2015,6250,0.0235,9764,6835,0,519.5,431.9
5477,3,20150731,20150605,4,4,1,1,1,5,3,593000,588000,-5000,56,2520,4,3.5,2015,10850,0.0235,13818,9673,0,454.8,416.3
5478,3,20150906,20150712,6,3,1,2,1,3,2,423500,417500,-6000,56,1660,3,2.5,2015,7600,0.024,10020,7014,6500,519.1,429.8
5479,3,20150124,20141207,5,1,2,7,2,1,2,401000,403500,2500,48,2200,3,2.5,1957,6300,0.0265,10693,7485,0,545.3,448
5480,3,20150509,20150217,6,3,1,7,2,3,2,458500,449000,-9500,81,1880,3,2.5,2015,9100,0.0265,11899,8329,6250,516.1,426.3
5481,3,20150206,20141210,4,4,1,7,1,4,3,605000,580500,-24500,58,2310,4,3.5,2014,11300,0.027,15674,10972,0,444.8,423.4
5482,3,20150608,20150412,6,3,1,7,1,3,2,433000,432500,-500,57,1650,3,2.5,2015,5100,0.026000000000000002,11245,7871,7250,511.3,426.2
5483,3,20150106,20141106,4,4,2,7,5,2,3,597000,594000,-3000,61,2690,4,3.5,2015,11450,0.0235,13959,9771,0,439.7,410.3
5484,3,20150121,20141214,6,3,2,3,4,3,2,346000,335500,-10500,38,1340,2,2,2015,3750,0.029,9730,6811,0,518.3,427.1
5485,3,20150820,20150703,5,1,1,7,2,4,2,265500,263500,-2000,48,1600,2,2,1994,3850,0.0285,7510,5257,0,521.2,435.8
5486,3,20150503,20150216,6,3,2,7,4,3,2,385000,377500,-7500,76,1540,3,2.5,2015,6600,0.0275,10381,7267,0,513.6,430.5
5487,3,20160501,20160307,6,3,2,8,1,3,2,263000,267500,4500,55,1140,2,2,2016,5400,0.023,6153,4307,0,519,433.1
5488,3,20161110,20160930,6,3,2,7,1,3,3,475500,478000,2500,41,1880,3,2.5,2015,5450,0.0285,13623,9536,0,515.9,424.4
5489,3,20160519,20160317,6,3,1,7,4,3,2,424000,404500,-19500,63,1530,2,2,2016,4100,0.0245,9910,6937,0,518,428.5
5490,3,20160915,20160803,4,4,1,8,1,2,4,852000,827000,-25000,43,3360,5,4,2015,15350,0.0275,22743,15920,0,440.9,438
5491,3,20160624,20160419,4,4,2,7,1,2,4,945000,899500,-45500,66,3130,5,4,2016,13900,0.0285,25636,17945,0,438.5,425.9
5492,3,20161027,20160907,6,3,2,1,3,3,2,394000,385500,-8500,50,1560,2,2,2016,3950,0.0275,10601,7421,7000,516.4,428.4
5493,3,20161022,20160905,6,3,2,7,1,3,3,508000,507500,-500,47,1630,2,2,2016,7200,0.025500000000000002,12941,9059,6500,514.7,431.7
5494,3,20161111,20160831,6,3,1,2,3,3,3,469000,461000,-8000,72,1590,3,2.5,2016,6300,0.0225,10373,7261,0,516.4,421.5
5495,3,20160315,20160101,6,3,1,5,4,3,3,471000,457000,-14000,74,1920,3,2.5,2016,7750,0.029,13253,9277,0,511.2,429.6
5496,3,20160712,20160428,4,4,2,3,1,2,3,636500,631500,-5000,75,2400,4,3.5,2016,7650,0.025,15788,11052,0,433.5,427.6
5497,3,20160730,20160604,6,3,2,5,1,4,2,289500,280000,-9500,56,1120,2,2,2016,5200,0.027,7560,5292,0,513.9,423.9
5498,3,20160803,20160527,6,3,2,7,4,2,2,333000,330000,-3000,68,1420,3,2.5,2015,5000,0.027,8910,6237,0,516.7,423.6
5499,3,20160415,20160227,6,3,3,2,1,3,2,260500,267500,7000,48,1410,3,2.5,2016,6000,0.0455,12171,8520,0,514,429.2
5500,3,20160620,20160418,5,1,2,3,2,4,2,357500,371000,13500,63,1660,3,2.5,2008,4050,0.03,11130,7791,0,536.3,438.8
5501,3,20160407,20160103,6,3,2,7,1,3,2,429500,432000,2500,95,1590,3,2.5,2016,6250,0.027,11664,8165,0,516.9,427.3
5502,3,20160622,20160503,6,3,2,2,1,3,3,481000,462500,-18500,50,1700,3,2.5,2016,4250,0.0275,12719,8903,0,518.2,421.8
5503,3,20160423,20160222,6,3,2,1,4,6,2,449500,446000,-3500,61,1510,3,2.5,2016,4150,0.025500000000000002,11373,7961,6250,517.2,427.6
5504,3,20160710,20160522,5,1,1,2,2,5,2,351500,356500,5000,49,1670,3,2.5,1960,5350,0.0245,8734,6114,0,522.3,433.6
5505,3,20160509,20160310,4,4,2,8,1,2,3,617500,630000,12500,60,2400,5,4,2016,9200,0.028,17640,12348,0,446,422.7
5506,3,20160711,20160526,6,3,2,7,5,3,2,441000,438500,-2500,46,1690,3,2.5,2016,5050,0.0235,10305,7213,0,522.6,425.1
5507,3,20160813,20160703,6,3,2,1,4,3,3,480500,477500,-3000,41,2050,3,2.5,2016,9600,0.0285,13609,9526,0,512,428.7
5508,3,20170905,20170721,5,1,2,1,1,5,3,532500,530500,-2000,46,1980,3,2.5,2016,6850,0.029,15385,10770,8250,555.9,441.1
5509,3,20170819,20170704,4,4,2,7,4,2,3,561500,554500,-7000,46,2950,5,4,2017,10300,0.024,13308,9316,0,440.2,421.6
5510,3,20170617,20170429,6,3,1,7,5,3,2,360000,354000,-6000,49,1180,2,2,2017,5150,0.0245,8673,6071,4000,521.7,429.3
5511,3,20170423,20170314,4,4,2,4,2,5,4,676000,660500,-15500,40,2450,5,4,2017,10650,0.023,15192,10634,0,439.8,421.4
5512,3,20170611,20170421,6,3,2,3,1,3,2,410500,409000,-1500,51,1550,2,2,2017,7550,0.029500000000000002,12066,8446,0,516.9,425.5
5513,3,20171118,20171003,6,3,1,2,4,3,2,375000,362000,-13000,46,1350,2,2,2015,5750,0.03,10860,7602,0,516.3,426.6
5514,3,20170308,20170102,4,4,1,2,1,2,3,532000,529000,-3000,65,2500,3,2.5,2017,9300,0.0265,14019,9813,0,440.5,414.3
5515,3,20170910,20170629,4,4,2,7,4,5,4,705500,695500,-10000,73,2790,5,4,2017,10550,0.0285,19822,13875,10000,452,417.7
5516,3,20170429,20170302,6,3,2,6,4,3,2,370500,364000,-6500,58,1480,3,2.5,2017,4550,0.028,10192,7134,0,518.6,425.7
5517,3,20170615,20170426,6,3,2,7,4,3,2,394500,405500,11000,50,1350,2,2,2017,4000,0.029,11760,8232,0,519.3,426.5
5518,3,20170731,20170620,5,1,1,7,4,3,3,464000,451000,-13000,41,2220,3,2.5,1977,9950,0.03,13530,9471,0,527.2,448.1
5519,3,20170907,20170629,4,4,2,8,1,2,5,936500,951500,15000,70,3010,5,4,2017,12150,0.024,22836,15985,0,449.9,429.2
5520,3,20170829,20170703,5,1,2,7,1,2,2,371000,361000,-10000,57,1440,3,2.5,1963,5050,0.0225,8123,5686,0,538.5,443.7
5521,3,20170502,20170314,6,3,2,2,4,4,3,451500,457500,6000,49,1850,2,2,2017,8600,0.0235,10751,7526,0,513.3,431.9
5522,3,20170524,20170402,6,3,2,2,4,3,2,339000,344000,5000,52,1430,2,2,2017,3850,0.026000000000000002,8944,6261,0,518.1,426.9
5523,3,20170617,20170423,6,3,2,5,6,5,2,406500,400000,-6500,55,1740,2,2,2017,6550,0.0245,9800,6860,0,517.4,429.5
5524,3,20170818,20170615,6,3,2,6,1,3,3,455500,451000,-4500,64,1470,2,2,2017,3700,0.022,9922,6945,0,515.8,433
5525,3,20170203,20161220,6,3,2,6,3,3,2,343000,342500,-500,45,1330,2,2,2017,5150,0.025,8563,5994,0,520,432.5
5526,3,20170823,20170704,5,1,2,7,1,1,3,496500,476000,-20500,50,2150,3,2.5,2003,7900,0.024,11424,7997,0,523,454.5
5527,3,20170407,20170206,6,3,1,7,1,3,2,404500,386500,-18000,60,1500,3,2.5,2017,5750,0.022,8503,5952,0,521.2,434
5528,3,20170629,20170429,6,3,2,8,2,3,2,281500,282000,500,61,1090,2,2,2017,4100,0.027,7614,5330,0,511.8,435.4
5529,3,20180602,20180420,6,3,2,7,4,3,2,428000,421500,-6500,43,1420,2,2,2016,5800,0.022,9273,6491,0,516.3,428.4
5530,3,20181026,20180914,6,3,2,2,4,3,2,388500,383000,-5500,42,1340,2,2,2018,3600,0.0285,10916,7641,0,524,430.1
5531,3,20180927,20180728,6,3,2,7,1,3,2,425500,433000,7500,61,1390,3,2.5,2015,6750,0.028,12124,8487,0,516.8,428.9
5532,3,20180218,20171226,6,3,1,9,4,4,3,456000,458000,2000,54,1450,3,2.5,2018,4000,0.029,13282,9297,0,512.9,426.2
5533,3,20180623,20180430,5,1,2,7,1,1,2,447000,443000,-4000,54,1880,3,2.5,1956,7600,0.0225,9968,6978,0,529,437.9
5534,3,20180911,20180723,6,3,2,7,1,3,2,402000,394000,-8000,50,1380,2,2,2018,6550,0.023,9062,6343,0,515.9,426.2
5535,3,20180314,20180116,6,3,1,2,4,3,2,343000,344000,1000,57,1410,2,2,2018,6100,0.0245,8428,5900,0,514.3,429.6
5536,3,20180405,20180212,6,3,2,1,3,3,3,459000,470500,11500,52,1760,2,2,2018,6700,0.029500000000000002,13880,9716,0,515.2,427.1
5537,3,20180306,20180125,4,4,2,7,1,5,4,758500,743500,-15000,40,2780,5,4,2018,10850,0.0235,17472,12230,0,436.6,437.5
5538,3,20180705,20180513,6,3,1,7,4,3,3,619500,593500,-26000,53,1860,3,2.5,2016,5600,0.0235,13947,9763,0,508.2,429.6
5539,3,20180708,20180510,6,3,1,2,4,3,3,538500,533500,-5000,59,1780,3,2.5,2018,6350,0.022,11737,8216,4000,520.1,424
5540,3,20180619,20180427,4,4,2,5,1,6,4,865500,837500,-28000,53,3050,5,4,2018,8850,0.0265,22194,15536,0,436.6,436.3
5541,3,20180416,20180223,6,3,2,2,1,3,2,383500,372000,-11500,52,1350,3,2.5,2017,6050,0.028,10416,7291,0,514.2,425.9
5542,3,20180331,20180218,4,4,2,2,5,5,4,699000,699000,0,41,2630,5,4,2018,12750,0.0285,19922,13945,0,442.1,428.5
5543,3,20180714,20180605,6,3,2,1,4,3,2,451000,437000,-14000,39,1580,3,2.5,2018,6050,0.027,11799,8259,0,516.3,426.7
5544,3,20180523,20180315,6,3,1,7,1,3,3,484000,482500,-1500,69,1790,3,2.5,2018,7200,0.022,10615,7430,0,511.8,419.7
5545,3,20180827,20180619,6,3,1,6,1,3,2,396500,393500,-3000,69,1520,3,2.5,2018,5000,0.024,9444,6611,0,518.1,426.9
5546,3,20190311,20190127,5,1,1,7,2,2,3,561000,554500,-6500,43,1910,3,2.5,1990,9100,0.029,16081,11257,0,519.4,446
5547,3,20190604,20190423,4,4,2,7,5,5,5,953000,968500,15500,42,3030,5,4,2019,9600,0.022,21307,14915,0,445.6,423.7
5548,3,20190405,20190219,6,3,2,3,1,3,2,454000,440500,-13500,45,1560,2,2,2018,7050,0.0235,10352,7246,0,514,429.2
5549,3,20190425,20190305,6,3,1,4,1,3,3,525000,509500,-15500,51,1580,2,2,2019,5350,0.029,14776,10343,0,515.9,420.9
5550,3,20190621,20190408,6,3,2,5,4,3,3,525000,514500,-10500,74,1680,3,2.5,2019,7000,0.0245,12605,8824,0,515.5,427.5
5551,3,20190221,20190113,5,1,1,8,1,6,3,633000,646500,13500,39,2430,3,2.5,1990,9750,0.0275,17779,12445,0,529.9,410.2
5552,3,20190915,20190807,4,4,1,6,4,5,4,767000,798000,31000,39,3100,5,4,2019,13250,0.0265,21147,14803,0,440.9,425.6
5553,3,20190411,20190215,6,3,2,6,1,3,3,606500,598500,-8000,55,1730,4,3.5,2016,7650,0.027,16160,11312,0,511.6,428.2
5554,3,20191109,20190921,6,3,2,7,4,2,2,383000,381000,-2000,49,1030,2,2,2017,4000,0.0285,10859,7601,0,514.4,427.9
5555,3,20190424,20190302,6,3,2,7,4,3,2,464000,447000,-17000,53,1520,3,2.5,2016,7100,0.0245,10952,7666,0,518.3,430.6
5556,3,20190914,20190802,6,3,2,7,4,3,2,408000,415000,7000,43,1380,2,2,2017,6250,0.0275,11413,7989,0,514.6,429.9
5557,3,20190905,20190630,4,4,2,7,4,3,5,1068500,1064000,-4500,67,3240,6,5,2019,10950,0.025,26600,18620,0,452.5,410.4
5558,3,20190711,20190503,6,3,2,2,1,3,3,565500,567500,2000,69,1640,3,2.5,2019,6800,0.0225,12769,8938,0,516.4,426.7
5559,3,20191218,20191019,6,3,2,3,4,3,2,416500,409500,-7000,60,1280,2,2,2017,3100,0.0275,11261,7883,7250,515.1,425.2
5560,3,20190524,20190413,6,3,2,8,4,5,3,566000,552500,-13500,41,1500,3,2.5,2019,5000,0.0285,15746,11022,0,516.2,426.5
5561,3,20190705,20190407,6,3,1,9,4,3,2,440000,434000,-6000,89,1530,3,2.5,2015,4200,0.023,9982,6987,0,509.8,427.9
5562,3,20190314,20190101,6,3,1,7,3,5,3,473000,474000,1000,72,1450,2,2,2019,5050,0.027,12798,8959,0,515.2,428.8
5563,3,20190514,20190403,6,3,2,6,1,3,2,421500,429500,8000,41,1390,2,2,2019,3700,0.025,10738,7517,0,520,425.6
5564,3,20190918,20190802,6,3,1,2,4,3,3,571000,581000,10000,47,1750,2,2,2019,6550,0.023,13363,9354,0,519.4,428.4
5565,3,20190904,20190621,6,3,2,7,4,3,3,549000,546500,-2500,75,1440,2,2,2019,6800,0.0225,12296,8607,6750,520.4,426.1
5566,3,20190911,20190707,6,3,1,1,5,3,2,367500,370500,3000,66,1490,3,2.5,2019,5850,0.0275,10189,7132,0,516.7,430.5
5567,3,20200413,20200324,6,3,2,8,1,2,3,537000,561000,24000,20,1470,3,2.5,2020,6500,0.027,15147,10603,0,517.1,429.2
5568,3,20201027,20201005,6,3,2,5,1,3,3,515500,515000,-500,22,1390,2,2,2020,6650,0.0265,13648,9554,8500,515.5,434.4
5569,3,20200926,20200909,6,3,2,7,4,6,4,685000,730500,45500,17,1870,3,2.5,2019,5550,0.029500000000000002,21550,15085,0,517.2,425.8
5570,3,20200424,20200328,4,4,2,7,1,5,3,590000,608500,18500,27,2220,3,2.5,2020,9700,0.029500000000000002,17951,12566,0,448.5,429.9
5571,3,20200714,20200613,4,4,2,7,1,5,5,878000,912000,34000,31,3560,6,5,2020,10950,0.028,25536,17875,0,441,418.2
5572,3,20200523,20200504,5,1,2,2,1,4,4,655500,684500,29000,19,2160,4,3.5,1992,9750,0.0275,18824,13177,0,537.5,433.1
5573,3,20200901,20200810,6,3,1,8,4,3,3,456000,480000,24000,22,1550,3,2.5,2015,6700,0.0225,10800,7560,0,515.4,422
5574,3,20200722,20200628,6,3,2,1,4,3,3,455500,494500,39000,24,1510,2,2,2015,6600,0.028,13846,9692,5500,515.3,430.7
5575,3,20200630,20200613,4,4,1,4,5,3,5,1061000,1101000,40000,17,3220,6,5,2020,14700,0.0285,31379,21965,0,438.3,425.8
5576,3,20201005,20200918,6,3,2,2,1,3,4,640000,678500,38500,17,1580,2,2,2017,5500,0.0285,19337,13536,0,509.6,424.2
5577,3,20201109,20201018,4,4,2,3,3,5,4,668000,682000,14000,22,2160,3,2.5,2020,10050,0.0275,18755,13129,0,439.1,417.5
5578,3,20200719,20200704,4,4,1,1,1,2,4,690500,713500,23000,15,1940,4,3.5,2020,8150,0.029500000000000002,21048,14734,0,440.1,416.6
5579,3,20200602,20200514,4,4,2,7,5,1,5,1028500,1083500,55000,19,3420,4,3.5,2016,16050,0.027,29255,20479,0,441.4,425.8
5580,3,20200922,20200904,4,4,1,2,1,5,4,665000,696000,31000,18,2470,4,3.5,2015,7200,0.0235,16356,11449,0,435.3,423.4
5581,3,20201217,20201127,6,3,2,9,1,3,3,564500,584000,19500,20,1500,3,2.5,2020,4800,0.0275,16060,11242,0,514.5,422.9
5582,3,20200131,20200110,4,4,1,8,1,2,4,804500,878000,73500,21,2860,4,3.5,2018,14050,0.025,21950,15365,12000,442.3,427.4
5583,3,20200601,20200507,4,4,1,6,5,5,4,646000,671500,25500,25,2570,4,3.5,2020,11250,0.0285,19138,13397,0,435.7,428.5
5584,3,20200815,20200722,6,3,2,7,4,3,2,406500,431000,24500,24,1540,3,2.5,2017,7200,0.024,10344,7241,1750,514.6,429.9
5585,3,20200825,20200807,6,3,1,7,6,2,2,369500,384000,14500,18,1070,2,2,2020,3750,0.029500000000000002,11328,7930,0,512.8,429.6
5586,3,20200519,20200423,4,4,2,7,4,6,4,753000,771000,18000,26,2820,5,4,2014,12600,0.0225,17348,12144,0,434.2,431.6
5587,3,20200415,20200319,4,4,2,8,1,5,5,1127000,1189000,62000,27,3320,5,4,2020,9100,0.0225,26753,18727,0,434.5,420.6
5588,3,20201102,20201017,4,4,1,7,1,2,5,939000,990000,51000,16,3100,5,4,2020,10350,0.028,27720,19404,0,436.7,426.4
5589,3,20210614,20210528,6,3,1,3,2,3,3,591500,602000,10500,17,1430,3,2.5,2021,6800,0.0275,16555,11589,0,517.7,431.7
5590,3,20211120,20211026,4,4,2,7,1,5,5,878000,908500,30500,25,2860,4,3.5,2019,11700,0.0245,22258,15581,0,448.7,417.6
5591,3,20210405,20210322,4,4,2,9,4,2,5,1114500,1161000,46500,14,3320,5,4,2017,15700,0.0235,27284,19099,0,443.2,421.6
5592,3,20210503,20210406,6,3,2,7,4,3,3,600000,616500,16500,27,1570,2,2,2017,7650,0.028,17262,12083,0,518.1,427
5593,3,20211223,20211204,6,3,2,7,4,3,3,555500,585000,29500,19,1800,4,3.5,2016,7400,0.0235,13748,9624,0,513,422.8
5594,3,20210213,20210126,4,4,2,7,5,5,5,873000,925500,52500,18,3300,5,4,2016,14350,0.0235,21749,15224,0,434.6,430.5
5595,3,20211109,20211014,4,4,2,9,1,2,5,922500,960500,38000,26,2490,4,3.5,2021,6200,0.0275,26414,18490,12000,435.4,428.3
5596,3,20210907,20210825,4,4,2,7,1,5,5,1073000,1141000,68000,13,2840,4,3.5,2021,11800,0.025,28525,19968,0,446.8,425.5
5597,3,20210627,20210606,6,3,2,5,4,3,3,497500,501500,4000,21,1480,2,2,2021,5000,0.0225,11284,7899,0,514.1,427.5
5598,3,20210620,20210529,6,3,1,8,2,5,3,570500,597500,27000,22,1510,2,2,2021,6450,0.029500000000000002,17626,12338,0,511.9,430.3
5599,3,20210828,20210808,4,4,1,3,1,5,4,782000,807500,25500,20,2430,4,3.5,2018,8450,0.023,18573,13001,0,442.4,417.5
5600,3,20210627,20210612,4,4,2,8,5,5,5,995000,1032000,37000,15,2640,5,4,2021,8100,0.023,23736,16615,0,446.4,419.1
5601,3,20210915,20210818,4,4,1,5,3,5,5,941000,989500,48500,28,2630,5,4,2015,11100,0.027,26717,18702,0,444.5,418.4
5602,3,20210331,20210305,6,3,2,1,1,3,4,699500,739500,40000,26,1860,3,2.5,2020,8450,0.0245,18118,12683,0,514.5,431.5
5603,3,20211117,20211101,4,4,2,6,1,2,5,1043000,1100500,57500,16,2840,4,3.5,2019,11950,0.03,33015,23111,0,447.6,428.3
5604,3,20210417,20210320,6,3,2,2,1,3,3,594000,603500,9500,28,1510,2,2,2017,6900,0.0285,17200,12040,0,516.2,431.8
5605,3,20210216,20210122,6,3,1,6,1,3,3,489000,496000,7000,25,1460,2,2,2016,3800,0.03,14880,10416,0,517.2,424.1
5606,3,20211111,20211028,4,4,2,7,1,5,4,822500,833000,10500,14,2380,4,3.5,2015,10450,0.0225,18743,13120,0,428.8,420.8
5607,3,20211228,20211214,5,1,2,1,2,4,3,551000,574000,23000,14,2130,4,3.5,2020,6000,0.027,15498,10849,0,522.7,439.4
5608,3,20210108,20201211,5,1,2,7,1,4,3,465500,481500,16000,28,1670,2,2,2019,7550,0.0235,11315,7920,0,523.3,437.2
5609,3,20211126,20211111,6,3,2,2,1,3,3,574500,601500,27000,15,1700,4,3.5,2015,8000,0.024,14436,10105,0,511,425.8
5610,3,20210502,20210403,6,3,1,8,4,5,3,455000,486500,31500,29,1510,3,2.5,2021,5450,0.0225,10946,7662,0,514.4,427.9
5611,3,20210906,20210817,6,3,2,7,1,3,3,640500,648000,7500,20,1470,2,2,2019,5800,0.0265,17172,12020,0,514.5,428
5612,3,20210614,20210526,4,4,1,9,3,2,4,817500,839000,21500,19,2670,4,3.5,2021,11900,0.027,22653,15857,5000,436.5,427.6
5613,3,20210702,20210604,6,3,2,7,4,3,3,439000,450500,11500,28,1310,2,2,2021,4550,0.029,13065,9146,0,513.9,430.8
5614,3,20210611,20210523,4,4,2,7,4,4,5,1188500,1208000,19500,19,3550,6,5,2019,9250,0.03,36240,25368,15500,435.7,429.7
5615,3,20220523,20220509,4,4,2,7,4,2,5,1124000,1143500,19500,14,2950,5,4,2021,13350,0.022,25157,17610,0,444.6,428.3
5616,3,20220329,20220314,6,3,1,6,4,3,4,817500,854000,36500,15,2010,3,2.5,2022,7100,0.0235,20069,14048,0,511.2,424.3
5617,3,20220824,20220724,4,4,1,7,1,3,5,904500,902500,-2000,31,3120,6,5,2015,15400,0.0225,20306,14214,0,442.4,429.9
5618,3,20221014,20220913,6,3,2,8,1,3,3,568000,554500,-13500,31,1460,3,2.5,2015,3850,0.028,15526,10868,0,516,424.5
5619,3,20220420,20220401,6,3,2,7,4,3,2,433000,446000,13000,19,1130,3,2.5,2019,3800,0.0275,12265,8586,0,516,424.5
5620,3,20220514,20220425,4,4,2,2,1,5,5,1266500,1329000,62500,19,3010,5,4,2020,14650,0.027,35883,25118,0,434.5,421.8
5621,3,20220506,20220412,4,4,2,7,1,5,5,1225000,1275000,50000,24,3240,5,4,2017,7850,0.0235,29963,20974,0,441.2,424.5
5622,3,20220109,20211219,6,3,2,1,4,3,3,517500,529500,12000,21,1560,2,2,2022,6700,0.029,15356,10749,0,520.4,429.6
5623,3,20220320,20220227,6,3,2,1,1,3,4,650000,676000,26000,21,1460,2,2,2016,5350,0.029500000000000002,19942,13959,0,515.3,429
5624,3,20220218,20220127,6,3,2,6,4,3,4,717500,744500,27000,22,1640,3,2.5,2022,5600,0.025,18613,13029,0,515.8,427.7
5625,3,20220218,20220203,4,4,1,8,1,2,5,893000,936000,43000,15,2870,5,4,2019,10050,0.024,22464,15725,0,437.7,424.3
5626,3,20220718,20220629,4,4,2,7,4,5,5,1118000,1148000,30000,19,2780,5,4,2016,13150,0.029500000000000002,33866,23706,0,438.2,427
5627,3,20220203,20220120,4,4,2,7,5,3,5,1259500,1280500,21000,14,2770,5,4,2018,8200,0.0265,33933,23753,0,435.3,425.8
5628,3,20220124,20220102,4,4,2,5,2,2,5,1193500,1256500,63000,22,2720,5,4,2022,8300,0.022,27643,19350,0,431.8,425.7
5629,3,20220925,20220911,6,3,2,1,1,3,3,598500,624000,25500,14,1450,3,2.5,2019,6100,0.029500000000000002,18408,12886,0,520.6,428
5630,3,20221028,20221007,6,3,2,5,4,3,4,690500,720000,29500,21,1560,2,2,2022,4500,0.03,21600,15120,0,513,426.3
5631,3,20220508,20220421,5,1,1,3,2,3,4,625000,652500,27500,17,2150,4,3.5,1965,9350,0.0235,15334,10734,0,529.5,431
5632,3,20220815,20220731,6,3,2,4,4,3,4,657000,700000,43000,15,1690,3,2.5,2022,7350,0.0245,17150,12005,12500,516.8,428.9
5633,3,20220423,20220405,6,3,2,2,2,3,4,638500,655500,17000,18,1470,3,2.5,2022,6150,0.0275,18026,12618,0,519.1,431.5
5634,3,20220429,20220405,6,3,1,1,1,2,3,464000,468000,4000,24,1420,2,2,2022,5000,0.0285,13338,9337,0,515.7,420.7
5635,3,20220719,20220704,4,4,2,7,1,2,5,1121500,1166000,44500,15,2660,4,3.5,2018,7000,0.0285,33231,23262,0,435.4,417.2
5636,3,20220307,20220212,6,3,1,5,1,3,3,632000,646000,14000,23,1700,2,2,2015,7750,0.0225,14535,10175,0,515,426.8
5637,3,20220318,20220228,6,3,2,7,3,3,4,651500,693500,42000,18,1580,3,2.5,2021,5100,0.0265,18378,12865,0,508.6,433.5
5638,3,20230814,20230619,4,4,2,7,4,3,5,1223000,1195000,-28000,56,2640,4,3.5,2020,11600,0.0275,32863,23004,15250,436.3,422.5
5639,3,20230910,20230703,4,4,2,7,1,5,4,759000,761000,2000,69,2420,4,3.5,2023,8700,0.0265,20167,14117,0,429.7,421.1
5640,3,20231011,20230810,6,3,2,2,5,2,2,395000,393000,-2000,62,1060,2,2,2015,3050,0.0285,11201,7841,5750,512.6,432.8
5641,3,20231017,20230719,6,3,2,2,4,3,3,529500,534500,5000,90,1400,2,2,2020,6450,0.0225,12026,8418,2750,517.6,422.9
5642,3,20230520,20230320,6,3,2,3,1,2,3,614000,612000,-2000,61,1530,3,2.5,2022,7450,0.022,13464,9425,0,518.4,425.5
5643,3,20230704,20230405,4,4,1,2,5,1,5,1191000,1153500,-37500,90,2940,5,4,2023,7500,0.0235,27107,18975,18750,439.7,420.2
5644,3,20231017,20230825,4,4,1,6,1,5,5,1328500,1300000,-28500,53,3200,5,4,2016,7900,0.025500000000000002,33150,23205,0,436.7,423.9
5645,3,20230214,20221225,4,4,1,6,5,3,5,1304500,1314500,10000,51,3400,6,5,2023,11400,0.0285,37463,26224,0,437.8,416.9
5646,3,20230624,20230401,4,4,1,5,1,5,5,1299500,1267500,-32000,84,3050,5,4,2021,8500,0.0265,33589,23512,0,432.5,424.7
5647,3,20230401,20230215,6,3,2,5,1,5,3,632500,631500,-1000,45,1620,3,2.5,2015,6650,0.029,18314,12820,6750,521.1,426.9
5648,3,20230604,20230407,4,4,2,7,1,3,5,1022500,1033500,11000,58,2610,5,4,2019,10250,0.026000000000000002,26871,18810,0,432.8,427.3
5649,3,20230413,20230115,6,3,2,6,1,3,2,416000,427000,11000,88,1110,3,2.5,2016,4600,0.025500000000000002,10889,7622,0,512.4,429.2
5650,3,20230607,20230414,4,4,1,2,1,1,4,811000,773500,-37500,54,2390,3,2.5,2023,10300,0.029,22432,15702,0,437.2,426.6
5651,3,20230403,20230216,6,3,2,1,4,3,3,652000,642000,-10000,46,1850,2,2,2016,6500,0.028,17976,12583,7000,510.7,427.2
5652,3,20230319,20230118,6,3,1,5,1,3,4,684500,659500,-25000,60,1590,3,2.5,2022,7000,0.029,19126,13388,0,515.9,426.1
5653,3,20230520,20230312,6,3,2,3,4,3,3,645500,639000,-6500,69,1570,3,2.5,2023,4350,0.0235,15017,10512,0,512.2,427.1
5654,3,20230603,20230405,4,4,2,5,2,5,5,1309000,1285000,-24000,59,3090,4,3.5,2015,8250,0.0225,28913,20239,19250,432.6,429.7
5655,3,20230806,20230606,4,4,2,5,1,5,5,958000,924000,-34000,61,3700,6,5,2023,10500,0.0235,21714,15200,0,442,416.1
5656,3,20230626,20230424,4,4,2,4,1,3,5,1060000,1016500,-43500,63,2390,4,3.5,2023,9300,0.0245,24904,17433,0,446.9,420.6
5657,3,20230805,20230602,6,3,1,7,4,3,4,720000,712500,-7500,64,1610,2,2,2023,7050,0.0265,18881,13217,0,519.5,426.7
5658,3,20230304,20221222,6,3,2,1,1,3,3,576000,566500,-9500,72,1410,3,2.5,2023,6750,0.028,15862,11103,0,515.3,432.4
5659,3,20230204,20221128,6,3,1,7,4,3,3,526500,536000,9500,68,1290,2,2,2015,4300,0.0235,12596,8817,0,516.7,427
5660,3,20240219,20231224,6,3,2,5,1,3,2,348000,340000,-8000,57,1790,3,2.5,2017,6900,0.03,10200,7140,3250,520.3,429.4
5661,3,20241230,20241026,4,4,1,2,5,1,5,1027500,992000,-35500,65,3010,5,4,2015,10800,0.022,21824,15277,0,443.5,425.4
5662,3,20240621,20240420,6,3,2,6,4,3,4,742000,721000,-21000,62,1680,3,2.5,2015,4400,0.0285,20549,14384,0,514.1,425.9
5663,3,20241220,20241009,6,3,2,7,1,4,4,828000,805500,-22500,72,1820,3,2.5,2016,6200,0.0245,19735,13815,0,519.3,426.5
5664,3,20240321,20240116,6,3,2,7,4,3,3,504500,510000,5500,65,1640,2,2,2015,6100,0.024,12240,8568,4250,513,429.8
5665,3,20241205,20241010,4,4,2,7,6,2,5,1172500,1156500,-16000,56,2930,5,4,2024,13850,0.029500000000000002,34117,23882,0,449.2,426.4
5666,3,20240418,20240222,6,3,1,2,4,5,4,745500,706500,-39000,56,1670,3,2.5,2024,6000,0.029500000000000002,20842,14589,0,509.9,426.3
5667,3,20240407,20240210,4,4,1,7,3,2,5,1115500,1056000,-59500,57,2520,5,4,2023,12450,0.028,29568,20698,11500,432.7,429.7
5668,3,20241227,20241016,6,3,2,2,2,3,4,695500,677500,-18000,72,1570,2,2,2020,6600,0.0265,17954,12568,0,516.6,425.2
5669,3,20240828,20240625,4,4,2,5,1,3,5,1154500,1152000,-2500,64,3410,6,5,2017,16850,0.023,26496,18547,13500,435.5,428.4
5670,3,20240628,20240425,4,4,1,7,1,5,5,991000,1009500,18500,64,2760,5,4,2017,12050,0.028,28266,19786,14250,439.1,437.2
5671,3,20240302,20240114,6,3,2,7,1,6,4,814500,783500,-31000,48,1940,3,2.5,2019,7100,0.024,18804,13163,4500,522.6,421.5
5672,3,20240827,20240614,4,4,1,7,5,3,5,1117500,1144500,27000,74,2410,4,3.5,2023,7450,0.0235,26896,18827,0,432.7,431
5673,3,20240830,20240709,4,4,2,6,1,2,5,1185500,1130500,-55000,52,2950,5,4,2014,7600,0.0275,31089,21762,7000,439.4,425
5674,3,20240604,20240405,6,3,2,4,4,3,2,395000,392000,-3000,60,1140,2,2,2022,5050,0.027,10584,7409,6000,513,428.1
5675,3,20240628,20240331,5,1,1,2,4,6,3,581500,564500,-17000,89,1570,2,2,2005,6850,0.0245,13830,9681,0,540.8,452
5676,3,20240426,20240304,4,4,2,2,5,2,5,1062000,1048500,-13500,53,2920,5,4,2023,7850,0.029,30407,21285,17750,441.7,425.9
5677,3,20240704,20240514,4,4,1,6,1,5,4,727500,731000,3500,51,2140,3,2.5,2022,6400,0.0235,17179,12025,0,438.1,420.8
5678,3,20240215,20231231,6,3,1,1,1,3,3,612000,604000,-8000,46,1380,3,2.5,2023,4600,0.0265,16006,11204,0,513.6,427
5679,3,20240901,20240627,4,4,2,7,2,3,4,791000,789500,-1500,66,2000,4,3.5,2014,5600,0.0285,22501,15751,0,437.6,421.8
5680,3,20240906,20240629,6,3,2,8,1,3,4,817500,769000,-48500,69,1610,3,2.5,2023,4850,0.029500000000000002,22686,15880,0,513.3,426.7
5681,3,20240825,20240701,6,3,2,2,4,2,2,433000,423500,-9500,55,1670,2,2,2018,8100,0.026000000000000002,11011,7708,0,518.6,432.7
5682,3,20241229,20241029,4,4,2,8,1,3,5,920500,909000,-11500,61,2970,4,3.5,2024,11550,0.029,26361,18453,14500,436.2,431.1
5683,3,20240728,20240608,5,1,2,8,1,2,3,657000,644000,-13000,50,1750,4,3.5,1991,7100,0.027,17388,12172,8500,527.8,444.7
5684,3,20250105,20241118,4,4,1,7,3,2,5,1023000,1044500,21500,48,2820,4,3.5,2016,14050,0.024,25068,17548,0,434.5,418.1
5685,3,20251109,20250920,4,4,2,2,5,5,5,1080000,1069500,-10500,50,2780,4,3.5,2016,9150,0.0285,30481,21337,0,442.3,422.4
5686,3,20250620,20250422,5,1,2,2,1,3,3,539000,528500,-10500,59,1680,3,2.5,2010,4750,0.0285,15062,10543,4750,531.3,445.1
5687,3,20250805,20250614,4,4,2,7,1,1,4,784000,774500,-9500,52,2230,3,2.5,2025,8750,0.024,18588,13012,7750,434.7,420.7
5688,3,20250507,20250220,4,4,1,8,1,5,5,1297000,1266500,-30500,76,2940,5,4,2015,8200,0.0225,28496,19947,0,442.1,426.1
5689,3,20250710,20250526,4,4,2,2,2,3,5,1099000,1101000,2000,45,2900,5,4,2017,10600,0.03,33030,23121,0,434.4,436.6
5690,3,20251217,20251016,6,3,2,7,3,3,3,574500,577000,2500,62,1500,2,2,2020,3900,0.0225,12983,9088,10250,517.3,431.3
5691,3,20251122,20250925,4,4,1,6,1,5,5,1238500,1229500,-9000,58,3340,5,4,2020,14150,0.0265,32582,22807,0,450,418.1
5692,3,20251030,20250813,4,4,1,7,4,5,5,1038500,1011000,-27500,78,2560,4,3.5,2023,8150,0.025,25275,17693,0,432.6,424.7
5693,3,20250926,20250801,6,3,2,4,1,3,3,652000,644500,-7500,56,1490,2,2,2017,6850,0.026000000000000002,16757,11730,3000,514,429.2
5694,3,20250131,20241201,4,4,1,6,5,2,5,1379500,1366000,-13500,61,3410,6,5,2019,9300,0.0285,38931,27252,0,441.7,414.8
5695,3,20251128,20250928,5,1,2,2,1,2,3,577000,578500,1500,61,1820,3,2.5,2010,8500,0.0265,15330,10731,5750,533.4,422.2
5696,3,20250425,20250305,6,3,1,2,1,3,4,691000,676000,-15000,51,1620,2,2,2016,6800,0.027,18252,12776,0,516.3,419.6
5697,3,20251128,20250925,4,4,1,7,1,2,5,1315500,1248500,-67000,64,3010,4,3.5,2020,14150,0.022,27467,19227,0,440.4,425.4
5698,3,20251116,20250905,4,4,2,7,1,1,5,1394000,1394500,500,72,3830,6,5,2018,17500,0.024,33468,23428,10250,435,426.9
5699,3,20251215,20251013,6,3,2,7,4,3,4,657000,689000,32000,63,1510,2,2,2025,6600,0.029,19981,13987,0,514.9,426.8
5700,3,20251216,20250919,4,4,1,7,1,4,5,1129500,1081000,-48500,88,3130,6,5,2017,12750,0.026000000000000002,28106,19674,0,437,416.6
5701,3,20250711,20250514,6,3,2,1,1,3,3,516500,511000,-5500,58,1360,3,2.5,2021,4350,0.026000000000000002,13286,9300,0,517.9,430.1
5702,3,20250115,20241119,6,3,2,6,1,5,4,672500,654500,-18000,57,1640,3,2.5,2019,4700,0.029500000000000002,19308,13516,0,512.9,429.7
5703,3,20250429,20250218,6,3,2,7,4,3,5,900000,922500,22500,70,2090,4,3.5,2015,7450,0.024,22140,15498,12500,517.6,433.3
5704,3,20250306,20241225,4,4,2,8,1,6,5,1025000,1005500,-19500,71,2490,5,4,2020,10400,0.0225,22624,15837,0,440.4,425.4
5705,3,20260203,20251128,4,4,1,5,5,2,5,1161500,1133000,-28500,67,2430,4,3.5,2018,6050,0.029,32857,23000,0,440.9,424.4
5706,3,20260508,20260207,4,4,1,7,3,5,5,1428000,1452000,24000,90,3630,5,4,2015,11050,0.0235,34122,23885,0,437.9,430.6
5707,3,20261020,20260904,4,4,2,7,5,2,5,1268000,1230500,-37500,46,3220,5,4,2021,14800,0.024,29532,20672,0,440.6,418
5708,3,20260603,20260410,4,4,1,2,1,2,5,1164000,1153500,-10500,54,3030,5,4,2025,14000,0.023,26531,18572,0,447.6,418.4
5709,3,20260320,20260122,4,4,2,6,1,2,5,1259000,1271500,12500,57,3120,5,4,2019,9600,0.029500000000000002,37509,26256,0,436.8,433.9
5710,3,20260117,20251114,4,4,2,5,5,3,5,1396000,1383500,-12500,64,3190,5,4,2025,8000,0.027,37355,26149,0,436.7,423.9
5711,3,20260802,20260610,4,4,2,3,1,5,5,1061500,1053000,-8500,53,2420,4,3.5,2022,12050,0.026000000000000002,27378,19165,9750,446,415.2
5712,3,20260415,20260223,4,4,2,3,4,2,5,1310500,1303000,-7500,51,3360,5,4,2025,13500,0.023,29969,20978,17250,439.7,420.2
5713,3,20261124,20261004,6,3,2,7,1,3,4,685000,671500,-13500,51,1610,3,2.5,2022,5450,0.026000000000000002,17459,12221,0,514.1,429.3
5714,3,20260728,20260603,6,3,2,1,4,3,4,753500,724500,-29000,55,1880,3,2.5,2025,9400,0.0265,19199,13439,0,522.7,432.1
5715,3,20261011,20260824,6,3,2,5,4,3,4,685500,684500,-1000,48,1600,3,2.5,2022,6400,0.0245,16770,11739,9250,514.4,424.4
5716,3,20260325,20260202,4,4,1,3,5,1,5,1205000,1234000,29000,51,2650,4,3.5,2018,11850,0.029500000000000002,36403,25482,0,447.5,424.5
5717,3,20261224,20261029,4,4,2,2,1,2,5,1124000,1069000,-55000,56,2720,4,3.5,2025,8650,0.029,31001,21701,0,445.1,424.8
5718,3,20260224,20251223,6,3,2,7,1,3,4,746000,744000,-2000,63,1410,3,2.5,2018,4950,0.023,17112,11978,5500,515.5,429.2
5719,3,20260718,20260528,4,4,2,7,4,5,4,837000,834000,-3000,51,2410,3,2.5,2019,10700,0.0225,18765,13136,14000,439.3,423.7
5720,3,20261122,20261005,6,3,1,6,1,5,4,839000,846500,7500,48,1880,3,2.5,2020,9300,0.025,21163,14814,0,521.8,420.6
5721,3,20260222,20260103,4,4,1,7,5,5,5,1110500,1098000,-12500,50,2970,5,4,2018,11100,0.025500000000000002,27999,19599,0,441.5,427.1
5722,3,20260530,20260331,4,4,2,3,4,5,5,1600000,1537000,-63000,60,3090,5,4,2023,9800,0.025500000000000002,39194,27436,13250,456.6,431.9
5723,3,20260327,20260118,4,4,1,7,2,3,5,909500,902000,-7500,68,2510,4,3.5,2018,6500,0.026000000000000002,23452,16416,0,439.6,417.7
5724,3,20260314,20260101,4,4,2,4,5,2,5,1005000,995000,-10000,72,2800,5,4,2024,13850,0.0245,24378,17065,0,441.5,414.7
5725,3,20261015,20260807,5,1,1,7,1,1,4,877000,896500,19500,69,2260,4,3.5,1970,7550,0.025500000000000002,22861,16003,11250,522.7,442.9
5726,3,20261024,20260903,6,3,2,7,1,3,4,756500,745500,-11000,51,1820,3,2.5,2024,8800,0.025500000000000002,19010,13307,0,517.7,431.7
5727,3,20260121,20251201,6,3,2,1,1,4,5,914000,937000,23000,51,1970,3,2.5,2019,9500,0.0245,22957,16070,0,511.5,428.1
5728,3,20260629,20260513,6,3,2,7,4,3,3,648500,626000,-22500,47,1560,3,2.5,2021,3900,0.027,16902,11831,4000,520,427.4
5729,3,20260603,20260417,6,3,2,8,1,3,4,747500,741000,-6500,47,1500,2,2,2019,6850,0.03,22230,15561,12000,516.6,428.7
5730,4,20200403,20200310,2,1,1,2,3,5,4,627500,674000,46500,24,2090,3,2.5,2005,5950,0.025500000000000002,17187,9453,0,248.4,418
5731,4,20200709,20200618,1,1,2,5,1,2,4,745000,753000,8000,21,2200,4,3.5,2015,7900,0.025,18825,10354,0,230.7,464.3
5732,4,20200221,20200123,1,1,2,5,2,2,4,701000,724000,23000,29,2340,4,3.5,1986,8900,0.0225,16290,8960,0,252.8,437.8
5733,4,20200401,20200314,2,1,2,5,1,2,4,668500,703000,34500,18,2460,4,3.5,2019,10850,0.026000000000000002,18278,10053,0,235.3,418.5
5734,4,20200403,20200317,1,1,2,7,1,3,3,488000,495000,7000,17,1480,2,2,1975,5100,0.029500000000000002,14603,8032,0,254.1,470.1
5735,4,20200202,20200116,1,1,2,6,2,2,3,613500,643000,29500,17,2110,4,3.5,1974,6450,0.0265,17040,9372,0,257.4,478.3
5736,4,20200502,20200411,2,1,3,3,1,5,4,636000,665500,29500,21,1960,3,2.5,2003,5800,0.0475,31611,17386,0,240.3,425
5737,4,20200324,20200306,2,1,1,6,1,3,4,715000,745000,30000,18,2540,4,3.5,2020,10350,0.028,20860,11473,0,227.4,411.5
5738,4,20200620,20200604,2,1,1,3,1,2,4,793000,810000,17000,16,2440,4,3.5,2008,10950,0.0235,19035,10469,0,230,406.3
5739,4,20200623,20200524,1,1,2,8,6,1,3,537000,567000,30000,30,1500,2,2,1995,4500,0.0265,15026,8264,0,255.2,477
5740,4,20200712,20200626,2,1,1,5,2,5,4,830500,865000,34500,16,2300,4,3.5,2003,5550,0.0225,19463,10705,0,251.8,402.1
5741,4,20200909,20200813,2,1,2,5,1,5,4,634500,656000,21500,27,2080,3,2.5,2012,7950,0.0245,16072,8840,0,242.1,410.7
5742,4,20200324,20200307,1,1,3,5,1,5,3,469500,483000,13500,17,1490,3,2.5,1974,6550,0.0475,22943,12619,0,242.1,484.4
5743,4,20200807,20200725,2,1,2,6,2,2,4,752000,786000,34000,13,2230,4,3.5,2020,9550,0.0245,19257,10591,0,236.9,414.1
5744,4,20200910,20200824,2,1,1,5,2,5,3,562000,573000,11000,17,2210,3,2.5,2007,10900,0.0285,16331,8982,0,241.8,402
5745,4,20200603,20200512,2,1,2,1,1,6,4,673500,699500,26000,22,2580,4,3.5,2018,8800,0.0245,17138,9426,0,252.6,408.3
5746,4,20200308,20200218,2,1,1,2,2,5,3,597000,618000,21000,19,2150,3,2.5,2020,9200,0.0225,13905,7648,0,234.2,422
5747,4,20201017,20201004,1,1,2,8,1,4,4,762500,787000,24500,13,2380,5,4,2002,10150,0.022,17314,9523,0,244.4,481.1
5748,4,20211204,20211119,2,1,2,2,1,5,5,943500,996000,52500,15,2540,4,3.5,2017,10400,0.0225,22410,12326,0,230.9,411.2
5749,4,20210831,20210805,2,1,2,6,1,2,5,1038000,1051000,13000,26,2940,5,4,2001,7350,0.025,26275,14451,0,240.7,419.6
5750,4,20210520,20210503,2,1,2,6,1,2,5,1020000,1052000,32000,17,2830,5,4,2004,7800,0.025,26300,14465,0,226.9,415.4
5751,4,20211008,20210918,1,1,2,3,1,3,3,551500,570500,19000,20,1640,3,2.5,1978,7700,0.023,13122,7217,2750,250.8,454.9
5752,4,20210802,20210708,2,1,2,6,1,4,5,886500,906500,20000,25,2580,4,3.5,2011,10500,0.024,21756,11966,0,236.3,410.8
5753,4,20211106,20211020,2,1,2,5,2,5,4,809500,803000,-6500,17,2130,4,3.5,2003,9700,0.022,17666,9716,0,239.2,405.8
5754,4,20210908,20210809,2,1,2,5,3,5,4,743500,788000,44500,30,2280,3,2.5,2015,5800,0.0245,19306,10618,0,241.6,401.8
5755,4,20211010,20210922,2,1,1,6,1,5,4,822000,870000,48000,18,2410,4,3.5,2015,6250,0.023,20010,11006,0,238.2,414.9
5756,4,20210702,20210618,2,1,2,3,5,5,5,938000,966000,28000,14,2560,4,3.5,2001,12400,0.0265,25599,14079,0,236.7,428
5757,4,20210221,20210129,1,1,3,1,2,1,3,578500,596500,18000,23,1960,3,2.5,1966,5300,0.05,29825,16404,0,243.3,453.4
5758,4,20210817,20210729,1,1,2,1,5,1,4,618500,650000,31500,19,2260,4,3.5,1980,6700,0.0265,17225,9474,0,257.8,469.1
5759,4,20210517,20210417,1,1,1,8,1,5,3,476500,492000,15500,30,1620,2,2,1969,5400,0.0225,11070,6089,0,229,459.6
5760,4,20210319,20210226,2,1,1,5,1,3,4,783500,827000,43500,21,2340,4,3.5,2005,8000,0.0285,23570,12964,0,245.8,420.4
5761,4,20211216,20211124,1,1,2,3,4,5,4,815500,870500,55000,22,2410,4,3.5,1999,11250,0.029,25245,13885,0,259.9,462.3
5762,4,20210403,20210313,1,1,1,9,5,1,4,758500,798500,40000,21,2000,3,2.5,1970,9350,0.025,19963,10980,0,263.8,444.1
5763,4,20210412,20210313,2,1,2,6,4,4,5,946000,980000,34000,30,2870,4,3.5,2009,9950,0.0245,24010,13206,0,225.4,404.4
5764,4,20210211,20210117,2,1,2,7,5,1,4,659500,668000,8500,25,2410,4,3.5,2008,10250,0.027,18036,9920,0,233.8,409
5765,4,20210118,20201229,2,1,2,3,1,5,4,666000,666500,500,20,1980,4,3.5,2007,8400,0.0285,18995,10447,0,239,411.3
5766,4,20211215,20211119,1,1,1,8,1,1,4,659000,707500,48500,26,1910,2,2,1972,4600,0.029500000000000002,20871,11479,0,252.9,460.8
5767,4,20211104,20211003,2,1,2,8,1,5,5,998000,1052500,54500,32,2450,4,3.5,2017,9850,0.0245,25786,14182,0,238.9,409.8
5768,4,20220927,20220908,4,4,2,2,1,2,5,1076000,1089500,13500,19,2950,4,3.5,2017,7450,0.0225,24514,13483,0,442.3,416.2
5769,4,20220216,20220201,2,1,2,2,5,5,4,830500,832500,2000,15,2200,4,3.5,2014,10850,0.0235,19564,10760,0,232,406.3
5770,4,20220220,20220122,1,1,2,5,1,5,3,440500,461500,21000,29,1420,2,2,2007,5500,0.027,12461,6854,0,240.8,489
5771,4,20220827,20220810,4,4,2,3,2,2,5,1198000,1249500,51500,17,2970,4,3.5,2017,14250,0.025500000000000002,31862,17524,0,450.6,427
5772,4,20220713,20220621,4,4,1,5,3,6,5,1312000,1396500,84500,22,2940,5,4,2018,12800,0.024,33516,18434,0,440.7,421.8
5773,4,20220509,20220426,2,1,2,6,1,2,5,1036000,1086500,50500,13,2600,4,3.5,2017,10200,0.0225,24446,13445,0,231.1,411.3
5774,4,20220728,20220705,2,1,1,4,3,2,5,1071500,1116500,45000,23,2470,4,3.5,2004,9450,0.0245,27354,15045,0,245.7,401.9
5775,4,20220606,20220521,1,1,2,2,1,1,4,664000,676500,12500,16,1750,3,2.5,1973,7250,0.028,18942,10418,0,248.7,451.4
5776,4,20221107,20221012,3,1,2,6,1,4,4,798500,807000,8500,26,2280,4,3.5,1990,7850,0.025500000000000002,20579,11318,6500,483.7,393.5
5777,4,20220524,20220424,2,1,2,3,1,5,5,1083500,1155500,72000,30,2930,5,4,2012,8050,0.029500000000000002,34087,18748,0,226.7,406.7
5778,4,20220502,20220419,4,4,2,6,1,5,5,1228500,1278000,49500,13,3290,6,5,2020,8900,0.0245,31311,17221,0,432.7,424.8
5779,4,20220205,20220103,4,4,2,8,1,5,5,1134500,1185000,50500,33,2840,5,4,2022,10150,0.029500000000000002,34958,19227,0,449.5,424.1
5780,4,20220423,20220402,4,4,2,5,1,5,5,1109000,1153500,44500,21,2740,3,2.5,2022,10500,0.029500000000000002,34028,18715,0,433.3,425
5781,4,20220505,20220414,4,4,2,9,5,6,5,1045500,1067000,21500,21,3180,5,4,2022,15650,0.0235,25075,13791,0,451.7,422.5
5782,4,20220310,20220209,2,1,1,2,5,5,5,1604000,1662500,58500,29,3430,6,5,2019,16000,0.0245,40731,22402,0,237,408.5
5783,4,20220814,20220728,2,1,2,8,1,2,4,641000,658500,17500,17,2350,4,3.5,2016,10550,0.029,19097,10503,0,229.6,418.7
5784,4,20220711,20220624,2,1,2,6,1,2,5,1172000,1208000,36000,17,2750,5,4,2010,10350,0.0265,32012,17607,0,241.5,408.8
5785,4,20220209,20220121,2,1,2,3,1,2,5,996000,1019500,23500,19,2560,5,4,2019,9900,0.027,27527,15140,0,250.3,423.6
5786,4,20220825,20220811,4,4,2,8,1,2,5,1159500,1219500,60000,14,2810,4,3.5,2022,12200,0.029500000000000002,35975,19786,0,434.3,421.7
5787,4,20220913,20220823,2,1,2,5,1,1,5,891000,936000,45000,21,2190,3,2.5,2010,9000,0.023,21528,11840,0,251.7,409.1
5788,4,20220625,20220607,2,1,1,5,3,5,5,1314500,1363000,48500,18,2820,5,4,2020,8050,0.0275,37483,20616,0,248.7,406.9
5789,4,20220703,20220608,4,4,1,2,5,6,5,945000,979500,34500,25,2830,6,5,2022,11200,0.025500000000000002,24977,13737,0,442.8,430.1
5790,4,20221128,20221111,3,1,2,6,4,2,4,789000,806000,17000,17,2240,4,3.5,1975,11000,0.0245,19747,10861,0,472.6,394.8
5791,4,20220130,20220114,4,4,2,3,5,2,5,894500,955000,60500,16,2750,5,4,2022,11500,0.027,25785,14182,0,428.5,438
5792,4,20221207,20221121,1,1,2,5,1,5,3,550500,567500,17000,16,1660,2,2,1998,6000,0.03,17025,9364,0,240.4,469.4
5793,4,20221204,20221110,2,1,2,5,4,2,4,738500,785000,46500,24,2050,2,2,2020,7600,0.0225,17663,9715,0,227.5,417.2
5794,4,20220606,20220522,2,1,1,6,4,1,3,620000,630500,10500,15,2050,3,2.5,2010,4950,0.028,17654,9710,0,240.6,404
5795,4,20220705,20220617,2,1,2,8,1,3,4,697500,728000,30500,18,2170,4,3.5,2010,10050,0.024,17472,9610,0,229.9,417.5
5796,4,20220206,20220118,4,4,2,2,2,1,4,734000,781000,47000,19,2630,4,3.5,2022,7950,0.0285,22259,12242,0,438.3,429.5
5797,4,20220107,20211209,2,1,2,6,2,5,4,795500,824000,28500,29,2450,4,3.5,2014,10250,0.03,24720,13596,0,244.7,409.8
5798,4,20220105,20211221,2,1,2,6,4,2,4,652000,669000,17000,15,2020,3,2.5,2012,6800,0.03,20070,11039,0,239.1,402.9
5799,4,20220320,20220304,1,1,1,5,1,5,4,826000,808000,-18000,16,2210,3,2.5,2000,8500,0.023,18584,10221,0,236.7,463.4
5800,4,20220327,20220305,4,4,1,6,1,5,5,1002500,1047500,45000,22,3100,5,4,2020,10200,0.0265,27759,15267,0,435.5,430.9
5801,4,20220904,20220814,1,1,2,5,4,2,4,668000,704500,36500,21,1770,3,2.5,1978,4350,0.0275,19374,10656,0,248.4,460.6
5802,4,20221223,20221204,4,4,2,6,1,5,5,936500,965000,28500,19,2120,3,2.5,2020,6950,0.029,27985,15392,0,440.3,426.6
5803,4,20220316,20220217,4,4,2,9,1,5,4,820500,854000,33500,27,2590,4,3.5,2015,10800,0.029,24766,13621,0,448.9,425.1
5804,4,20220505,20220415,2,1,2,6,1,1,5,984500,991500,7000,20,2390,4,3.5,2022,9150,0.028,27762,15269,0,244.9,412.7
5805,4,20220123,20220105,4,4,2,5,1,1,5,1048000,1123000,75000,18,2880,4,3.5,2022,12000,0.0225,25268,13897,0,443.4,430.3
5806,4,20220414,20220401,4,4,2,4,5,5,5,909500,955500,46000,13,2890,5,4,2020,7650,0.023,21977,12087,10750,438.2,432
5807,4,20220624,20220601,4,4,2,3,1,2,4,803500,827500,24000,23,3010,4,3.5,2022,12750,0.029,23998,13199,0,428.3,421.8
5808,4,20221017,20221004,2,1,1,5,5,5,5,1263500,1318500,55000,13,2930,4,3.5,2022,9850,0.023,30326,16679,0,242.5,411
5809,4,20220314,20220220,4,4,1,6,5,2,5,1361000,1380000,19000,22,3590,6,5,2016,9000,0.027,37260,20493,0,434.7,426.8
5810,4,20231113,20230911,1,1,2,2,1,2,4,757500,741500,-16000,63,1810,2,2,1974,6150,0.026000000000000002,19279,10603,0,226.3,461.8
5811,4,20230901,20230701,2,1,2,5,5,2,5,1294500,1308500,14000,62,2930,4,3.5,2001,12350,0.0275,35984,19791,0,235.3,432.7
5812,4,20230118,20221125,4,4,1,6,3,3,5,966000,959000,-7000,54,2530,3,2.5,2021,7400,0.0285,27332,15033,8000,434.6,428
5813,4,20230524,20230323,4,4,2,7,1,5,5,1042000,1000500,-41500,62,2780,5,4,2014,8450,0.0225,22511,12381,0,435.7,426
5814,4,20230806,20230507,4,4,2,4,1,5,5,1003000,986500,-16500,91,2830,4,3.5,2014,11050,0.0285,28115,15463,0,435.4,424.6
5815,4,20230622,20230428,4,4,2,6,1,3,5,1413500,1426500,13000,55,3140,4,3.5,2014,10200,0.0225,32096,17653,0,434.7,412
5816,4,20230828,20230701,2,1,2,1,5,3,5,1058500,1046500,-12000,58,2770,5,4,2023,8000,0.025500000000000002,26686,14677,0,244.8,416.9
5817,4,20230814,20230628,4,4,2,4,1,2,5,1212500,1205500,-7000,47,2910,5,4,2015,8300,0.0225,27124,14918,0,438.6,418.5
5818,4,20230604,20230421,2,1,2,2,5,6,5,1001000,1000000,-1000,44,2520,4,3.5,2017,10850,0.025,25000,13750,17750,246,410.6
5819,4,20230430,20230127,1,1,2,6,1,2,4,857500,812500,-45000,93,1890,3,2.5,1987,9400,0.0265,21531,11842,11500,238.4,464.7
5820,4,20230517,20230320,2,1,2,6,5,5,5,917500,915000,-2500,58,2420,4,3.5,2017,6250,0.027,24705,13588,0,233.9,407.7
5821,4,20230331,20230120,4,4,2,6,1,2,5,924500,931000,6500,70,2320,4,3.5,2023,8150,0.029500000000000002,27465,15106,5250,437.2,421.6
5822,4,20230805,20230615,2,1,2,6,1,5,5,917000,915000,-2000,51,2490,5,4,2018,11050,0.0245,22418,12330,0,234.3,410.8
5823,4,20230511,20230313,4,4,2,3,5,2,5,955500,927000,-28500,59,2520,4,3.5,2018,9850,0.0225,20858,11472,0,438.3,423.3
5824,4,20230125,20221212,2,1,2,6,4,5,5,1041500,997500,-44000,44,2440,4,3.5,2022,6650,0.028,27930,15362,0,229.6,411.7
5825,4,20230729,20230607,2,1,2,2,1,5,5,943500,931500,-12000,52,2530,4,3.5,2001,8300,0.023,21425,11784,14750,245.2,412.9
5826,4,20230115,20221117,1,1,3,6,2,2,4,803500,769500,-34000,59,2020,3,2.5,1968,5300,0.0505,38860,21373,0,240.8,465.9
5827,4,20230304,20221229,2,1,2,3,1,2,5,1239500,1171500,-68000,65,2850,4,3.5,2002,11350,0.024,28116,15464,0,240,403.5
5828,4,20231205,20231017,1,1,2,6,1,5,3,587000,579500,-7500,49,1450,3,2.5,2017,6550,0.0225,13039,7171,8750,247.5,476.6
5829,4,20230402,20230202,2,1,2,4,5,2,5,920000,909500,-10500,59,2350,4,3.5,2002,10600,0.029500000000000002,26830,14757,9500,247.8,414.7
5830,4,20230126,20221204,2,1,2,4,4,2,4,776000,779500,3500,53,2490,4,3.5,2015,6550,0.025500000000000002,19877,10932,5500,243.1,415.6
5831,4,20230318,20230202,2,1,2,6,1,1,4,718000,703000,-15000,44,2380,4,3.5,2006,11300,0.023,16169,8893,3750,234.2,390.9
5832,4,20230402,20230114,4,4,1,4,1,2,5,1407000,1351000,-56000,78,3670,6,5,2021,15550,0.029500000000000002,39855,21920,0,437.9,436.8
5833,4,20230720,20230605,2,1,1,3,5,1,4,787000,767500,-19500,45,2240,4,3.5,2017,6600,0.0275,21106,11608,0,259,408.6
5834,4,20230628,20230511,4,4,2,4,2,5,4,911000,869000,-42000,48,2480,4,3.5,2021,11300,0.024,20856,11471,0,438.2,420.8
5835,4,20230122,20221102,1,1,2,6,1,3,3,469500,472500,3000,81,1410,2,2,2002,3850,0.028,13230,7277,0,256.9,470.2
5836,4,20230327,20230122,4,4,2,8,1,1,4,873000,846500,-26500,64,2580,4,3.5,2017,12400,0.0275,23279,12803,5500,446.4,429
5837,4,20230821,20230622,2,1,1,9,3,5,5,1220500,1241500,21000,60,2670,5,4,2004,7800,0.0225,27934,15364,20500,243.1,417
5838,4,20230813,20230626,2,1,2,6,4,5,4,819000,811000,-8000,48,2710,4,3.5,2023,7100,0.029,23519,12935,12750,238.9,415.5
5839,4,20230704,20230430,2,1,2,6,5,1,5,894500,908500,14000,65,2780,5,4,2022,11400,0.0225,20441,11243,0,236.9,412.6
5840,4,20230419,20230304,4,4,2,6,5,4,5,1432000,1426000,-6000,46,3440,5,4,2022,14850,0.0235,33511,18431,0,437.3,432.8
5841,4,20240727,20240519,4,4,2,6,1,3,5,1072500,1053500,-19000,69,2870,5,4,2024,11900,0.025500000000000002,26864,14775,17250,441.6,423.4
5842,4,20240927,20240810,2,1,2,6,2,5,5,910000,909000,-1000,48,2290,5,4,2002,6150,0.025,22725,12499,6000,231,416.9
5843,4,20240720,20240531,2,1,1,7,5,4,5,1069500,1066500,-3000,50,2930,5,4,2009,9950,0.025500000000000002,27196,14958,0,232,420.4
5844,4,20241004,20240809,1,1,1,3,1,2,3,593500,574000,-19500,56,1680,3,2.5,1992,5550,0.028,16072,8840,10250,260.8,456.6
5845,4,20241013,20240822,1,1,2,6,1,2,3,630500,622500,-8000,52,1710,2,2,2011,6900,0.025,15563,8560,9750,218.4,454.5
5846,4,20240419,20240210,2,1,2,6,2,5,4,892500,895000,2500,69,2180,4,3.5,2004,5700,0.0235,21033,11568,7000,233.1,424
5847,4,20240409,20240120,2,1,2,5,2,5,5,913500,927500,14000,80,2170,3,2.5,2001,9150,0.029500000000000002,27361,15049,0,237.2,397.3
5848,4,20240601,20240325,2,1,2,3,2,2,4,818000,809000,-9000,68,2390,4,3.5,2004,5900,0.0265,21439,11791,0,240.5,412.4
5849,4,20240822,20240531,4,4,2,5,1,2,4,877500,875000,-2500,83,2800,4,3.5,2018,13800,0.0275,24063,13235,0,432.1,418.4
5850,4,20240808,20240619,4,4,2,8,1,5,5,1439500,1378500,-61000,50,3340,6,5,2016,15900,0.029500000000000002,40666,22366,7250,440.6,426.7
5851,4,20241128,20241014,2,1,2,4,2,5,5,1080000,1087000,7000,45,2610,3,2.5,2004,10550,0.025,27175,14946,13000,232.1,413.4
5852,4,20240306,20240109,4,4,2,6,1,2,5,1011500,1028500,17000,57,2300,3,2.5,2024,9850,0.0275,28284,15556,0,438.6,423.4
5853,4,20240612,20240424,3,1,2,6,2,4,4,773500,768000,-5500,49,2030,3,2.5,1971,9000,0.0285,21888,12038,0,467.1,399.5
5854,4,20240929,20240811,4,4,2,5,1,5,4,905000,885000,-20000,49,2650,4,3.5,2016,11800,0.0285,25223,13873,0,442.3,431.1
5855,4,20241125,20240926,2,1,2,7,1,5,4,826500,817500,-9000,60,2520,4,3.5,2001,12250,0.025,20438,11241,11250,231.3,404.4
5856,4,20240715,20240519,4,4,2,2,4,1,5,1174500,1182500,8000,57,3000,5,4,2017,10700,0.027,31928,17560,0,443,428.9
5857,4,20240601,20240317,4,4,2,5,1,3,5,1052500,1013000,-39500,76,2830,5,4,2015,9450,0.0235,23806,13093,7000,442.2,413.7
5858,4,20240407,20240212,3,1,2,5,1,5,4,698000,700500,2500,55,2260,3,2.5,1990,6000,0.0235,16462,9054,0,465.3,405.8
5859,4,20240611,20240329,2,1,1,5,1,3,4,847000,830000,-17000,74,2230,4,3.5,2016,8500,0.026000000000000002,21580,11869,3500,254.8,411.3
5860,4,20240416,20240213,1,1,2,4,1,1,3,538000,520000,-18000,63,1460,3,2.5,1983,4400,0.025500000000000002,13260,7293,0,240.5,447.5
5861,4,20240519,20240319,4,4,2,5,1,4,5,1134500,1109500,-25000,61,3200,5,4,2024,11200,0.0245,27183,14951,0,436.3,417.6
5862,4,20240506,20240321,4,4,2,3,1,2,5,1222500,1207000,-15500,46,2900,5,4,2020,10750,0.022,26554,14605,17000,444.4,414.6
5863,4,20241224,20241013,4,4,2,3,5,2,5,1215500,1176000,-39500,72,2980,5,4,2020,12600,0.0225,26460,14553,0,454.3,428.5
5864,4,20240206,20231213,2,1,2,5,3,5,4,884500,886500,2000,55,2200,3,2.5,2002,10000,0.0275,24379,13408,5250,244.8,406.9
5865,4,20240120,20231125,2,1,1,6,5,2,5,987000,957000,-30000,56,2390,4,3.5,2018,11700,0.024,22968,12632,7500,232.6,402.5
5866,4,20240209,20231223,2,1,2,6,1,5,5,1106500,1100000,-6500,48,2800,5,4,2006,7650,0.03,33000,18150,0,243.8,421.8
5867,4,20241124,20240925,2,1,2,5,5,5,5,958000,933000,-25000,60,2180,3,2.5,2022,8000,0.029,27057,14881,13750,243.5,414.5
5868,4,20240219,20240102,4,4,2,6,5,2,5,910000,901500,-8500,48,2410,4,3.5,2020,11150,0.025500000000000002,22988,12643,11250,443,425.2
5869,4,20240106,20231112,2,1,2,7,5,1,5,995000,1011000,16000,55,2380,4,3.5,2021,7600,0.029,29319,16125,13000,242.2,415
5870,4,20240529,20240307,3,1,2,6,1,2,4,720500,736500,16000,83,2070,3,2.5,2007,9350,0.025500000000000002,18781,10330,0,473.5,386.3
5871,4,20240709,20240504,2,1,2,6,1,5,5,1169000,1177500,8500,66,2490,5,4,2015,8350,0.0265,31204,17162,0,257.6,418.9
5872,4,20240910,20240717,2,1,2,8,5,2,5,972000,958500,-13500,55,2690,5,4,2006,12600,0.026000000000000002,24921,13707,0,243.2,405.8
5873,4,20240520,20240319,4,4,1,5,1,5,5,1101000,1089500,-11500,62,2510,4,3.5,2017,10800,0.024,26148,14381,6000,437.1,424.1
5874,4,20240130,20231204,2,1,2,5,5,5,5,1004500,978500,-26000,57,2190,3,2.5,2011,6500,0.025500000000000002,24952,13724,5250,242.8,414
5875,4,20241201,20241007,2,1,1,2,3,5,4,787000,756000,-31000,55,1970,4,3.5,2021,8800,0.0225,17010,9356,0,232.5,403.8
5876,4,20241001,20240813,4,4,2,2,3,2,5,1017500,1007500,-10000,49,2490,4,3.5,2018,7850,0.0265,26699,14684,0,441.4,422.1
5877,4,20240507,20240306,2,1,1,7,5,5,5,1146500,1105500,-41000,62,3150,5,4,2004,9650,0.0265,29296,16113,0,237.4,411.5
5878,4,20251230,20251112,4,4,2,5,4,5,5,1257000,1277000,20000,48,2860,5,4,2022,10950,0.03,38310,21071,0,439.9,432.6
5879,4,20251114,20250919,2,1,1,6,1,5,5,1276500,1261500,-15000,56,3250,4,3.5,2022,13700,0.022,27753,15264,0,238.6,404
5880,4,20251225,20251021,4,4,2,5,5,1,5,1033500,1014500,-19000,65,2990,5,4,2020,12100,0.029500000000000002,29928,16460,0,438.7,437.1
5881,4,20250915,20250720,3,1,1,3,3,4,3,547000,535500,-11500,57,2060,3,2.5,1982,9300,0.029,15530,8542,4500,460.4,422.2
5882,4,20250823,20250622,4,4,2,5,1,5,5,1056500,1078000,21500,62,2800,4,3.5,2018,13750,0.029500000000000002,31801,17491,0,449.3,427.7
5883,4,20251230,20251114,2,1,2,6,6,2,5,964500,949500,-15000,46,2650,5,4,2016,9500,0.0225,21364,11750,0,245.3,404.5
5884,4,20250630,20250516,2,1,2,6,1,5,5,1075000,1081500,6500,45,2580,4,3.5,2004,7250,0.024,25956,14276,0,228.5,423.6
5885,4,20250323,20250204,2,1,2,3,1,2,5,1003500,968500,-35000,47,2260,3,2.5,2005,8200,0.026000000000000002,25181,13850,0,235.3,403
5886,4,20250307,20250122,2,1,2,6,5,3,5,975000,971000,-4000,44,3100,5,4,2015,15150,0.023,22333,12283,0,237.5,413.1
5887,4,20250513,20250321,2,1,2,6,1,5,4,848000,826000,-22000,53,2150,4,3.5,2018,9150,0.0245,20237,11130,0,238.5,413.8
5888,4,20250721,20250529,2,1,1,3,4,5,4,661000,654500,-6500,53,1680,3,2.5,2008,5400,0.0285,18653,10259,0,240.8,399.8
5889,4,20250707,20250518,2,1,2,5,6,5,5,971000,953500,-17500,50,2410,3,2.5,2016,11450,0.0245,23361,12849,9250,231.9,414.7
5890,4,20250124,20241127,2,1,2,1,2,5,4,794500,766000,-28500,58,2090,3,2.5,2021,8950,0.0225,17235,9479,12500,242.1,403.6
5891,4,20250311,20241219,3,1,2,5,1,5,4,787500,751500,-36000,82,1920,4,3.5,1975,7850,0.025,18788,10333,0,475.5,395.3
5892,4,20250816,20250608,3,1,1,5,2,1,3,580000,570500,-9500,69,1680,2,2,2013,5850,0.0235,13407,7374,0,466.9,400.7
5893,4,20250424,20250210,3,1,2,8,1,5,3,501500,479000,-22500,73,1690,3,2.5,1974,4600,0.025500000000000002,12215,6718,6500,468,401.7
5894,4,20251013,20250823,4,4,1,6,1,5,5,1120000,1101000,-19000,51,2760,4,3.5,2017,7650,0.025,27525,15139,0,440.5,426.7
5895,4,20250422,20250301,4,4,2,8,1,2,4,910000,888000,-22000,52,2420,4,3.5,2017,10350,0.026000000000000002,23088,12698,0,446,426.4
5896,4,20251124,20251007,2,1,2,2,5,5,3,596500,597000,500,48,1670,3,2.5,2003,5400,0.03,17910,9851,0,231.8,410.4
5897,4,20250103,20241114,4,4,1,6,6,6,5,917500,922000,4500,50,3160,5,4,2022,12850,0.0245,22589,12424,9250,448.5,426.2
5898,4,20250906,20250705,3,1,2,5,1,2,3,576500,573000,-3500,63,1530,3,2.5,1967,4850,0.029,16617,9139,0,457.5,411.1
5899,4,20250217,20241225,3,1,2,6,3,5,4,875000,885500,10500,54,2280,5,4,1986,7900,0.0225,19924,10958,5000,481.3,389.3
5900,4,20250207,20241222,4,4,2,6,2,2,5,1384500,1367500,-17000,47,3510,5,4,2021,17200,0.025,34188,18803,15750,441.9,416.1
5901,4,20250510,20250317,4,4,1,8,6,5,4,731000,718000,-13000,54,2420,4,3.5,2022,7000,0.022,15796,8688,11500,447.3,415.8
5902,4,20250530,20250324,2,1,2,8,5,5,5,1075500,1033000,-42500,67,2330,4,3.5,2017,7800,0.026000000000000002,26858,14772,0,242.8,412.6
5903,4,20250507,20250315,4,4,1,3,4,2,5,1412000,1380000,-32000,53,3200,5,4,2016,12150,0.0265,36570,20114,20500,441.8,416.1
5904,4,20250702,20250504,4,4,2,1,1,3,5,1516500,1466500,-50000,59,3710,6,5,2020,13550,0.0225,32996,18148,25500,441.4,415.9
5905,4,20250101,20241024,4,4,2,7,1,5,5,1713500,1654500,-59000,69,3720,6,5,2022,9700,0.0235,38881,21385,26250,436,418.7
5906,4,20250619,20250502,4,4,2,6,1,2,5,1020000,1041500,21500,48,2400,3,2.5,2017,11750,0.0245,25517,14034,0,438,422
5907,4,20250327,20250113,2,1,3,4,1,5,5,1045000,1028500,-16500,73,2220,4,3.5,2003,9900,0.045,46283,25456,11250,224.9,411.1
5908,4,20251006,20250817,2,1,2,3,2,5,4,863500,891500,28000,50,2360,4,3.5,2024,11800,0.029500000000000002,26299,14464,0,242.5,423.7
5909,4,20250930,20250730,3,1,2,6,1,1,4,695500,665500,-30000,62,1950,3,2.5,2014,6700,0.023,15307,8419,10000,466.9,405.4
5910,4,20250530,20250405,2,1,2,6,4,2,5,902500,901500,-1000,55,2530,4,3.5,2007,10800,0.023,20735,11404,8500,233.6,414.5
5911,4,20250725,20250519,2,1,2,5,2,5,4,876000,870000,-6000,67,2130,4,3.5,2021,7350,0.025,21750,11963,9000,242.2,407.9
5912,4,20250821,20250623,4,4,1,6,1,5,5,977500,921000,-56500,59,3010,5,4,2022,7900,0.027,24867,13677,0,446.9,415.6
5913,4,20250807,20250618,3,1,2,2,1,2,4,661000,667000,6000,50,2000,3,2.5,2002,8900,0.027,18009,9905,0,479,400.4
5914,4,20251211,20251022,2,1,2,3,4,5,5,1218500,1195000,-23500,50,2830,5,4,2009,11950,0.024,28680,15774,0,236.2,406.5
5915,4,20250517,20250304,4,4,2,6,5,4,5,1322500,1371500,49000,74,3070,6,5,2018,8900,0.0265,36345,19990,0,433.1,421.3
5916,4,20250523,20250323,2,1,2,5,1,2,5,1233000,1178000,-55000,61,2550,3,2.5,2024,9100,0.0225,26505,14578,15500,229.6,408.9
5917,4,20250429,20250217,2,1,2,3,1,2,4,869000,873500,4500,71,2490,5,4,2005,11000,0.0275,24021,13212,0,243.8,411.9
5918,4,20250615,20250415,4,4,2,6,1,5,5,949500,919000,-30500,61,2110,4,3.5,2025,6350,0.024,22056,12131,0,437.3,427.9
5919,4,20250729,20250605,2,1,2,2,5,5,5,1453500,1439500,-14000,54,3150,4,3.5,2014,9550,0.025500000000000002,36707,20189,0,226.9,416.8
5920,4,20250822,20250627,4,4,2,3,5,3,5,1159500,1171500,12000,56,2890,5,4,2025,8800,0.023,26945,14820,0,437.3,430.4
5921,4,20250409,20250218,2,1,2,6,1,2,5,975500,969000,-6500,50,2200,3,2.5,2024,10400,0.0275,26648,14656,0,239.3,414.3
5922,4,20250820,20250702,4,4,2,6,5,3,5,1123500,1131500,8000,49,3260,5,4,2025,8150,0.0225,25459,14002,9000,430.3,423.8
5923,4,20250226,20241212,3,1,2,5,1,2,3,592500,594000,1500,76,1630,2,2,1962,4800,0.023,13662,7514,0,477.4,404.3
5924,4,20250513,20250128,2,1,2,7,5,5,4,664000,654000,-10000,105,2100,3,2.5,2016,8450,0.029,18966,10431,0,235.3,422.8
5925,4,20251127,20251007,4,4,1,1,1,4,5,941500,957000,15500,51,2800,5,4,2022,11650,0.0285,27275,15001,0,431.5,423.1
5926,4,20251230,20251020,2,1,2,9,1,5,4,791500,766500,-25000,71,2210,3,2.5,2013,6850,0.025500000000000002,19546,10750,0,243.8,410.5
5927,4,20250611,20250327,4,4,2,2,5,1,5,1161000,1103500,-57500,76,2900,4,3.5,2021,13850,0.025,27588,15173,18000,432.1,420.8
5928,4,20250923,20250707,4,4,2,8,1,2,4,800500,787500,-13000,78,2140,4,3.5,2017,10450,0.026000000000000002,20475,11261,3500,434.1,427.8
5929,4,20250718,20250511,2,1,2,6,5,5,5,1056500,1052500,-4000,68,2550,4,3.5,2017,11550,0.022,23155,12735,11250,227.8,413.2
5930,4,20251026,20250831,2,1,2,8,1,1,4,672000,658000,-14000,56,2150,3,2.5,2006,9900,0.025500000000000002,16779,9228,7500,245.3,405.9
5931,4,20250421,20250227,2,1,2,3,5,5,5,984500,995000,10500,53,2480,5,4,2006,7900,0.022,21890,12040,0,234.2,414.9
5932,4,20250421,20250305,4,4,1,7,1,5,5,1102000,1092000,-10000,47,2840,4,3.5,2018,11450,0.0235,25662,14114,0,431.2,420.5
5933,4,20250116,20241106,4,4,2,6,3,2,4,789000,796500,7500,71,2210,4,3.5,2017,5950,0.0225,17921,9857,4250,443.1,416.6
5934,4,20260814,20260611,4,4,2,8,1,2,5,1418000,1405500,-12500,64,2880,5,4,2025,13650,0.03,42165,23191,0,448.7,422.5
5935,4,20261207,20261019,4,4,1,8,1,2,5,1130500,1119500,-11000,49,2730,4,3.5,2025,12750,0.0235,26308,14469,0,449.4,427.7
5936,4,20260531,20260411,4,4,2,5,5,5,5,983000,983500,500,50,2770,5,4,2014,10650,0.023,22621,12442,0,444.8,411.1
5937,4,20260227,20251228,4,4,2,5,1,5,5,1142500,1149000,6500,61,3550,6,5,2014,17650,0.025,28725,15799,0,439.6,425.1
5938,4,20260221,20260102,2,1,1,2,1,2,5,1170000,1155000,-15000,50,2510,5,4,2010,8450,0.0235,27143,14929,0,240.5,416.6
5939,4,20260917,20260729,4,4,2,8,5,5,5,1156500,1137500,-19000,50,2660,5,4,2019,12150,0.029500000000000002,33556,18456,0,440.4,416.7
5940,4,20260412,20260210,4,4,2,3,3,1,5,1064500,1057500,-7000,61,3150,5,4,2019,15600,0.029500000000000002,31196,17158,0,444.7,425.9
5941,4,20261222,20261010,2,1,2,8,6,5,5,1051000,1027000,-24000,73,2510,4,3.5,2006,11950,0.028,28756,15816,0,231.4,413
5942,4,20260808,20260620,4,4,1,6,1,4,5,1220000,1211500,-8500,49,2930,5,4,2014,9700,0.0275,33316,18324,19500,450.1,425.5
5943,4,20260430,20260307,3,1,2,3,1,1,3,595000,587500,-7500,54,1980,2,2,1988,6250,0.025500000000000002,14981,8240,0,462.6,395.8
5944,4,20260626,20260419,4,4,1,4,5,3,5,1283500,1272500,-11000,68,2900,4,3.5,2015,9450,0.029,36903,20297,0,449,430.1
5945,4,20260710,20260521,4,4,2,5,5,5,5,1327000,1309000,-18000,50,2810,4,3.5,2019,11350,0.025,32725,17999,9500,437.4,414.3
5946,4,20260226,20251225,4,4,2,6,1,2,5,1353500,1340000,-13500,63,3030,5,4,2014,13550,0.024,32160,17688,0,438,423.2
5947,4,20260504,20260320,2,1,2,5,1,5,4,851000,827000,-24000,45,1940,3,2.5,2008,8950,0.0235,19435,10689,4000,237.8,407.6
5948,4,20261021,20260830,3,1,2,3,1,2,4,667000,650500,-16500,52,1910,3,2.5,1987,5100,0.026000000000000002,16913,9302,5250,464.5,402.5
5949,4,20260527,20260401,4,4,2,4,1,1,5,1374500,1413500,39000,56,3240,5,4,2021,11600,0.025,35338,19436,0,433.9,424
5950,4,20260519,20260401,4,4,2,3,5,5,5,1296000,1232500,-63500,48,2900,5,4,2021,12550,0.0265,32661,17964,0,444.6,434.5
5951,4,20260922,20260721,2,1,2,8,1,5,3,625000,628000,3000,63,1990,4,3.5,2009,8900,0.022,13816,7599,3000,241.7,409
5952,4,20260718,20260509,3,1,2,3,1,1,4,724500,702000,-22500,70,1730,3,2.5,1956,8450,0.026000000000000002,18252,10039,11500,470.8,402.2
5953,4,20260218,20251119,2,1,2,8,5,5,5,961500,927000,-34500,91,2190,3,2.5,2017,6650,0.024,22248,12236,8500,235.1,405.7
5954,4,20260301,20260104,2,1,1,3,5,2,5,963000,955000,-8000,56,1910,2,2,2003,5600,0.028,26740,14707,15250,242.3,412.3
5955,4,20261122,20260928,2,1,2,2,1,5,4,690000,660500,-29500,55,1880,3,2.5,2004,4500,0.027,17834,9809,0,225.9,407.6
5956,4,20260825,20260516,3,1,2,8,1,5,4,710500,727500,17000,101,1910,5,4,1996,6100,0.025,18188,10003,6500,455.9,379.6
5957,4,20260528,20260401,4,4,2,6,1,2,5,1357000,1331500,-25500,57,2980,4,3.5,2015,8900,0.03,39945,21970,21000,440.4,422.9
5958,4,20260330,20260214,3,1,1,6,1,1,4,713500,697000,-16500,44,2160,4,3.5,1982,6900,0.026000000000000002,18122,9967,4000,467.9,414.7
5959,4,20260126,20251206,2,1,2,4,1,4,4,855000,852500,-2500,51,2010,4,3.5,2005,8900,0.0265,22591,12425,0,235.5,411.6
5960,4,20260113,20251122,4,4,2,5,1,2,5,974000,1003500,29500,52,2220,4,3.5,2019,9650,0.027,27095,14902,0,449.9,426.7
5961,4,20261120,20260926,3,1,2,3,2,1,4,690000,681000,-9000,55,2010,3,2.5,2025,7000,0.029500000000000002,20090,11050,9250,469,389.7
5962,4,20260831,20260622,3,1,2,5,1,4,4,791500,781000,-10500,70,2190,4,3.5,2022,8550,0.024,18744,10309,0,461.6,401.9
5963,4,20260209,20251220,2,1,2,6,5,5,5,1106000,1053000,-53000,51,2790,4,3.5,2016,13200,0.0265,27905,15348,0,242.9,402.8
5964,4,20260113,20251105,2,1,2,9,6,5,5,1218000,1213500,-4500,69,3120,6,5,2014,10100,0.026000000000000002,31551,17353,0,231.5,413
5965,4,20260811,20260525,2,1,2,8,1,5,5,1264500,1309000,44500,78,2960,5,4,2018,14350,0.027,35343,19439,0,227,399.9
5966,4,20260423,20260305,4,4,2,6,2,5,5,1032500,1029000,-3500,49,2750,4,3.5,2015,13450,0.028,28812,15847,17000,440.2,425.3
5967,4,20260518,20260401,4,4,2,7,3,2,5,1035500,1017500,-18000,47,2540,3,2.5,2019,9400,0.025,25438,13991,0,441.9,423.5
5968,4,20261118,20260925,4,4,1,6,1,2,5,1191500,1176000,-15500,54,3240,5,4,2018,12900,0.0285,33516,18434,0,439.8,422.7
5969,4,20261113,20260912,4,4,2,7,1,2,5,1055000,1050500,-4500,62,2870,5,4,2015,12950,0.0235,24687,13578,0,444.9,432.2
5970,4,20260810,20260612,2,1,2,5,1,5,5,975000,974000,-1000,59,2340,3,2.5,2014,7850,0.026000000000000002,25324,13928,0,237.8,413.3
5971,4,20260402,20260101,3,1,1,6,1,1,4,746000,727500,-18500,91,1970,3,2.5,1957,6500,0.0285,20734,11404,0,459.7,402.3
5972,4,20260505,20260313,4,4,2,7,1,5,5,1332500,1355000,22500,53,3580,5,4,2020,17000,0.0225,30488,16768,0,440,427.7
5973,4,20260409,20260216,4,4,2,7,1,4,5,1563000,1454000,-109000,52,3650,6,5,2018,9700,0.025,36350,19993,0,436.9,422.8
5974,4,20261102,20260829,2,1,2,7,5,5,5,1003500,984000,-19500,65,2460,4,3.5,2001,7150,0.0235,23124,12718,0,244.9,414.1
5975,4,20260407,20260209,2,1,3,2,4,5,5,1178500,1194500,16000,57,2690,3,2.5,2023,11100,0.049,58531,32192,0,245.6,407.5
5976,4,20260305,20251221,2,1,2,7,3,4,4,870000,879000,9000,74,2660,4,3.5,2022,13150,0.028,24612,13537,0,236.1,410.6
5977,4,20260821,20260627,4,4,2,6,1,2,4,846500,810500,-36000,55,2200,4,3.5,2017,9450,0.0245,19857,10921,0,443.8,424.3
5978,4,20260214,20251226,2,1,1,8,2,5,5,987500,963000,-24500,50,3030,4,3.5,2018,9000,0.025,24075,13241,15500,230.6,416.6
5979,4,20260604,20260331,2,1,1,2,1,5,5,994500,961500,-33000,65,2260,3,2.5,2006,10650,0.0245,23557,12956,0,232.4,398.1
5980,4,20260325,20260111,4,4,1,6,1,5,5,1326500,1283000,-43500,73,2790,6,5,2016,8800,0.026000000000000002,33358,18347,18250,440.6,419.3
